pandal_id,pandal_name,region,source_year,latitude,longitude,nearest_metro,nearest_metro_distance_km,nearest_railway_station,popularity_score,expected_crowd_level,famous,family_friendly,best_time_to_visit,theme,description,image_url,metro_assignment_note,geocode_query,geocode_status,geocoded_display_name,geocode_source,coordinate_status,location_status,queries_attempted,google_maps_url,openstreetmap_url
1,Ahiritola Jubak Brinda Durga Puja,North Kolkata,2025,22.596201,88.358241,Shobhabazar Sutanuti,0.5,Kolkata Railway Station,9.1,High,True,True,22:00:00,Traditional Sabeki Protima & Cultural Bengal Heritage,"Famous Durga Puja celebration in North Kolkata, Kolkata featuring traditional rituals and vibrant community festivities.",https://images.pujapath.in/pandals/ahiritola_jubak_brinda_durga_puja.jpg,web-verified station address; locality-based assignment,"Ahiritola Jubak Brinda Durga Puja, North Kolkata, Kolkata, West Bengal, India",success,"Ahiritola Jubak Brinda Durga Puja, Ahiritola Jubak Brinda, North Kolkata, Kolkata, West Bengal, 700005, India",OpenStreetMap Nominatim,valid,verified,"Ahiritola Jubak Brinda Durga Puja, North Kolkata, Kolkata, West Bengal, India","https://www.google.com/maps/search/?api=1&query=22.596201,88.358241",https://www.openstreetmap.org/?mlat=22.596201&mlon=88.358241#map=17/22.596201/88.358241
2,Amherst Sarbojanin Durgotsab,North Kolkata,2025,22.584012,88.367345,Mahatma Gandhi Road,0.7,Howrah Junction,7.4,Low,False,True,16:00:00,Traditional Sabeki Protima & Cultural Bengal Heritage,"Famous Durga Puja celebration in North Kolkata, Kolkata featuring traditional rituals and vibrant community festivities.",https://images.pujapath.in/pandals/amherst_sarbojanin_durgotsab.jpg,web-verified station address; locality-based assignment,"Amherst Sarbojanin Durgotsab, North Kolkata, Kolkata, West Bengal, India",success,"Amherst Sarbojanin Durgotsab, Amherst Durgotsab, North Kolkata, Kolkata, West Bengal, 700007, India",OpenStreetMap Nominatim,valid,verified,"Amherst Sarbojanin Durgotsab, North Kolkata, Kolkata, West Bengal, India","https://www.google.com/maps/search/?api=1&query=22.584012,88.367345",https://www.openstreetmap.org/?mlat=22.584012&mlon=88.367345#map=17/22.584012/88.367345
3,Aswiningar Sarbojanin Durgotsav,North Kolkata,2025,22.612234,88.365123,Shyambazar,0.9,Kolkata Railway Station,7.5,Low,False,True,16:00:00,Traditional Sabeki Protima & Cultural Bengal Heritage,"Famous Durga Puja celebration in North Kolkata, Kolkata featuring traditional rituals and vibrant community festivities.",https://images.pujapath.in/pandals/aswiningar_sarbojanin_durgotsav.jpg,web-verified station address; locality-based assignment,"Aswiningar Sarbojanin Durgotsav, North Kolkata, Kolkata, West Bengal, India",success,"Aswiningar Sarbojanin Durgotsav, Aswiningar, North Kolkata, Kolkata, West Bengal, 700004, India",OpenStreetMap Nominatim,valid,verified,"Aswiningar Sarbojanin Durgotsav, North Kolkata, Kolkata, West Bengal, India","https://www.google.com/maps/search/?api=1&query=22.612234,88.365123",https://www.openstreetmap.org/?mlat=22.612234&mlon=88.365123#map=17/22.612234/88.365123
4,Baghbazar Palli Puja O Pradarshani,North Kolkata,2025,22.603345,88.366289,Shyambazar,1.1,Kolkata Railway Station,9.4,High,True,True,22:00:00,Traditional Sabeki Protima & Cultural Bengal Heritage,"Famous Durga Puja celebration in North Kolkata, Kolkata featuring traditional rituals and vibrant community festivities.",https://images.pujapath.in/pandals/baghbazar_palli_puja_o_pradarshani.jpg,web-verified station address; locality-based assignment,"Baghbazar Palli Puja O Pradarshani, North Kolkata, Kolkata, West Bengal, India",success,"Baghbazar Palli Puja O Pradarshani, Baghbazar Palli Puja O Pradarshani, North Kolkata, Kolkata, West Bengal, 700004, India",OpenStreetMap Nominatim,valid,verified,"Baghbazar Palli Puja O Pradarshani, North Kolkata, Kolkata, West Bengal, India","https://www.google.com/maps/search/?api=1&query=22.603345,88.366289",https://www.openstreetmap.org/?mlat=22.603345&mlon=88.366289#map=17/22.603345/88.366289
5,Bandhudal Durgotsob,North Kolkata,2025,22.603812,88.361534,Shyambazar,0.3,Kolkata Railway Station,7.7,Low,False,True,16:00:00,Traditional Sabeki Protima & Cultural Bengal Heritage,"Famous Durga Puja celebration in North Kolkata, Kolkata featuring traditional rituals and vibrant community festivities.",https://images.pujapath.in/pandals/bandhudal_durgotsob.jpg,web-verified station address; locality-based assignment,"Bandhudal Durgotsob, North Kolkata, Kolkata, West Bengal, India",success,"Bandhudal Durgotsob, Bandhudal Durgotsob, North Kolkata, Kolkata, West Bengal, 700004, India",OpenStreetMap Nominatim,valid,verified,"Bandhudal Durgotsob, North Kolkata, Kolkata, West Bengal, India","https://www.google.com/maps/search/?api=1&query=22.603812,88.361534",https://www.openstreetmap.org/?mlat=22.603812&mlon=88.361534#map=17/22.603812/88.361534
6,Beadon Street Sarbojanin Durgotsav,North Kolkata,2025,22.611623,88.371745,Shyambazar,0.5,Kolkata Railway Station,7.8,Low,False,True,16:00:00,Traditional Sabeki Protima & Cultural Bengal Heritage,"Famous Durga Puja celebration in North Kolkata, Kolkata featuring traditional rituals and vibrant community festivities.",https://images.pujapath.in/pandals/beadon_street_sarbojanin_durgotsav.jpg,web-verified station address; locality-based assignment,"Beadon Street Sarbojanin Durgotsav, North Kolkata, Kolkata, West Bengal, India",success,"Beadon Street Sarbojanin Durgotsav, Beadon Street, North Kolkata, Kolkata, West Bengal, 700004, India",OpenStreetMap Nominatim,valid,verified,"Beadon Street Sarbojanin Durgotsav, North Kolkata, Kolkata, West Bengal, India","https://www.google.com/maps/search/?api=1&query=22.611623,88.371745",https://www.openstreetmap.org/?mlat=22.611623&mlon=88.371745#map=17/22.611623/88.371745
7,Belgachia Sadharan Durgotsab,North Kolkata,2025,22.595412,88.381923,Shyambazar,0.7,Kolkata Railway Station,7.9,Low,False,True,16:00:00,Traditional Sabeki Protima & Cultural Bengal Heritage,"Famous Durga Puja celebration in North Kolkata, Kolkata featuring traditional rituals and vibrant community festivities.",https://images.pujapath.in/pandals/belgachia_sadharan_durgotsab.jpg,web-verified station address; locality-based assignment,"Belgachia Sadharan Durgotsab, North Kolkata, Kolkata, West Bengal, India",success,"Belgachia Sadharan Durgotsab, Belgachia Sadharan Durgotsab, North Kolkata, Kolkata, West Bengal, 700004, India",OpenStreetMap Nominatim,valid,verified,"Belgachia Sadharan Durgotsab, North Kolkata, Kolkata, West Bengal, India","https://www.google.com/maps/search/?api=1&query=22.595412,88.381923",https://www.openstreetmap.org/?mlat=22.595412&mlon=88.381923#map=17/22.595412/88.381923
8,Belgachia Yuba Sammilani Durga Puja,North Kolkata,2025,22.603234,88.368145,Shyambazar,0.9,Kolkata Railway Station,8.0,Moderate,False,True,16:00:00,Traditional Sabeki Protima & Cultural Bengal Heritage,"Famous Durga Puja celebration in North Kolkata, Kolkata featuring traditional rituals and vibrant community festivities.",https://images.pujapath.in/pandals/belgachia_yuba_sammilani_durga_puja.jpg,web-verified station address; locality-based assignment,"Belgachia Yuba Sammilani Durga Puja, North Kolkata, Kolkata, West Bengal, India",success,"Belgachia Yuba Sammilani Durga Puja, Belgachia Yuba Sammilani, North Kolkata, Kolkata, West Bengal, 700004, India",OpenStreetMap Nominatim,valid,verified,"Belgachia Yuba Sammilani Durga Puja, North Kolkata, Kolkata, West Bengal, India","https://www.google.com/maps/search/?api=1&query=22.603234,88.368145",https://www.openstreetmap.org/?mlat=22.603234&mlon=88.368145#map=17/22.603234/88.368145
9,Bhagabati Park Durga Puja Committee,North Kolkata,2025,22.611012,88.378323,Shyambazar,1.1,Kolkata Railway Station,8.1,Moderate,False,True,16:00:00,Traditional Sabeki Protima & Cultural Bengal Heritage,"Famous Durga Puja celebration in North Kolkata, Kolkata featuring traditional rituals and vibrant community festivities.",https://images.pujapath.in/pandals/bhagabati_park_durga_puja_committee.jpg,web-verified station address; locality-based assignment,"Bhagabati Park Durga Puja Committee, North Kolkata, Kolkata, West Bengal, India",success,"Bhagabati Park Durga Puja Committee, Bhagabati Park, North Kolkata, Kolkata, West Bengal, 700004, India",OpenStreetMap Nominatim,valid,verified,"Bhagabati Park Durga Puja Committee, North Kolkata, Kolkata, West Bengal, India","https://www.google.com/maps/search/?api=1&query=22.611012,88.378323",https://www.openstreetmap.org/?mlat=22.611012&mlon=88.378323#map=17/22.611012/88.378323
10,Bharatiya Tarun Sangha Durga Puja,North Kolkata,2025,22.594823,88.364534,Shyambazar,0.3,Kolkata Railway Station,8.2,Moderate,False,True,16:00:00,Traditional Sabeki Protima & Cultural Bengal Heritage,"Famous Durga Puja celebration in North Kolkata, Kolkata featuring traditional rituals and vibrant community festivities.",https://images.pujapath.in/pandals/bharatiya_tarun_sangha_durga_puja.jpg,web-verified station address; locality-based assignment,"Bharatiya Tarun Sangha Durga Puja, North Kolkata, Kolkata, West Bengal, India",success,"Bharatiya Tarun Sangha Durga Puja, Bharatiya Tarun Sangha, North Kolkata, Kolkata, West Bengal, 700004, India",OpenStreetMap Nominatim,valid,verified,"Bharatiya Tarun Sangha Durga Puja, North Kolkata, Kolkata, West Bengal, India","https://www.google.com/maps/search/?api=1&query=22.594823,88.364534",https://www.openstreetmap.org/?mlat=22.594823&mlon=88.364534#map=17/22.594823/88.364534
11,Brindaban Matri Mandir Durga Puja,North Kolkata,2025,22.602645,88.374712,Shyambazar,0.5,Kolkata Railway Station,8.3,Moderate,False,True,16:00:00,Traditional Sabeki Protima & Cultural Bengal Heritage,"Famous Durga Puja celebration in North Kolkata, Kolkata featuring traditional rituals and vibrant community festivities.",https://images.pujapath.in/pandals/brindaban_matri_mandir_durga_puja.jpg,web-verified station address; locality-based assignment,"Brindaban Matri Mandir Durga Puja, North Kolkata, Kolkata, West Bengal, India",success,"Brindaban Matri Mandir Durga Puja, Brindaban Matri Mandir, North Kolkata, Kolkata, West Bengal, 700004, India",OpenStreetMap Nominatim,valid,verified,"Brindaban Matri Mandir Durga Puja, North Kolkata, Kolkata, West Bengal, India","https://www.google.com/maps/search/?api=1&query=22.602645,88.374712",https://www.openstreetmap.org/?mlat=22.602645&mlon=88.374712#map=17/22.602645/88.374712
12,Calcutta Youth Forum,North Kolkata,2025,22.610412,88.360934,Shyambazar,0.7,Kolkata Railway Station,8.4,Moderate,False,True,16:00:00,Traditional Sabeki Protima & Cultural Bengal Heritage,"Famous Durga Puja celebration in North Kolkata, Kolkata featuring traditional rituals and vibrant community festivities.",https://images.pujapath.in/pandals/calcutta_youth_forum.jpg,web-verified station address; locality-based assignment,"Calcutta Youth Forum, North Kolkata, Kolkata, West Bengal, India",success,"Calcutta Youth Forum, Calcutta Youth Forum, North Kolkata, Kolkata, West Bengal, 700004, India",OpenStreetMap Nominatim,valid,verified,"Calcutta Youth Forum, North Kolkata, Kolkata, West Bengal, India","https://www.google.com/maps/search/?api=1&query=22.610412,88.360934",https://www.openstreetmap.org/?mlat=22.610412&mlon=88.360934#map=17/22.610412/88.360934
13,Campbagan Sadharan Durgotsav,North Kolkata,2025,22.594234,88.371123,Shyambazar,0.9,Kolkata Railway Station,8.5,Moderate,False,True,16:00:00,Traditional Sabeki Protima & Cultural Bengal Heritage,"Famous Durga Puja celebration in North Kolkata, Kolkata featuring traditional rituals and vibrant community festivities.",https://images.pujapath.in/pandals/campbagan_sadharan_durgotsav.jpg,web-verified station address; locality-based assignment,"Campbagan Sadharan Durgotsav, North Kolkata, Kolkata, West Bengal, India",success,"Campbagan Sadharan Durgotsav, Campbagan Sadharan, North Kolkata, Kolkata, West Bengal, 700004, India",OpenStreetMap Nominatim,valid,verified,"Campbagan Sadharan Durgotsav, North Kolkata, Kolkata, West Bengal, India","https://www.google.com/maps/search/?api=1&query=22.594234,88.371123",https://www.openstreetmap.org/?mlat=22.594234&mlon=88.371123#map=17/22.594234/88.371123
14,Chaltabagan Lohapatty Durga Puja,North Kolkata,2025,22.584123,88.369512,Girish Park,1.1,Kolkata Railway Station,9.4,High,True,True,22:00:00,Traditional Sabeki Protima & Cultural Bengal Heritage,"Famous Durga Puja celebration in North Kolkata, Kolkata featuring traditional rituals and vibrant community festivities.",https://images.pujapath.in/pandals/chaltabagan_lohapatty_durga_puja.jpg,web-verified station address; locality-based assignment,"Chaltabagan Lohapatty Durga Puja, North Kolkata, Kolkata, West Bengal, India",success,"Chaltabagan Lohapatty Durga Puja, Chaltabagan Lohapatty, North Kolkata, Kolkata, West Bengal, 700006, India",OpenStreetMap Nominatim,valid,verified,"Chaltabagan Lohapatty Durga Puja, North Kolkata, Kolkata, West Bengal, India","https://www.google.com/maps/search/?api=1&query=22.584123,88.369512",https://www.openstreetmap.org/?mlat=22.584123&mlon=88.369512#map=17/22.584123/88.369512
15,Chorebagan Sarbojanin Durgotsab Samity,North Kolkata,2025,22.609845,88.367523,Shyambazar,0.3,Kolkata Railway Station,7.2,Low,False,True,16:00:00,Traditional Sabeki Protima & Cultural Bengal Heritage,"Famous Durga Puja celebration in North Kolkata, Kolkata featuring traditional rituals and vibrant community festivities.",https://images.pujapath.in/pandals/chorebagan_sarbojanin_durgotsab_samity.jpg,web-verified station address; locality-based assignment,"Chorebagan Sarbojanin Durgotsab Samity, North Kolkata, Kolkata, West Bengal, India",success,"Chorebagan Sarbojanin Durgotsab Samity, Chorebagan Durgotsab Samity, North Kolkata, Kolkata, West Bengal, 700004, India",OpenStreetMap Nominatim,valid,verified,"Chorebagan Sarbojanin Durgotsab Samity, North Kolkata, Kolkata, West Bengal, India","https://www.google.com/maps/search/?api=1&query=22.609845,88.367523",https://www.openstreetmap.org/?mlat=22.609845&mlon=88.367523#map=17/22.609845/88.367523
16,Cossipore Shakti Sangha Durga Puja,North Kolkata,2025,22.593612,88.377734,Shyambazar,0.5,Kolkata Railway Station,7.3,Low,False,True,16:00:00,Traditional Sabeki Protima & Cultural Bengal Heritage,"Famous Durga Puja celebration in North Kolkata, Kolkata featuring traditional rituals and vibrant community festivities.",https://images.pujapath.in/pandals/cossipore_shakti_sangha_durga_puja.jpg,web-verified station address; locality-based assignment,"Cossipore Shakti Sangha Durga Puja, North Kolkata, Kolkata, West Bengal, India",success,"Cossipore Shakti Sangha Durga Puja, Cossipore Shakti Sangha, North Kolkata, Kolkata, West Bengal, 700004, India",OpenStreetMap Nominatim,valid,verified,"Cossipore Shakti Sangha Durga Puja, North Kolkata, Kolkata, West Bengal, India","https://www.google.com/maps/search/?api=1&query=22.593612,88.377734",https://www.openstreetmap.org/?mlat=22.593612&mlon=88.377734#map=17/22.593612/88.377734
17,Dakshin Rabindrapally Sarbojanin Durga Puja,North Kolkata,2025,22.601423,88.363945,Shyambazar,0.7,Kolkata Railway Station,7.4,Low,False,True,16:00:00,Traditional Sabeki Protima & Cultural Bengal Heritage,"Famous Durga Puja celebration in North Kolkata, Kolkata featuring traditional rituals and vibrant community festivities.",https://images.pujapath.in/pandals/dakshin_rabindrapally_sarbojanin_durga_puja.jpg,web-verified station address; locality-based assignment,"Dakshin Rabindrapally Sarbojanin Durga Puja, North Kolkata, Kolkata, West Bengal, India",success,"Dakshin Rabindrapally Sarbojanin Durga Puja, Dakshin Rabindrapally, North Kolkata, Kolkata, West Bengal, 700004, India",OpenStreetMap Nominatim,valid,verified,"Dakshin Rabindrapally Sarbojanin Durga Puja, North Kolkata, Kolkata, West Bengal, India","https://www.google.com/maps/search/?api=1&query=22.601423,88.363945",https://www.openstreetmap.org/?mlat=22.601423&mlon=88.363945#map=17/22.601423/88.363945
18,Darjeepara Sarbojanin Durgotsab Samity,North Kolkata,2025,22.609212,88.374123,Shyambazar,0.9,Kolkata Railway Station,7.5,Low,False,True,16:00:00,Traditional Sabeki Protima & Cultural Bengal Heritage,"Famous Durga Puja celebration in North Kolkata, Kolkata featuring traditional rituals and vibrant community festivities.",https://images.pujapath.in/pandals/darjeepara_sarbojanin_durgotsab_samity.jpg,web-verified station address; locality-based assignment,"Darjeepara Sarbojanin Durgotsab Samity, North Kolkata, Kolkata, West Bengal, India",success,"Darjeepara Sarbojanin Durgotsab Samity, Darjeepara Durgotsab Samity, North Kolkata, Kolkata, West Bengal, 700004, India",OpenStreetMap Nominatim,valid,verified,"Darjeepara Sarbojanin Durgotsab Samity, North Kolkata, Kolkata, West Bengal, India","https://www.google.com/maps/search/?api=1&query=22.609212,88.374123",https://www.openstreetmap.org/?mlat=22.609212&mlon=88.374123#map=17/22.609212/88.374123
19,Deshbandhunagar Sarbojanin Durgotsab,North Kolkata,2025,22.614734,88.368112,Dum Dum,1.1,Dum Dum Junction Railway Station,7.6,Low,False,True,16:00:00,Traditional Sabeki Protima & Cultural Bengal Heritage,"Famous Durga Puja celebration in North Kolkata, Kolkata featuring traditional rituals and vibrant community festivities.",https://images.pujapath.in/pandals/deshbandhunagar_sarbojanin_durgotsab.jpg,web-verified station address; locality-based assignment,"Deshbandhunagar Sarbojanin Durgotsab, North Kolkata, Kolkata, West Bengal, India",success,"Deshbandhunagar Sarbojanin Durgotsab, Deshbandhunagar Durgotsab, North Kolkata, Kolkata, West Bengal, 700055, India",OpenStreetMap Nominatim,valid,verified,"Deshbandhunagar Sarbojanin Durgotsab, North Kolkata, Kolkata, West Bengal, India","https://www.google.com/maps/search/?api=1&query=22.614734,88.368112",https://www.openstreetmap.org/?mlat=22.614734&mlon=88.368112#map=17/22.614734/88.368112
20,Dum Dum Park Bharat Chakra Durga Puja,North Kolkata,2025,22.610512,88.399234,Dum Dum,0.3,Dum Dum Junction Railway Station,9.0,High,True,True,22:00:00,Traditional Sabeki Protima & Cultural Bengal Heritage,"Famous Durga Puja celebration in North Kolkata, Kolkata featuring traditional rituals and vibrant community festivities.",https://images.pujapath.in/pandals/dum_dum_park_bharat_chakra_durga_puja.jpg,web-verified station address; locality-based assignment,"Dum Dum Park Bharat Chakra Durga Puja, North Kolkata, Kolkata, West Bengal, India",success,"Dum Dum Park Bharat Chakra Durga Puja, Dum Dum Park Bharat Chakra, North Kolkata, Kolkata, West Bengal, 700055, India",OpenStreetMap Nominatim,valid,verified,"Dum Dum Park Bharat Chakra Durga Puja, North Kolkata, Kolkata, West Bengal, India","https://www.google.com/maps/search/?api=1&query=22.610512,88.399234",https://www.openstreetmap.org/?mlat=22.610512&mlon=88.399234#map=17/22.610512/88.399234
21,Dum Dum Park Sarbojanin Durga Puja,North Kolkata,2025,22.630323,88.388545,Dum Dum,0.5,Dum Dum Junction Railway Station,7.8,Low,False,True,16:00:00,Traditional Sabeki Protima & Cultural Bengal Heritage,"Famous Durga Puja celebration in North Kolkata, Kolkata featuring traditional rituals and vibrant community festivities.",https://images.pujapath.in/pandals/dum_dum_park_sarbojanin_durga_puja.jpg,web-verified station address; locality-based assignment,"Dum Dum Park Sarbojanin Durga Puja, North Kolkata, Kolkata, West Bengal, India",success,"Dum Dum Park Sarbojanin Durga Puja, Dum Dum Park, North Kolkata, Kolkata, West Bengal, 700055, India",OpenStreetMap Nominatim,valid,verified,"Dum Dum Park Sarbojanin Durga Puja, North Kolkata, Kolkata, West Bengal, India","https://www.google.com/maps/search/?api=1&query=22.630323,88.388545",https://www.openstreetmap.org/?mlat=22.630323&mlon=88.388545#map=17/22.630323/88.388545
22,Goabagan Sarodatsav Sammilani Durga Puja,North Kolkata,2025,22.592412,88.366934,Shyambazar,0.7,Kolkata Railway Station,7.9,Low,False,True,16:00:00,Traditional Sabeki Protima & Cultural Bengal Heritage,"Famous Durga Puja celebration in North Kolkata, Kolkata featuring traditional rituals and vibrant community festivities.",https://images.pujapath.in/pandals/goabagan_sarodatsav_sammilani_durga_puja.jpg,web-verified station address; locality-based assignment,"Goabagan Sarodatsav Sammilani Durga Puja, North Kolkata, Kolkata, West Bengal, India",success,"Goabagan Sarodatsav Sammilani Durga Puja, Goabagan Sarodatsav Sammilani, North Kolkata, Kolkata, West Bengal, 700004, India",OpenStreetMap Nominatim,valid,verified,"Goabagan Sarodatsav Sammilani Durga Puja, North Kolkata, Kolkata, West Bengal, India","https://www.google.com/maps/search/?api=1&query=22.592412,88.366934",https://www.openstreetmap.org/?mlat=22.592412&mlon=88.366934#map=17/22.592412/88.366934
23,Golaghata Sammilani Durga Puja,North Kolkata,2025,22.600234,88.377123,Shyambazar,0.9,Kolkata Railway Station,8.0,Moderate,False,True,16:00:00,Traditional Sabeki Protima & Cultural Bengal Heritage,"Famous Durga Puja celebration in North Kolkata, Kolkata featuring traditional rituals and vibrant community festivities.",https://images.pujapath.in/pandals/golaghata_sammilani_durga_puja.jpg,web-verified station address; locality-based assignment,"Golaghata Sammilani Durga Puja, North Kolkata, Kolkata, West Bengal, India",success,"Golaghata Sammilani Durga Puja, Golaghata Sammilani, North Kolkata, Kolkata, West Bengal, 700004, India",OpenStreetMap Nominatim,valid,verified,"Golaghata Sammilani Durga Puja, North Kolkata, Kolkata, West Bengal, India","https://www.google.com/maps/search/?api=1&query=22.600234,88.377123",https://www.openstreetmap.org/?mlat=22.600234&mlon=88.377123#map=17/22.600234/88.377123
24,Grey Street Sarbojanin Durga Puja,North Kolkata,2025,22.608012,88.363345,Shyambazar,1.1,Kolkata Railway Station,8.1,Moderate,False,True,16:00:00,Traditional Sabeki Protima & Cultural Bengal Heritage,"Famous Durga Puja celebration in North Kolkata, Kolkata featuring traditional rituals and vibrant community festivities.",https://images.pujapath.in/pandals/grey_street_sarbojanin_durga_puja.jpg,web-verified station address; locality-based assignment,"Grey Street Sarbojanin Durga Puja, North Kolkata, Kolkata, West Bengal, India",success,"Grey Street Sarbojanin Durga Puja, Grey Street, North Kolkata, Kolkata, West Bengal, 700004, India",OpenStreetMap Nominatim,valid,verified,"Grey Street Sarbojanin Durga Puja, North Kolkata, Kolkata, West Bengal, India","https://www.google.com/maps/search/?api=1&query=22.608012,88.363345",https://www.openstreetmap.org/?mlat=22.608012&mlon=88.363345#map=17/22.608012/88.363345
25,Halsibagan Sarbojanin Durgotsab,North Kolkata,2025,22.591823,88.373512,Shyambazar,0.3,Kolkata Railway Station,8.2,Moderate,False,True,16:00:00,Traditional Sabeki Protima & Cultural Bengal Heritage,"Famous Durga Puja celebration in North Kolkata, Kolkata featuring traditional rituals and vibrant community festivities.",https://images.pujapath.in/pandals/halsibagan_sarbojanin_durgotsab.jpg,web-verified station address; locality-based assignment,"Halsibagan Sarbojanin Durgotsab, North Kolkata, Kolkata, West Bengal, India",success,"Halsibagan Sarbojanin Durgotsab, Halsibagan Durgotsab, North Kolkata, Kolkata, West Bengal, 700004, India",OpenStreetMap Nominatim,valid,verified,"Halsibagan Sarbojanin Durgotsab, North Kolkata, Kolkata, West Bengal, India","https://www.google.com/maps/search/?api=1&query=22.591823,88.373512",https://www.openstreetmap.org/?mlat=22.591823&mlon=88.373512#map=17/22.591823/88.373512
26,Hari Ghosh Street Sarbojanin,North Kolkata,2025,22.599645,88.359734,Shyambazar,0.5,Kolkata Railway Station,8.3,Moderate,False,True,16:00:00,Traditional Sabeki Protima & Cultural Bengal Heritage,"Famous Durga Puja celebration in North Kolkata, Kolkata featuring traditional rituals and vibrant community festivities.",https://images.pujapath.in/pandals/hari_ghosh_street_sarbojanin.jpg,web-verified station address; locality-based assignment,"Hari Ghosh Street Sarbojanin, North Kolkata, Kolkata, West Bengal, India",success,"Hari Ghosh Street Sarbojanin, Hari Ghosh Street, North Kolkata, Kolkata, West Bengal, 700004, India",OpenStreetMap Nominatim,valid,verified,"Hari Ghosh Street Sarbojanin, North Kolkata, Kolkata, West Bengal, India","https://www.google.com/maps/search/?api=1&query=22.599645,88.359734",https://www.openstreetmap.org/?mlat=22.599645&mlon=88.359734#map=17/22.599645/88.359734
27,Hatibagan Nabinpally Sarbojanin Durgotsav,North Kolkata,2025,22.607412,88.369923,Shyambazar,0.7,Kolkata Railway Station,8.4,Moderate,False,True,16:00:00,Traditional Sabeki Protima & Cultural Bengal Heritage,"Famous Durga Puja celebration in North Kolkata, Kolkata featuring traditional rituals and vibrant community festivities.",https://images.pujapath.in/pandals/hatibagan_nabinpally_sarbojanin_durgotsav.jpg,web-verified station address; locality-based assignment,"Hatibagan Nabinpally Sarbojanin Durgotsav, North Kolkata, Kolkata, West Bengal, India",success,"Hatibagan Nabinpally Sarbojanin Durgotsav, Hatibagan Nabinpally, North Kolkata, Kolkata, West Bengal, 700004, India",OpenStreetMap Nominatim,valid,verified,"Hatibagan Nabinpally Sarbojanin Durgotsav, North Kolkata, Kolkata, West Bengal, India","https://www.google.com/maps/search/?api=1&query=22.607412,88.369923",https://www.openstreetmap.org/?mlat=22.607412&mlon=88.369923#map=17/22.607412/88.369923
28,Jagat Mukherjee Park Durga Puja,North Kolkata,2025,22.598234,88.362145,Shobhabazar Sutanuti,0.9,Kolkata Railway Station,8.5,Moderate,False,True,16:00:00,Traditional Sabeki Protima & Cultural Bengal Heritage,"Famous Durga Puja celebration in North Kolkata, Kolkata featuring traditional rituals and vibrant community festivities.",https://images.pujapath.in/pandals/jagat_mukherjee_park_durga_puja.jpg,web-verified station address; locality-based assignment,"Jagat Mukherjee Park Durga Puja, North Kolkata, Kolkata, West Bengal, India",success,"Jagat Mukherjee Park Durga Puja, Jagat Mukherjee Park, North Kolkata, Kolkata, West Bengal, 700005, India",OpenStreetMap Nominatim,valid,verified,"Jagat Mukherjee Park Durga Puja, North Kolkata, Kolkata, West Bengal, India","https://www.google.com/maps/search/?api=1&query=22.598234,88.362145",https://www.openstreetmap.org/?mlat=22.598234&mlon=88.362145#map=17/22.598234/88.362145
29,Jokermath Sarbojonin Durga Puja,North Kolkata,2025,22.605212,88.372323,Shyambazar,1.1,Kolkata Railway Station,8.6,Moderate,False,True,16:00:00,Traditional Sabeki Protima & Cultural Bengal Heritage,"Famous Durga Puja celebration in North Kolkata, Kolkata featuring traditional rituals and vibrant community festivities.",https://images.pujapath.in/pandals/jokermath_sarbojonin_durga_puja.jpg,web-verified station address; locality-based assignment,"Jokermath Sarbojonin Durga Puja, North Kolkata, Kolkata, West Bengal, India",success,"Jokermath Sarbojonin Durga Puja, Jokermath Sarbojonin, North Kolkata, Kolkata, West Bengal, 700004, India",OpenStreetMap Nominatim,valid,verified,"Jokermath Sarbojonin Durga Puja, North Kolkata, Kolkata, West Bengal, India","https://www.google.com/maps/search/?api=1&query=22.605212,88.372323",https://www.openstreetmap.org/?mlat=22.605212&mlon=88.372323#map=17/22.605212/88.372323
30,Kailash Bose Street Durga Puja,North Kolkata,2025,22.589045,88.365512,Shyambazar,0.3,Kolkata Railway Station,7.2,Low,False,True,16:00:00,Traditional Sabeki Protima & Cultural Bengal Heritage,"Famous Durga Puja celebration in North Kolkata, Kolkata featuring traditional rituals and vibrant community festivities.",https://images.pujapath.in/pandals/kailash_bose_street_durga_puja.jpg,web-verified station address; locality-based assignment,"Kailash Bose Street Durga Puja, North Kolkata, Kolkata, West Bengal, India",success,"Kailash Bose Street Durga Puja, Kailash Bose Street, North Kolkata, Kolkata, West Bengal, 700004, India",OpenStreetMap Nominatim,valid,verified,"Kailash Bose Street Durga Puja, North Kolkata, Kolkata, West Bengal, India","https://www.google.com/maps/search/?api=1&query=22.589045,88.365512",https://www.openstreetmap.org/?mlat=22.589045&mlon=88.365512#map=17/22.589045/88.365512
31,Kankurgachi Sarbojanin Durgotsab,North Kolkata,2025,22.586823,88.375734,City Centre,0.5,Bidhannagar Road Railway Station,7.3,Low,False,True,16:00:00,Traditional Sabeki Protima & Cultural Bengal Heritage,"Famous Durga Puja celebration in North Kolkata, Kolkata featuring traditional rituals and vibrant community festivities.",https://images.pujapath.in/pandals/kankurgachi_sarbojanin_durgotsab.jpg,web-verified station address; locality-based assignment,"Kankurgachi Sarbojanin Durgotsab, North Kolkata, Kolkata, West Bengal, India",success,"Kankurgachi Sarbojanin Durgotsab, Kankurgachi Durgotsab, North Kolkata, Kolkata, West Bengal, 700064, India",OpenStreetMap Nominatim,valid,verified,"Kankurgachi Sarbojanin Durgotsab, North Kolkata, Kolkata, West Bengal, India","https://www.google.com/maps/search/?api=1&query=22.586823,88.375734",https://www.openstreetmap.org/?mlat=22.586823&mlon=88.375734#map=17/22.586823/88.375734
32,Kashi Bose Lane Durga Puja Committee,North Kolkata,2025,22.589234,88.368123,Girish Park,0.7,Kolkata Railway Station,9.2,High,True,True,22:00:00,Traditional Sabeki Protima & Cultural Bengal Heritage,"Famous Durga Puja celebration in North Kolkata, Kolkata featuring traditional rituals and vibrant community festivities.",https://images.pujapath.in/pandals/kashi_bose_lane_durga_puja_committee.jpg,web-verified station address; locality-based assignment,"Kashi Bose Lane Durga Puja Committee, North Kolkata, Kolkata, West Bengal, India",success,"Kashi Bose Lane Durga Puja Committee, Kashi Bose Lane, North Kolkata, Kolkata, West Bengal, 700006, India",OpenStreetMap Nominatim,valid,verified,"Kashi Bose Lane Durga Puja Committee, North Kolkata, Kolkata, West Bengal, India","https://www.google.com/maps/search/?api=1&query=22.589234,88.368123",https://www.openstreetmap.org/?mlat=22.589234&mlon=88.368123#map=17/22.589234/88.368123
33,Kumartuli Park Sarbojanin Durgotsab Committee,North Kolkata,2025,22.599512,88.360145,Shobhabazar Sutanuti,0.9,Kolkata Railway Station,9.3,High,True,True,22:00:00,Traditional Sabeki Protima & Cultural Bengal Heritage,"Famous Durga Puja celebration in North Kolkata, Kolkata featuring traditional rituals and vibrant community festivities.",https://images.pujapath.in/pandals/kumartuli_park_sarbojanin_durgotsab_committee.jpg,web-verified station address; locality-based assignment,"Kumartuli Park Sarbojanin Durgotsab Committee, North Kolkata, Kolkata, West Bengal, India",success,"Kumartuli Park Sarbojanin Durgotsab Committee, Kumartuli Park Durgotsab, North Kolkata, Kolkata, West Bengal, 700005, India",OpenStreetMap Nominatim,valid,verified,"Kumartuli Park Sarbojanin Durgotsab Committee, North Kolkata, Kolkata, West Bengal, India","https://www.google.com/maps/search/?api=1&query=22.599512,88.360145",https://www.openstreetmap.org/?mlat=22.599512&mlon=88.360145#map=17/22.599512/88.360145
34,Kumartuli Sarbojanin Durgotsab,North Kolkata,2025,22.598823,88.360534,Shobhabazar Sutanuti,1.1,Kolkata Railway Station,7.6,Low,False,True,16:00:00,Traditional Sabeki Protima & Cultural Bengal Heritage,"Famous Durga Puja celebration in North Kolkata, Kolkata featuring traditional rituals and vibrant community festivities.",https://images.pujapath.in/pandals/kumartuli_sarbojanin_durgotsab.jpg,web-verified station address; locality-based assignment,"Kumartuli Sarbojanin Durgotsab, North Kolkata, Kolkata, West Bengal, India",success,"Kumartuli Sarbojanin Durgotsab, Kumartuli Durgotsab, North Kolkata, Kolkata, West Bengal, 700005, India",OpenStreetMap Nominatim,valid,verified,"Kumartuli Sarbojanin Durgotsab, North Kolkata, Kolkata, West Bengal, India","https://www.google.com/maps/search/?api=1&query=22.598823,88.360534",https://www.openstreetmap.org/?mlat=22.598823&mlon=88.360534#map=17/22.598823/88.360534
35,Lake View Park Sarbojanin Durgotsav Samity,North Kolkata,2025,22.608245,88.370712,Shyambazar,0.3,Kolkata Railway Station,7.7,Low,False,True,16:00:00,Traditional Sabeki Protima & Cultural Bengal Heritage,"Famous Durga Puja celebration in North Kolkata, Kolkata featuring traditional rituals and vibrant community festivities.",https://images.pujapath.in/pandals/lake_view_park_sarbojanin_durgotsav_samity.jpg,web-verified station address; locality-based assignment,"Lake View Park Sarbojanin Durgotsav Samity, North Kolkata, Kolkata, West Bengal, India",success,"Lake View Park Sarbojanin Durgotsav Samity, Lake View Park Samity, North Kolkata, Kolkata, West Bengal, 700004, India",OpenStreetMap Nominatim,valid,verified,"Lake View Park Sarbojanin Durgotsav Samity, North Kolkata, Kolkata, West Bengal, India","https://www.google.com/maps/search/?api=1&query=22.608245,88.370712",https://www.openstreetmap.org/?mlat=22.608245&mlon=88.370712#map=17/22.608245/88.370712
36,Mahalla Sarbojanin Durgautsab Samity,North Kolkata,2025,22.592012,88.356934,Shyambazar,0.5,Kolkata Railway Station,7.8,Low,False,True,16:00:00,Traditional Sabeki Protima & Cultural Bengal Heritage,"Famous Durga Puja celebration in North Kolkata, Kolkata featuring traditional rituals and vibrant community festivities.",https://images.pujapath.in/pandals/mahalla_sarbojanin_durgautsab_samity.jpg,web-verified station address; locality-based assignment,"Mahalla Sarbojanin Durgautsab Samity, North Kolkata, Kolkata, West Bengal, India",success,"Mahalla Sarbojanin Durgautsab Samity, Mahalla Durgautsab Samity, North Kolkata, Kolkata, West Bengal, 700004, India",OpenStreetMap Nominatim,valid,verified,"Mahalla Sarbojanin Durgautsab Samity, North Kolkata, Kolkata, West Bengal, India","https://www.google.com/maps/search/?api=1&query=22.592012,88.356934",https://www.openstreetmap.org/?mlat=22.592012&mlon=88.356934#map=17/22.592012/88.356934
37,Mitali Kankurgachi Durga Puja,North Kolkata,2025,22.589834,88.367123,City Centre,0.7,Bidhannagar Road Railway Station,7.9,Low,False,True,16:00:00,Traditional Sabeki Protima & Cultural Bengal Heritage,"Famous Durga Puja celebration in North Kolkata, Kolkata featuring traditional rituals and vibrant community festivities.",https://images.pujapath.in/pandals/mitali_kankurgachi_durga_puja.jpg,web-verified station address; locality-based assignment,"Mitali Kankurgachi Durga Puja, North Kolkata, Kolkata, West Bengal, India",success,"Mitali Kankurgachi Durga Puja, Mitali Kankurgachi, North Kolkata, Kolkata, West Bengal, 700064, India",OpenStreetMap Nominatim,valid,verified,"Mitali Kankurgachi Durga Puja, North Kolkata, Kolkata, West Bengal, India","https://www.google.com/maps/search/?api=1&query=22.589834,88.367123",https://www.openstreetmap.org/?mlat=22.589834&mlon=88.367123#map=17/22.589834/88.367123
38,Nalin Sarkar Street Sarbojanin Durgotsab,North Kolkata,2025,22.597612,88.377345,Shyambazar,0.9,Kolkata Railway Station,8.0,Moderate,False,True,16:00:00,Traditional Sabeki Protima & Cultural Bengal Heritage,"Famous Durga Puja celebration in North Kolkata, Kolkata featuring traditional rituals and vibrant community festivities.",https://images.pujapath.in/pandals/nalin_sarkar_street_sarbojanin_durgotsab.jpg,web-verified station address; locality-based assignment,"Nalin Sarkar Street Sarbojanin Durgotsab, North Kolkata, Kolkata, West Bengal, India",success,"Nalin Sarkar Street Sarbojanin Durgotsab, Nalin Sarkar Street Durgotsab, North Kolkata, Kolkata, West Bengal, 700004, India",OpenStreetMap Nominatim,valid,verified,"Nalin Sarkar Street Sarbojanin Durgotsab, North Kolkata, Kolkata, West Bengal, India","https://www.google.com/maps/search/?api=1&query=22.597612,88.377345",https://www.openstreetmap.org/?mlat=22.597612&mlon=88.377345#map=17/22.597612/88.377345
39,Nimtala Sarbojanin Durgotsab,North Kolkata,2025,22.595434,88.355212,Shyambazar,1.1,Kolkata Railway Station,8.1,Moderate,False,True,16:00:00,Traditional Sabeki Protima & Cultural Bengal Heritage,"Famous Durga Puja celebration in North Kolkata, Kolkata featuring traditional rituals and vibrant community festivities.",https://images.pujapath.in/pandals/nimtala_sarbojanin_durgotsab.jpg,web-verified station address; locality-based assignment,"Nimtala Sarbojanin Durgotsab, North Kolkata, Kolkata, West Bengal, India",success,"Nimtala Sarbojanin Durgotsab, Nimtala Durgotsab, North Kolkata, Kolkata, West Bengal, 700004, India",OpenStreetMap Nominatim,valid,verified,"Nimtala Sarbojanin Durgotsab, North Kolkata, Kolkata, West Bengal, India","https://www.google.com/maps/search/?api=1&query=22.595434,88.355212",https://www.openstreetmap.org/?mlat=22.595434&mlon=88.355212#map=17/22.595434/88.355212
40,Sreebhumi Sporting Club Durga Puja,North Kolkata,2025,22.599723,88.397612,Shyambazar,0.3,Kolkata Railway Station,9.0,High,True,True,22:00:00,Traditional Sabeki Protima & Cultural Bengal Heritage,"Famous Durga Puja celebration in North Kolkata, Kolkata featuring traditional rituals and vibrant community festivities.",https://images.pujapath.in/pandals/sreebhumi_sporting_club_durga_puja.jpg,web-verified station address; locality-based assignment,"Sreebhumi Sporting Club Durga Puja, North Kolkata, Kolkata, West Bengal, India",success,"Sreebhumi Sporting Club Durga Puja, Sreebhumi Sporting, North Kolkata, Kolkata, West Bengal, 700004, India",OpenStreetMap Nominatim,valid,verified,"Sreebhumi Sporting Club Durga Puja, North Kolkata, Kolkata, West Bengal, India","https://www.google.com/maps/search/?api=1&query=22.599723,88.397612",https://www.openstreetmap.org/?mlat=22.599723&mlon=88.397612#map=17/22.599723/88.397612
41,Tala Barowari Durgotsab,North Kolkata,2025,22.607512,88.375234,Shyambazar,0.5,Kolkata Railway Station,9.1,High,True,True,22:00:00,Traditional Sabeki Protima & Cultural Bengal Heritage,"Famous Durga Puja celebration in North Kolkata, Kolkata featuring traditional rituals and vibrant community festivities.",https://images.pujapath.in/pandals/tala_barowari_durgotsab.jpg,web-verified station address; locality-based assignment,"Tala Barowari Durgotsab, North Kolkata, Kolkata, West Bengal, India",success,"Tala Barowari Durgotsab, Tala Barowari Durgotsab, North Kolkata, Kolkata, West Bengal, 700004, India",OpenStreetMap Nominatim,valid,verified,"Tala Barowari Durgotsab, North Kolkata, Kolkata, West Bengal, India","https://www.google.com/maps/search/?api=1&query=22.607512,88.375234",https://www.openstreetmap.org/?mlat=22.607512&mlon=88.375234#map=17/22.607512/88.375234
42,Tala Dakshin Pally Durgotsav Committee,North Kolkata,2025,22.606823,88.375612,Shyambazar,0.7,Kolkata Railway Station,8.4,Moderate,False,True,16:00:00,Traditional Sabeki Protima & Cultural Bengal Heritage,"Famous Durga Puja celebration in North Kolkata, Kolkata featuring traditional rituals and vibrant community festivities.",https://images.pujapath.in/pandals/tala_dakshin_pally_durgotsav_committee.jpg,web-verified station address; locality-based assignment,"Tala Dakshin Pally Durgotsav Committee, North Kolkata, Kolkata, West Bengal, India",success,"Tala Dakshin Pally Durgotsav Committee, Tala Dakshin Pally, North Kolkata, Kolkata, West Bengal, 700004, India",OpenStreetMap Nominatim,valid,verified,"Tala Dakshin Pally Durgotsav Committee, North Kolkata, Kolkata, West Bengal, India","https://www.google.com/maps/search/?api=1&query=22.606823,88.375612",https://www.openstreetmap.org/?mlat=22.606823&mlon=88.375612#map=17/22.606823/88.375612
43,Tala Park 15 Pally Durga Puja,North Kolkata,2025,22.607145,88.374934,Shyambazar,0.9,Kolkata Railway Station,8.5,Moderate,False,True,16:00:00,Traditional Sabeki Protima & Cultural Bengal Heritage,"Famous Durga Puja celebration in North Kolkata, Kolkata featuring traditional rituals and vibrant community festivities.",https://images.pujapath.in/pandals/tala_park_15_pally_durga_puja.jpg,web-verified station address; locality-based assignment,"Tala Park 15 Pally Durga Puja, North Kolkata, Kolkata, West Bengal, India",success,"Tala Park 15 Pally Durga Puja, Tala Park 15 Pally, North Kolkata, Kolkata, West Bengal, 700004, India",OpenStreetMap Nominatim,valid,verified,"Tala Park 15 Pally Durga Puja, North Kolkata, Kolkata, West Bengal, India","https://www.google.com/maps/search/?api=1&query=22.607145,88.374934",https://www.openstreetmap.org/?mlat=22.607145&mlon=88.374934#map=17/22.607145/88.374934
44,Telengabagan Sarbojanin Durgotsab,North Kolkata,2025,22.593212,88.382123,Shyambazar,1.1,Kolkata Railway Station,9.4,High,True,True,22:00:00,Traditional Sabeki Protima & Cultural Bengal Heritage,"Famous Durga Puja celebration in North Kolkata, Kolkata featuring traditional rituals and vibrant community festivities.",https://images.pujapath.in/pandals/telengabagan_sarbojanin_durgotsab.jpg,web-verified station address; locality-based assignment,"Telengabagan Sarbojanin Durgotsab, North Kolkata, Kolkata, West Bengal, India",success,"Telengabagan Sarbojanin Durgotsab, Telengabagan Durgotsab, North Kolkata, Kolkata, West Bengal, 700004, India",OpenStreetMap Nominatim,valid,verified,"Telengabagan Sarbojanin Durgotsab, North Kolkata, Kolkata, West Bengal, India","https://www.google.com/maps/search/?api=1&query=22.593212,88.382123",https://www.openstreetmap.org/?mlat=22.593212&mlon=88.382123#map=17/22.593212/88.382123
45,Ultadanga Jagarani Sangha Durga Puja,North Kolkata,2025,22.592534,88.382512,Shyambazar,0.3,Kolkata Railway Station,7.2,Low,False,True,16:00:00,Traditional Sabeki Protima & Cultural Bengal Heritage,"Famous Durga Puja celebration in North Kolkata, Kolkata featuring traditional rituals and vibrant community festivities.",https://images.pujapath.in/pandals/ultadanga_jagarani_sangha_durga_puja.jpg,web-verified station address; locality-based assignment,"Ultadanga Jagarani Sangha Durga Puja, North Kolkata, Kolkata, West Bengal, India",success,"Ultadanga Jagarani Sangha Durga Puja, Ultadanga Jagarani Sangha, North Kolkata, Kolkata, West Bengal, 700004, India",OpenStreetMap Nominatim,valid,verified,"Ultadanga Jagarani Sangha Durga Puja, North Kolkata, Kolkata, West Bengal, India","https://www.google.com/maps/search/?api=1&query=22.592534,88.382512",https://www.openstreetmap.org/?mlat=22.592534&mlon=88.382512#map=17/22.592534/88.382512
46,Ultadanga Pallyshree Durga Puja,North Kolkata,2025,22.592812,88.381834,Shyambazar,0.5,Kolkata Railway Station,7.3,Low,False,True,16:00:00,Traditional Sabeki Protima & Cultural Bengal Heritage,"Famous Durga Puja celebration in North Kolkata, Kolkata featuring traditional rituals and vibrant community festivities.",https://images.pujapath.in/pandals/ultadanga_pallyshree_durga_puja.jpg,web-verified station address; locality-based assignment,"Ultadanga Pallyshree Durga Puja, North Kolkata, Kolkata, West Bengal, India",success,"Ultadanga Pallyshree Durga Puja, Ultadanga Pallyshree, North Kolkata, Kolkata, West Bengal, 700004, India",OpenStreetMap Nominatim,valid,verified,"Ultadanga Pallyshree Durga Puja, North Kolkata, Kolkata, West Bengal, India","https://www.google.com/maps/search/?api=1&query=22.592812,88.381834",https://www.openstreetmap.org/?mlat=22.592812&mlon=88.381834#map=17/22.592812/88.381834
47,Ultadanga Sangrami Durga Puja,North Kolkata,2025,22.593045,88.382212,Shyambazar,0.7,Kolkata Railway Station,7.4,Low,False,True,16:00:00,Traditional Sabeki Protima & Cultural Bengal Heritage,"Famous Durga Puja celebration in North Kolkata, Kolkata featuring traditional rituals and vibrant community festivities.",https://images.pujapath.in/pandals/ultadanga_sangrami_durga_puja.jpg,web-verified station address; locality-based assignment,"Ultadanga Sangrami Durga Puja, North Kolkata, Kolkata, West Bengal, India",success,"Ultadanga Sangrami Durga Puja, Ultadanga Sangrami, North Kolkata, Kolkata, West Bengal, 700004, India",OpenStreetMap Nominatim,valid,verified,"Ultadanga Sangrami Durga Puja, North Kolkata, Kolkata, West Bengal, India","https://www.google.com/maps/search/?api=1&query=22.593045,88.382212",https://www.openstreetmap.org/?mlat=22.593045&mlon=88.382212#map=17/22.593045/88.382212
48,Young Citizens Club Durga Puja,North Kolkata,2025,22.598623,88.372434,Shyambazar,0.9,Kolkata Railway Station,7.5,Low,False,True,16:00:00,Traditional Sabeki Protima & Cultural Bengal Heritage,"Famous Durga Puja celebration in North Kolkata, Kolkata featuring traditional rituals and vibrant community festivities.",https://images.pujapath.in/pandals/young_citizens_club_durga_puja.jpg,web-verified station address; locality-based assignment,"Young Citizens Club Durga Puja, North Kolkata, Kolkata, West Bengal, India",success,"Young Citizens Club Durga Puja, Young Citizens, North Kolkata, Kolkata, West Bengal, 700004, India",OpenStreetMap Nominatim,valid,verified,"Young Citizens Club Durga Puja, North Kolkata, Kolkata, West Bengal, India","https://www.google.com/maps/search/?api=1&query=22.598623,88.372434",https://www.openstreetmap.org/?mlat=22.598623&mlon=88.372434#map=17/22.598623/88.372434
49,21 Pally Sarbojanin Durgotsab Samiti,South Kolkata,2025,22.528012,88.349023,Kalighat,1.1,Ballygunge Junction,7.6,Low,False,True,16:00:00,Traditional Sabeki Protima & Cultural Bengal Heritage,"Famous Durga Puja celebration in South Kolkata, Kolkata featuring traditional rituals and vibrant community festivities.",https://images.pujapath.in/pandals/21_pally_sarbojanin_durgotsab_samiti.jpg,web-verified station address; locality-based assignment,"21 Pally Sarbojanin Durgotsab Samiti, South Kolkata, Kolkata, West Bengal, India",success,"21 Pally Sarbojanin Durgotsab Samiti, 21 Pally Durgotsab Samiti, South Kolkata, Kolkata, West Bengal, 700026, India",OpenStreetMap Nominatim,valid,verified,"21 Pally Sarbojanin Durgotsab Samiti, South Kolkata, Kolkata, West Bengal, India","https://www.google.com/maps/search/?api=1&query=22.528012,88.349023",https://www.openstreetmap.org/?mlat=22.528012&mlon=88.349023#map=17/22.528012/88.349023
50,22 Palli Sarodotsav,South Kolkata,2025,22.527334,88.349412,Kalighat,0.3,Ballygunge Junction,7.7,Low,False,True,16:00:00,Traditional Sabeki Protima & Cultural Bengal Heritage,"Famous Durga Puja celebration in South Kolkata, Kolkata featuring traditional rituals and vibrant community festivities.",https://images.pujapath.in/pandals/22_palli_sarodotsav.jpg,web-verified station address; locality-based assignment,"22 Palli Sarodotsav, South Kolkata, Kolkata, West Bengal, India",success,"22 Palli Sarodotsav, 22 Palli Sarodotsav, South Kolkata, Kolkata, West Bengal, 700026, India",OpenStreetMap Nominatim,valid,verified,"22 Palli Sarodotsav, South Kolkata, Kolkata, West Bengal, India","https://www.google.com/maps/search/?api=1&query=22.527334,88.349412",https://www.openstreetmap.org/?mlat=22.527334&mlon=88.349412#map=17/22.527334/88.349412
51,25 Pally Durga Puja,South Kolkata,2025,22.526645,88.348734,Kalighat,0.5,Ballygunge Junction,7.8,Low,False,True,16:00:00,Traditional Sabeki Protima & Cultural Bengal Heritage,"Famous Durga Puja celebration in South Kolkata, Kolkata featuring traditional rituals and vibrant community festivities.",https://images.pujapath.in/pandals/25_pally_durga_puja.jpg,web-verified station address; locality-based assignment,"25 Pally Durga Puja, South Kolkata, Kolkata, West Bengal, India",success,"25 Pally Durga Puja, 25 Pally, South Kolkata, Kolkata, West Bengal, 700026, India",OpenStreetMap Nominatim,valid,verified,"25 Pally Durga Puja, South Kolkata, Kolkata, West Bengal, India","https://www.google.com/maps/search/?api=1&query=22.526645,88.348734",https://www.openstreetmap.org/?mlat=22.526645&mlon=88.348734#map=17/22.526645/88.348734
52,64 Pally Durgotsab Committee,South Kolkata,2025,22.521012,88.347023,Kalighat,0.7,Ballygunge Junction,7.9,Low,False,True,16:00:00,Traditional Sabeki Protima & Cultural Bengal Heritage,"Famous Durga Puja celebration in South Kolkata, Kolkata featuring traditional rituals and vibrant community festivities.",https://images.pujapath.in/pandals/64_pally_durgotsab_committee.jpg,web-verified station address; locality-based assignment,"64 Pally Durgotsab Committee, South Kolkata, Kolkata, West Bengal, India",success,"64 Pally Durgotsab Committee, 64 Pally Durgotsab, South Kolkata, Kolkata, West Bengal, 700026, India",OpenStreetMap Nominatim,valid,verified,"64 Pally Durgotsab Committee, South Kolkata, Kolkata, West Bengal, India","https://www.google.com/maps/search/?api=1&query=22.521012,88.347023",https://www.openstreetmap.org/?mlat=22.521012&mlon=88.347023#map=17/22.521012/88.347023
53,66 Pally Sarbojanin Durgotsab Committee,South Kolkata,2025,22.520712,88.346934,Kalighat,0.9,Ballygunge Junction,9.3,High,True,True,22:00:00,Traditional Sabeki Protima & Cultural Bengal Heritage,"Famous Durga Puja celebration in South Kolkata, Kolkata featuring traditional rituals and vibrant community festivities.",https://images.pujapath.in/pandals/66_pally_sarbojanin_durgotsab_committee.jpg,web-verified station address; locality-based assignment,"66 Pally Sarbojanin Durgotsab Committee, South Kolkata, Kolkata, West Bengal, India",success,"66 Pally Sarbojanin Durgotsab Committee, 66 Pally Durgotsab, South Kolkata, Kolkata, West Bengal, 700026, India",OpenStreetMap Nominatim,valid,verified,"66 Pally Sarbojanin Durgotsab Committee, South Kolkata, Kolkata, West Bengal, India","https://www.google.com/maps/search/?api=1&query=22.520712,88.346934",https://www.openstreetmap.org/?mlat=22.520712&mlon=88.346934#map=17/22.520712/88.346934
54,70 Pally Sarbojanin Durga Puja,South Kolkata,2025,22.521434,88.346312,Kalighat,1.1,Ballygunge Junction,8.1,Moderate,False,True,16:00:00,Traditional Sabeki Protima & Cultural Bengal Heritage,"Famous Durga Puja celebration in South Kolkata, Kolkata featuring traditional rituals and vibrant community festivities.",https://images.pujapath.in/pandals/70_pally_sarbojanin_durga_puja.jpg,web-verified station address; locality-based assignment,"70 Pally Sarbojanin Durga Puja, South Kolkata, Kolkata, West Bengal, India",success,"70 Pally Sarbojanin Durga Puja, 70 Pally, South Kolkata, Kolkata, West Bengal, 700026, India",OpenStreetMap Nominatim,valid,verified,"70 Pally Sarbojanin Durga Puja, South Kolkata, Kolkata, West Bengal, India","https://www.google.com/maps/search/?api=1&query=22.521434,88.346312",https://www.openstreetmap.org/?mlat=22.521434&mlon=88.346312#map=17/22.521434/88.346312
55,95 Pally Jodhpur Park Durga Puja,South Kolkata,2025,22.502812,88.365023,Rabindra Sarobar,0.3,Tollygunge Railway Station,9.5,Extremely High,True,True,02:00:00,Traditional Sabeki Protima & Cultural Bengal Heritage,"Famous Durga Puja celebration in South Kolkata, Kolkata featuring traditional rituals and vibrant community festivities.",https://images.pujapath.in/pandals/95_pally_jodhpur_park_durga_puja.jpg,web-verified station address; locality-based assignment,"95 Pally Jodhpur Park Durga Puja, South Kolkata, Kolkata, West Bengal, India",success,"95 Pally Jodhpur Park Durga Puja, 95 Pally Jodhpur Park, South Kolkata, Kolkata, West Bengal, 700029, India",OpenStreetMap Nominatim,valid,verified,"95 Pally Jodhpur Park Durga Puja, South Kolkata, Kolkata, West Bengal, India","https://www.google.com/maps/search/?api=1&query=22.502812,88.365023",https://www.openstreetmap.org/?mlat=22.502812&mlon=88.365023#map=17/22.502812/88.365023
56,Abasar Sarbojanin Durgotsab Committee,South Kolkata,2025,22.525034,88.345012,Kalighat,0.5,Ballygunge Junction,8.3,Moderate,False,True,16:00:00,Traditional Sabeki Protima & Cultural Bengal Heritage,"Famous Durga Puja celebration in South Kolkata, Kolkata featuring traditional rituals and vibrant community festivities.",https://images.pujapath.in/pandals/abasar_sarbojanin_durgotsab_committee.jpg,web-verified station address; locality-based assignment,"Abasar Sarbojanin Durgotsab Committee, South Kolkata, Kolkata, West Bengal, India",success,"Abasar Sarbojanin Durgotsab Committee, Abasar Durgotsab, South Kolkata, Kolkata, West Bengal, 700026, India",OpenStreetMap Nominatim,valid,verified,"Abasar Sarbojanin Durgotsab Committee, South Kolkata, Kolkata, West Bengal, India","https://www.google.com/maps/search/?api=1&query=22.525034,88.345012",https://www.openstreetmap.org/?mlat=22.525034&mlon=88.345012#map=17/22.525034/88.345012
57,Abasorika Durgotsav Committee,South Kolkata,2025,22.524312,88.345434,Kalighat,0.7,Ballygunge Junction,8.4,Moderate,False,True,16:00:00,Traditional Sabeki Protima & Cultural Bengal Heritage,"Famous Durga Puja celebration in South Kolkata, Kolkata featuring traditional rituals and vibrant community festivities.",https://images.pujapath.in/pandals/abasorika_durgotsav_committee.jpg,web-verified station address; locality-based assignment,"Abasorika Durgotsav Committee, South Kolkata, Kolkata, West Bengal, India",success,"Abasorika Durgotsav Committee, Abasorika, South Kolkata, Kolkata, West Bengal, 700026, India",OpenStreetMap Nominatim,valid,verified,"Abasorika Durgotsav Committee, South Kolkata, Kolkata, West Bengal, India","https://www.google.com/maps/search/?api=1&query=22.524312,88.345434",https://www.openstreetmap.org/?mlat=22.524312&mlon=88.345434#map=17/22.524312/88.345434
58,Adi Ballygunge Sarbojanin Durga Puja,South Kolkata,2025,22.521823,88.363012,Kalighat,0.9,Ballygunge Junction,8.5,Moderate,False,True,16:00:00,Traditional Sabeki Protima & Cultural Bengal Heritage,"Famous Durga Puja celebration in South Kolkata, Kolkata featuring traditional rituals and vibrant community festivities.",https://images.pujapath.in/pandals/adi_ballygunge_sarbojanin_durga_puja.jpg,web-verified station address; locality-based assignment,"Adi Ballygunge Sarbojanin Durga Puja, South Kolkata, Kolkata, West Bengal, India",success,"Adi Ballygunge Sarbojanin Durga Puja, Adi Ballygunge, South Kolkata, Kolkata, West Bengal, 700026, India",OpenStreetMap Nominatim,valid,verified,"Adi Ballygunge Sarbojanin Durga Puja, South Kolkata, Kolkata, West Bengal, India","https://www.google.com/maps/search/?api=1&query=22.521823,88.363012",https://www.openstreetmap.org/?mlat=22.521823&mlon=88.363012#map=17/22.521823/88.363012
59,Adi Dakshin Kalikata Barowari Samittee,South Kolkata,2025,22.519045,88.344023,Netaji Bhavan,1.1,Ballygunge Junction,8.6,Moderate,False,True,16:00:00,Traditional Sabeki Protima & Cultural Bengal Heritage,"Famous Durga Puja celebration in South Kolkata, Kolkata featuring traditional rituals and vibrant community festivities.",https://images.pujapath.in/pandals/adi_dakshin_kalikata_barowari_samittee.jpg,web-verified station address; locality-based assignment,"Adi Dakshin Kalikata Barowari Samittee, South Kolkata, Kolkata, West Bengal, India",success,"Adi Dakshin Kalikata Barowari Samittee, Adi Dakshin Kalikata Barowari Samittee, South Kolkata, Kolkata, West Bengal, 700025, India",OpenStreetMap Nominatim,valid,verified,"Adi Dakshin Kalikata Barowari Samittee, South Kolkata, Kolkata, West Bengal, India","https://www.google.com/maps/search/?api=1&query=22.519045,88.344023",https://www.openstreetmap.org/?mlat=22.519045&mlon=88.344023#map=17/22.519045/88.344023
60,Agradut Udaya Sangha Durga Puja,South Kolkata,2025,22.518312,88.344412,Kalighat,0.3,Ballygunge Junction,7.2,Low,False,True,16:00:00,Traditional Sabeki Protima & Cultural Bengal Heritage,"Famous Durga Puja celebration in South Kolkata, Kolkata featuring traditional rituals and vibrant community festivities.",https://images.pujapath.in/pandals/agradut_udaya_sangha_durga_puja.jpg,web-verified station address; locality-based assignment,"Agradut Udaya Sangha Durga Puja, South Kolkata, Kolkata, West Bengal, India",success,"Agradut Udaya Sangha Durga Puja, Agradut Udaya Sangha, South Kolkata, Kolkata, West Bengal, 700026, India",OpenStreetMap Nominatim,valid,verified,"Agradut Udaya Sangha Durga Puja, South Kolkata, Kolkata, West Bengal, India","https://www.google.com/maps/search/?api=1&query=22.518312,88.344412",https://www.openstreetmap.org/?mlat=22.518312&mlon=88.344412#map=17/22.518312/88.344412
61,Arunodaya Adhibashi Brinder Durga Puja,South Kolkata,2025,22.517634,88.343734,Kalighat,0.5,Ballygunge Junction,7.3,Low,False,True,16:00:00,Traditional Sabeki Protima & Cultural Bengal Heritage,"Famous Durga Puja celebration in South Kolkata, Kolkata featuring traditional rituals and vibrant community festivities.",https://images.pujapath.in/pandals/arunodaya_adhibashi_brinder_durga_puja.jpg,web-verified station address; locality-based assignment,"Arunodaya Adhibashi Brinder Durga Puja, South Kolkata, Kolkata, West Bengal, India",success,"Arunodaya Adhibashi Brinder Durga Puja, Arunodaya Adhibashi Brinder, South Kolkata, Kolkata, West Bengal, 700026, India",OpenStreetMap Nominatim,valid,verified,"Arunodaya Adhibashi Brinder Durga Puja, South Kolkata, Kolkata, West Bengal, India","https://www.google.com/maps/search/?api=1&query=22.517634,88.343734",https://www.openstreetmap.org/?mlat=22.517634&mlon=88.343734#map=17/22.517634/88.343734
62,Babu Bagan Durga Puja,South Kolkata,2025,22.504012,88.367023,Kalighat,0.7,Ballygunge Junction,9.2,High,True,True,22:00:00,Traditional Sabeki Protima & Cultural Bengal Heritage,"Famous Durga Puja celebration in South Kolkata, Kolkata featuring traditional rituals and vibrant community festivities.",https://images.pujapath.in/pandals/babu_bagan_durga_puja.jpg,web-verified station address; locality-based assignment,"Babu Bagan Durga Puja, South Kolkata, Kolkata, West Bengal, India",success,"Babu Bagan Durga Puja, Babu Bagan, South Kolkata, Kolkata, West Bengal, 700026, India",OpenStreetMap Nominatim,valid,verified,"Babu Bagan Durga Puja, South Kolkata, Kolkata, West Bengal, India","https://www.google.com/maps/search/?api=1&query=22.504012,88.367023",https://www.openstreetmap.org/?mlat=22.504012&mlon=88.367023#map=17/22.504012/88.367023
63,Badamtala Ashar Sangha Durga Puja,South Kolkata,2025,22.520423,88.347812,Kalighat,0.9,Ballygunge Junction,9.3,High,True,True,22:00:00,Traditional Sabeki Protima & Cultural Bengal Heritage,"Famous Durga Puja celebration in South Kolkata, Kolkata featuring traditional rituals and vibrant community festivities.",https://images.pujapath.in/pandals/badamtala_ashar_sangha_durga_puja.jpg,web-verified station address; locality-based assignment,"Badamtala Ashar Sangha Durga Puja, South Kolkata, Kolkata, West Bengal, India",success,"Badamtala Ashar Sangha Durga Puja, Badamtala Ashar Sangha, South Kolkata, Kolkata, West Bengal, 700026, India",OpenStreetMap Nominatim,valid,verified,"Badamtala Ashar Sangha Durga Puja, South Kolkata, Kolkata, West Bengal, India","https://www.google.com/maps/search/?api=1&query=22.520423,88.347812",https://www.openstreetmap.org/?mlat=22.520423&mlon=88.347812#map=17/22.520423/88.347812
64,Baghajatin B and C Block Durgotsav Committee,South Kolkata,2025,22.485012,88.369023,Masterda Surya Sen,1.1,Garia Railway Station,7.6,Low,False,True,16:00:00,Traditional Sabeki Protima & Cultural Bengal Heritage,"Famous Durga Puja celebration in South Kolkata, Kolkata featuring traditional rituals and vibrant community festivities.",https://images.pujapath.in/pandals/baghajatin_b_and_c_block_durgotsav_committee.jpg,web-verified station address; locality-based assignment,"Baghajatin B and C Block Durgotsav Committee, South Kolkata, Kolkata, West Bengal, India",success,"Baghajatin B and C Block Durgotsav Committee, Baghajatin B and C Block, South Kolkata, Kolkata, West Bengal, 700047, India",OpenStreetMap Nominatim,valid,verified,"Baghajatin B and C Block Durgotsav Committee, South Kolkata, Kolkata, West Bengal, India","https://www.google.com/maps/search/?api=1&query=22.485012,88.369023",https://www.openstreetmap.org/?mlat=22.485012&mlon=88.369023#map=17/22.485012/88.369023
65,Baghajatin Tarun Sangha Durgotsav,South Kolkata,2025,22.484334,88.369412,Masterda Surya Sen,0.3,Garia Railway Station,7.7,Low,False,True,16:00:00,Traditional Sabeki Protima & Cultural Bengal Heritage,"Famous Durga Puja celebration in South Kolkata, Kolkata featuring traditional rituals and vibrant community festivities.",https://images.pujapath.in/pandals/baghajatin_tarun_sangha_durgotsav.jpg,web-verified station address; locality-based assignment,"Baghajatin Tarun Sangha Durgotsav, South Kolkata, Kolkata, West Bengal, India",success,"Baghajatin Tarun Sangha Durgotsav, Baghajatin Tarun Sangha, South Kolkata, Kolkata, West Bengal, 700047, India",OpenStreetMap Nominatim,valid,verified,"Baghajatin Tarun Sangha Durgotsav, South Kolkata, Kolkata, West Bengal, India","https://www.google.com/maps/search/?api=1&query=22.484334,88.369412",https://www.openstreetmap.org/?mlat=22.484334&mlon=88.369412#map=17/22.484334/88.369412
66,Baishnabghata Paschimpara Sarbojanin Durgotsab,South Kolkata,2025,22.476012,88.371023,Kalighat,0.5,Ballygunge Junction,7.8,Low,False,True,16:00:00,Traditional Sabeki Protima & Cultural Bengal Heritage,"Famous Durga Puja celebration in South Kolkata, Kolkata featuring traditional rituals and vibrant community festivities.",https://images.pujapath.in/pandals/baishnabghata_paschimpara_sarbojanin_durgotsab.jpg,web-verified station address; locality-based assignment,"Baishnabghata Paschimpara Sarbojanin Durgotsab, South Kolkata, Kolkata, West Bengal, India",success,"Baishnabghata Paschimpara Sarbojanin Durgotsab, Baishnabghata Paschimpara Durgotsab, South Kolkata, Kolkata, West Bengal, 700026, India",OpenStreetMap Nominatim,valid,verified,"Baishnabghata Paschimpara Sarbojanin Durgotsab, South Kolkata, Kolkata, West Bengal, India","https://www.google.com/maps/search/?api=1&query=22.476012,88.371023",https://www.openstreetmap.org/?mlat=22.476012&mlon=88.371023#map=17/22.476012/88.371023
67,Ballygunge Cultural Association Durga Puja,South Kolkata,2025,22.519823,88.364012,Kalighat,0.7,Ballygunge Junction,9.7,Extremely High,True,True,02:00:00,Traditional Sabeki Protima & Cultural Bengal Heritage,"Famous Durga Puja celebration in South Kolkata, Kolkata featuring traditional rituals and vibrant community festivities.",https://images.pujapath.in/pandals/ballygunge_cultural_association_durga_puja.jpg,web-verified station address; locality-based assignment,"Ballygunge Cultural Association Durga Puja, South Kolkata, Kolkata, West Bengal, India",success,"Ballygunge Cultural Association Durga Puja, Ballygunge Cultural Association, South Kolkata, Kolkata, West Bengal, 700026, India",OpenStreetMap Nominatim,valid,verified,"Ballygunge Cultural Association Durga Puja, South Kolkata, Kolkata, West Bengal, India","https://www.google.com/maps/search/?api=1&query=22.519823,88.364012",https://www.openstreetmap.org/?mlat=22.519823&mlon=88.364012#map=17/22.519823/88.364012
68,Ballygunge Pally Sarbojanin Durgotsab Committee,South Kolkata,2025,22.519145,88.364434,Kalighat,0.9,Ballygunge Junction,8.0,Moderate,False,True,16:00:00,Traditional Sabeki Protima & Cultural Bengal Heritage,"Famous Durga Puja celebration in South Kolkata, Kolkata featuring traditional rituals and vibrant community festivities.",https://images.pujapath.in/pandals/ballygunge_pally_sarbojanin_durgotsab_committee.jpg,web-verified station address; locality-based assignment,"Ballygunge Pally Sarbojanin Durgotsab Committee, South Kolkata, Kolkata, West Bengal, India",success,"Ballygunge Pally Sarbojanin Durgotsab Committee, Ballygunge Pally Durgotsab, South Kolkata, Kolkata, West Bengal, 700026, India",OpenStreetMap Nominatim,valid,verified,"Ballygunge Pally Sarbojanin Durgotsab Committee, South Kolkata, Kolkata, West Bengal, India","https://www.google.com/maps/search/?api=1&query=22.519145,88.364434",https://www.openstreetmap.org/?mlat=22.519145&mlon=88.364434#map=17/22.519145/88.364434
69,Bansdroni Sammilita Sarbojanin Durgotsab Committee,South Kolkata,2025,22.468012,88.361023,Masterda Surya Sen,1.1,Garia Railway Station,8.1,Moderate,False,True,16:00:00,Traditional Sabeki Protima & Cultural Bengal Heritage,"Famous Durga Puja celebration in South Kolkata, Kolkata featuring traditional rituals and vibrant community festivities.",https://images.pujapath.in/pandals/bansdroni_sammilita_sarbojanin_durgotsab_committee.jpg,web-verified station address; locality-based assignment,"Bansdroni Sammilita Sarbojanin Durgotsab Committee, South Kolkata, Kolkata, West Bengal, India",success,"Bansdroni Sammilita Sarbojanin Durgotsab Committee, Bansdroni Sammilita Durgotsab, South Kolkata, Kolkata, West Bengal, 700047, India",OpenStreetMap Nominatim,valid,verified,"Bansdroni Sammilita Sarbojanin Durgotsab Committee, South Kolkata, Kolkata, West Bengal, India","https://www.google.com/maps/search/?api=1&query=22.468012,88.361023",https://www.openstreetmap.org/?mlat=22.468012&mlon=88.361023#map=17/22.468012/88.361023
70,Bediadanga Sarbojanin Durgotsav Committee,South Kolkata,2025,22.511012,88.381023,Kalighat,0.3,Ballygunge Junction,8.2,Moderate,False,True,16:00:00,Traditional Sabeki Protima & Cultural Bengal Heritage,"Famous Durga Puja celebration in South Kolkata, Kolkata featuring traditional rituals and vibrant community festivities.",https://images.pujapath.in/pandals/bediadanga_sarbojanin_durgotsav_committee.jpg,web-verified station address; locality-based assignment,"Bediadanga Sarbojanin Durgotsav Committee, South Kolkata, Kolkata, West Bengal, India",success,"Bediadanga Sarbojanin Durgotsav Committee, Bediadanga, South Kolkata, Kolkata, West Bengal, 700026, India",OpenStreetMap Nominatim,valid,verified,"Bediadanga Sarbojanin Durgotsav Committee, South Kolkata, Kolkata, West Bengal, India","https://www.google.com/maps/search/?api=1&query=22.511012,88.381023",https://www.openstreetmap.org/?mlat=22.511012&mlon=88.381023#map=17/22.511012/88.381023
71,Beltala Sarbojanin Durgotsab,South Kolkata,2025,22.527012,88.347023,Kalighat,0.5,Ballygunge Junction,8.3,Moderate,False,True,16:00:00,Traditional Sabeki Protima & Cultural Bengal Heritage,"Famous Durga Puja celebration in South Kolkata, Kolkata featuring traditional rituals and vibrant community festivities.",https://images.pujapath.in/pandals/beltala_sarbojanin_durgotsab.jpg,web-verified station address; locality-based assignment,"Beltala Sarbojanin Durgotsab, South Kolkata, Kolkata, West Bengal, India",success,"Beltala Sarbojanin Durgotsab, Beltala Durgotsab, South Kolkata, Kolkata, West Bengal, 700026, India",OpenStreetMap Nominatim,valid,verified,"Beltala Sarbojanin Durgotsab, South Kolkata, Kolkata, West Bengal, India","https://www.google.com/maps/search/?api=1&query=22.527012,88.347023",https://www.openstreetmap.org/?mlat=22.527012&mlon=88.347023#map=17/22.527012/88.347023
72,Bengal United Club Durga Puja,South Kolkata,2025,22.526334,88.347412,Kalighat,0.7,Ballygunge Junction,8.4,Moderate,False,True,16:00:00,Traditional Sabeki Protima & Cultural Bengal Heritage,"Famous Durga Puja celebration in South Kolkata, Kolkata featuring traditional rituals and vibrant community festivities.",https://images.pujapath.in/pandals/bengal_united_club_durga_puja.jpg,web-verified station address; locality-based assignment,"Bengal United Club Durga Puja, South Kolkata, Kolkata, West Bengal, India",success,"Bengal United Club Durga Puja, Bengal United, South Kolkata, Kolkata, West Bengal, 700026, India",OpenStreetMap Nominatim,valid,verified,"Bengal United Club Durga Puja, South Kolkata, Kolkata, West Bengal, India","https://www.google.com/maps/search/?api=1&query=22.526334,88.347412",https://www.openstreetmap.org/?mlat=22.526334&mlon=88.347412#map=17/22.526334/88.347412
73,Bhawanipore Mahapuja Samity,South Kolkata,2025,22.535012,88.348023,Netaji Bhavan,0.9,Ballygunge Junction,8.5,Moderate,False,True,16:00:00,Traditional Sabeki Protima & Cultural Bengal Heritage,"Famous Durga Puja celebration in South Kolkata, Kolkata featuring traditional rituals and vibrant community festivities.",https://images.pujapath.in/pandals/bhawanipore_mahapuja_samity.jpg,web-verified station address; locality-based assignment,"Bhawanipore Mahapuja Samity, South Kolkata, Kolkata, West Bengal, India",success,"Bhawanipore Mahapuja Samity, Bhawanipore Mahapuja Samity, South Kolkata, Kolkata, West Bengal, 700025, India",OpenStreetMap Nominatim,valid,verified,"Bhawanipore Mahapuja Samity, South Kolkata, Kolkata, West Bengal, India","https://www.google.com/maps/search/?api=1&query=22.535012,88.348023",https://www.openstreetmap.org/?mlat=22.535012&mlon=88.348023#map=17/22.535012/88.348023
74,Bhowanipore De Bari Durga Puja,South Kolkata,2025,22.534334,88.348412,Netaji Bhavan,1.1,Ballygunge Junction,8.6,Moderate,False,True,16:00:00,Traditional Sabeki Protima & Cultural Bengal Heritage,"Famous Durga Puja celebration in South Kolkata, Kolkata featuring traditional rituals and vibrant community festivities.",https://images.pujapath.in/pandals/bhowanipore_de_bari_durga_puja.jpg,web-verified station address; locality-based assignment,"Bhowanipore De Bari Durga Puja, South Kolkata, Kolkata, West Bengal, India",success,"Bhowanipore De Bari Durga Puja, Bhowanipore De Bari, South Kolkata, Kolkata, West Bengal, 700025, India",OpenStreetMap Nominatim,valid,verified,"Bhowanipore De Bari Durga Puja, South Kolkata, Kolkata, West Bengal, India","https://www.google.com/maps/search/?api=1&query=22.534334,88.348412",https://www.openstreetmap.org/?mlat=22.534334&mlon=88.348412#map=17/22.534334/88.348412
75,Bhowanipore Mitra Bari Durga Puja,South Kolkata,2025,22.533645,88.347734,Netaji Bhavan,0.3,Ballygunge Junction,7.2,Low,False,True,16:00:00,Traditional Sabeki Protima & Cultural Bengal Heritage,"Famous Durga Puja celebration in South Kolkata, Kolkata featuring traditional rituals and vibrant community festivities.",https://images.pujapath.in/pandals/bhowanipore_mitra_bari_durga_puja.jpg,web-verified station address; locality-based assignment,"Bhowanipore Mitra Bari Durga Puja, South Kolkata, Kolkata, West Bengal, India",success,"Bhowanipore Mitra Bari Durga Puja, Bhowanipore Mitra Bari, South Kolkata, Kolkata, West Bengal, 700025, India",OpenStreetMap Nominatim,valid,verified,"Bhowanipore Mitra Bari Durga Puja, South Kolkata, Kolkata, West Bengal, India","https://www.google.com/maps/search/?api=1&query=22.533645,88.347734",https://www.openstreetmap.org/?mlat=22.533645&mlon=88.347734#map=17/22.533645/88.347734
76,Bhowanipur 75 Palli Durga Puja,South Kolkata,2025,22.532012,88.347023,Netaji Bhavan,0.5,Ballygunge Junction,7.3,Low,False,True,16:00:00,Traditional Sabeki Protima & Cultural Bengal Heritage,"Famous Durga Puja celebration in South Kolkata, Kolkata featuring traditional rituals and vibrant community festivities.",https://images.pujapath.in/pandals/bhowanipur_75_palli_durga_puja.jpg,web-verified station address; locality-based assignment,"Bhowanipur 75 Palli Durga Puja, South Kolkata, Kolkata, West Bengal, India",success,"Bhowanipur 75 Palli Durga Puja, Bhowanipur 75 Palli, South Kolkata, Kolkata, West Bengal, 700025, India",OpenStreetMap Nominatim,valid,verified,"Bhowanipur 75 Palli Durga Puja, South Kolkata, Kolkata, West Bengal, India","https://www.google.com/maps/search/?api=1&query=22.532012,88.347023",https://www.openstreetmap.org/?mlat=22.532012&mlon=88.347023#map=17/22.532012/88.347023
77,Bhowanipur Muktadal Durga Puja,South Kolkata,2025,22.531334,88.347412,Netaji Bhavan,0.7,Ballygunge Junction,7.4,Low,False,True,16:00:00,Traditional Sabeki Protima & Cultural Bengal Heritage,"Famous Durga Puja celebration in South Kolkata, Kolkata featuring traditional rituals and vibrant community festivities.",https://images.pujapath.in/pandals/bhowanipur_muktadal_durga_puja.jpg,web-verified station address; locality-based assignment,"Bhowanipur Muktadal Durga Puja, South Kolkata, Kolkata, West Bengal, India",success,"Bhowanipur Muktadal Durga Puja, Bhowanipur Muktadal, South Kolkata, Kolkata, West Bengal, 700025, India",OpenStreetMap Nominatim,valid,verified,"Bhowanipur Muktadal Durga Puja, South Kolkata, Kolkata, West Bengal, India","https://www.google.com/maps/search/?api=1&query=22.531334,88.347412",https://www.openstreetmap.org/?mlat=22.531334&mlon=88.347412#map=17/22.531334/88.347412
78,Bhowanipur Ritwik Club Durga Puja Committee,South Kolkata,2025,22.530645,88.346734,Netaji Bhavan,0.9,Ballygunge Junction,7.5,Low,False,True,16:00:00,Traditional Sabeki Protima & Cultural Bengal Heritage,"Famous Durga Puja celebration in South Kolkata, Kolkata featuring traditional rituals and vibrant community festivities.",https://images.pujapath.in/pandals/bhowanipur_ritwik_club_durga_puja_committee.jpg,web-verified station address; locality-based assignment,"Bhowanipur Ritwik Club Durga Puja Committee, South Kolkata, Kolkata, West Bengal, India",success,"Bhowanipur Ritwik Club Durga Puja Committee, Bhowanipur Ritwik, South Kolkata, Kolkata, West Bengal, 700025, India",OpenStreetMap Nominatim,valid,verified,"Bhowanipur Ritwik Club Durga Puja Committee, South Kolkata, Kolkata, West Bengal, India","https://www.google.com/maps/search/?api=1&query=22.530645,88.346734",https://www.openstreetmap.org/?mlat=22.530645&mlon=88.346734#map=17/22.530645/88.346734
79,Bhowanipur Sarbojanin Durgotsav,South Kolkata,2025,22.529012,88.346023,Netaji Bhavan,1.1,Ballygunge Junction,7.6,Low,False,True,16:00:00,Traditional Sabeki Protima & Cultural Bengal Heritage,"Famous Durga Puja celebration in South Kolkata, Kolkata featuring traditional rituals and vibrant community festivities.",https://images.pujapath.in/pandals/bhowanipur_sarbojanin_durgotsav.jpg,web-verified station address; locality-based assignment,"Bhowanipur Sarbojanin Durgotsav, South Kolkata, Kolkata, West Bengal, India",success,"Bhowanipur Sarbojanin Durgotsav, Bhowanipur, South Kolkata, Kolkata, West Bengal, 700025, India",OpenStreetMap Nominatim,valid,verified,"Bhowanipur Sarbojanin Durgotsav, South Kolkata, Kolkata, West Bengal, India","https://www.google.com/maps/search/?api=1&query=22.529012,88.346023",https://www.openstreetmap.org/?mlat=22.529012&mlon=88.346023#map=17/22.529012/88.346023
80,Bhowanipur Students Club Sarbojanin Durga Puja,South Kolkata,2025,22.528334,88.346412,Netaji Bhavan,0.3,Ballygunge Junction,7.7,Low,False,True,16:00:00,Traditional Sabeki Protima & Cultural Bengal Heritage,"Famous Durga Puja celebration in South Kolkata, Kolkata featuring traditional rituals and vibrant community festivities.",https://images.pujapath.in/pandals/bhowanipur_students_club_sarbojanin_durga_puja.jpg,web-verified station address; locality-based assignment,"Bhowanipur Students Club Sarbojanin Durga Puja, South Kolkata, Kolkata, West Bengal, India",success,"Bhowanipur Students Club Sarbojanin Durga Puja, Bhowanipur Students, South Kolkata, Kolkata, West Bengal, 700025, India",OpenStreetMap Nominatim,valid,verified,"Bhowanipur Students Club Sarbojanin Durga Puja, South Kolkata, Kolkata, West Bengal, India","https://www.google.com/maps/search/?api=1&query=22.528334,88.346412",https://www.openstreetmap.org/?mlat=22.528334&mlon=88.346412#map=17/22.528334/88.346412
81,Bhowanipur Swadhin Sangha Durga Puja,South Kolkata,2025,22.527645,88.345734,Netaji Bhavan,0.5,Ballygunge Junction,7.8,Low,False,True,16:00:00,Traditional Sabeki Protima & Cultural Bengal Heritage,"Famous Durga Puja celebration in South Kolkata, Kolkata featuring traditional rituals and vibrant community festivities.",https://images.pujapath.in/pandals/bhowanipur_swadhin_sangha_durga_puja.jpg,web-verified station address; locality-based assignment,"Bhowanipur Swadhin Sangha Durga Puja, South Kolkata, Kolkata, West Bengal, India",success,"Bhowanipur Swadhin Sangha Durga Puja, Bhowanipur Swadhin Sangha, South Kolkata, Kolkata, West Bengal, 700025, India",OpenStreetMap Nominatim,valid,verified,"Bhowanipur Swadhin Sangha Durga Puja, South Kolkata, Kolkata, West Bengal, India","https://www.google.com/maps/search/?api=1&query=22.527645,88.345734",https://www.openstreetmap.org/?mlat=22.527645&mlon=88.345734#map=17/22.527645/88.345734
82,Bhowanipur Udayan Club Durga Puja,South Kolkata,2025,22.526012,88.345023,Netaji Bhavan,0.7,Ballygunge Junction,7.9,Low,False,True,16:00:00,Traditional Sabeki Protima & Cultural Bengal Heritage,"Famous Durga Puja celebration in South Kolkata, Kolkata featuring traditional rituals and vibrant community festivities.",https://images.pujapath.in/pandals/bhowanipur_udayan_club_durga_puja.jpg,web-verified station address; locality-based assignment,"Bhowanipur Udayan Club Durga Puja, South Kolkata, Kolkata, West Bengal, India",success,"Bhowanipur Udayan Club Durga Puja, Bhowanipur Udayan, South Kolkata, Kolkata, West Bengal, 700025, India",OpenStreetMap Nominatim,valid,verified,"Bhowanipur Udayan Club Durga Puja, South Kolkata, Kolkata, West Bengal, India","https://www.google.com/maps/search/?api=1&query=22.526012,88.345023",https://www.openstreetmap.org/?mlat=22.526012&mlon=88.345023#map=17/22.526012/88.345023
83,Chetla Agrani Club Durga Puja,South Kolkata,2025,22.522234,88.339212,Kalighat,0.9,Ballygunge Junction,9.3,High,True,True,22:00:00,Traditional Sabeki Protima & Cultural Bengal Heritage,"Famous Durga Puja celebration in South Kolkata, Kolkata featuring traditional rituals and vibrant community festivities.",https://images.pujapath.in/pandals/chetla_agrani_club_durga_puja.jpg,web-verified station address; locality-based assignment,"Chetla Agrani Club Durga Puja, South Kolkata, Kolkata, West Bengal, India",success,"Chetla Agrani Club Durga Puja, Chetla Agrani, South Kolkata, Kolkata, West Bengal, 700026, India",OpenStreetMap Nominatim,valid,verified,"Chetla Agrani Club Durga Puja, South Kolkata, Kolkata, West Bengal, India","https://www.google.com/maps/search/?api=1&query=22.522234,88.339212",https://www.openstreetmap.org/?mlat=22.522234&mlon=88.339212#map=17/22.522234/88.339212
84,Chetla Sarbasadharaner Durgotsab,South Kolkata,2025,22.521512,88.339634,Kalighat,1.1,Ballygunge Junction,8.1,Moderate,False,True,16:00:00,Traditional Sabeki Protima & Cultural Bengal Heritage,"Famous Durga Puja celebration in South Kolkata, Kolkata featuring traditional rituals and vibrant community festivities.",https://images.pujapath.in/pandals/chetla_sarbasadharaner_durgotsab.jpg,web-verified station address; locality-based assignment,"Chetla Sarbasadharaner Durgotsab, South Kolkata, Kolkata, West Bengal, India",success,"Chetla Sarbasadharaner Durgotsab, Chetla Sarbasadharaner Durgotsab, South Kolkata, Kolkata, West Bengal, 700026, India",OpenStreetMap Nominatim,valid,verified,"Chetla Sarbasadharaner Durgotsab, South Kolkata, Kolkata, West Bengal, India","https://www.google.com/maps/search/?api=1&query=22.521512,88.339634",https://www.openstreetmap.org/?mlat=22.521512&mlon=88.339634#map=17/22.521512/88.339634
85,Dakshin Kolkata Sarbojanin Durgotsab,South Kolkata,2025,22.518012,88.349023,Kalighat,0.3,Ballygunge Junction,8.2,Moderate,False,True,16:00:00,Traditional Sabeki Protima & Cultural Bengal Heritage,"Famous Durga Puja celebration in South Kolkata, Kolkata featuring traditional rituals and vibrant community festivities.",https://images.pujapath.in/pandals/dakshin_kolkata_sarbojanin_durgotsab.jpg,web-verified station address; locality-based assignment,"Dakshin Kolkata Sarbojanin Durgotsab, South Kolkata, Kolkata, West Bengal, India",success,"Dakshin Kolkata Sarbojanin Durgotsab, Dakshin Kolkata Durgotsab, South Kolkata, Kolkata, West Bengal, 700026, India",OpenStreetMap Nominatim,valid,verified,"Dakshin Kolkata Sarbojanin Durgotsab, South Kolkata, Kolkata, West Bengal, India","https://www.google.com/maps/search/?api=1&query=22.518012,88.349023",https://www.openstreetmap.org/?mlat=22.518012&mlon=88.349023#map=17/22.518012/88.349023
86,Deshapriya Park Durga Puja,South Kolkata,2025,22.518123,88.354612,Kalighat,0.5,Ballygunge Junction,9.6,Extremely High,True,True,02:00:00,Traditional Sabeki Protima & Cultural Bengal Heritage,"Famous Durga Puja celebration in South Kolkata, Kolkata featuring traditional rituals and vibrant community festivities.",https://images.pujapath.in/pandals/deshapriya_park_durga_puja.jpg,web-verified station address; locality-based assignment,"Deshapriya Park Durga Puja, South Kolkata, Kolkata, West Bengal, India",success,"Deshapriya Park Durga Puja, Deshapriya Park, South Kolkata, Kolkata, West Bengal, 700026, India",OpenStreetMap Nominatim,valid,verified,"Deshapriya Park Durga Puja, South Kolkata, Kolkata, West Bengal, India","https://www.google.com/maps/search/?api=1&query=22.518123,88.354612",https://www.openstreetmap.org/?mlat=22.518123&mlon=88.354612#map=17/22.518123/88.354612
87,Dhakuria Pragati Sangha Durga Puja,South Kolkata,2025,22.506012,88.368023,Rabindra Sarobar,0.7,Tollygunge Railway Station,8.4,Moderate,False,True,16:00:00,Traditional Sabeki Protima & Cultural Bengal Heritage,"Famous Durga Puja celebration in South Kolkata, Kolkata featuring traditional rituals and vibrant community festivities.",https://images.pujapath.in/pandals/dhakuria_pragati_sangha_durga_puja.jpg,web-verified station address; locality-based assignment,"Dhakuria Pragati Sangha Durga Puja, South Kolkata, Kolkata, West Bengal, India",success,"Dhakuria Pragati Sangha Durga Puja, Dhakuria Pragati Sangha, South Kolkata, Kolkata, West Bengal, 700029, India",OpenStreetMap Nominatim,valid,verified,"Dhakuria Pragati Sangha Durga Puja, South Kolkata, Kolkata, West Bengal, India","https://www.google.com/maps/search/?api=1&query=22.506012,88.368023",https://www.openstreetmap.org/?mlat=22.506012&mlon=88.368023#map=17/22.506012/88.368023
88,Dhakuria Sarbojanin Durgotsab,South Kolkata,2025,22.505334,88.368412,Rabindra Sarobar,0.9,Tollygunge Railway Station,8.5,Moderate,False,True,16:00:00,Traditional Sabeki Protima & Cultural Bengal Heritage,"Famous Durga Puja celebration in South Kolkata, Kolkata featuring traditional rituals and vibrant community festivities.",https://images.pujapath.in/pandals/dhakuria_sarbojanin_durgotsab.jpg,web-verified station address; locality-based assignment,"Dhakuria Sarbojanin Durgotsab, South Kolkata, Kolkata, West Bengal, India",success,"Dhakuria Sarbojanin Durgotsab, Dhakuria Durgotsab, South Kolkata, Kolkata, West Bengal, 700029, India",OpenStreetMap Nominatim,valid,verified,"Dhakuria Sarbojanin Durgotsab, South Kolkata, Kolkata, West Bengal, India","https://www.google.com/maps/search/?api=1&query=22.505334,88.368412",https://www.openstreetmap.org/?mlat=22.505334&mlon=88.368412#map=17/22.505334/88.368412
89,Ekdalia Evergreen Club Durga Puja,South Kolkata,2025,22.518612,88.366934,Kalighat,1.1,Ballygunge Junction,9.9,Extremely High,True,True,02:00:00,Traditional Sabeki Protima & Cultural Bengal Heritage,"Famous Durga Puja celebration in South Kolkata, Kolkata featuring traditional rituals and vibrant community festivities.",https://images.pujapath.in/pandals/ekdalia_evergreen_club_durga_puja.jpg,web-verified station address; locality-based assignment,"Ekdalia Evergreen Club Durga Puja, South Kolkata, Kolkata, West Bengal, India",success,"Ekdalia Evergreen Club Durga Puja, Ekdalia Evergreen, South Kolkata, Kolkata, West Bengal, 700026, India",OpenStreetMap Nominatim,valid,verified,"Ekdalia Evergreen Club Durga Puja, South Kolkata, Kolkata, West Bengal, India","https://www.google.com/maps/search/?api=1&query=22.518612,88.366934",https://www.openstreetmap.org/?mlat=22.518612&mlon=88.366934#map=17/22.518612/88.366934
90,Falguni Sangha Durga Puja,South Kolkata,2025,22.516012,88.357023,Kalighat,0.3,Ballygunge Junction,7.2,Low,False,True,16:00:00,Traditional Sabeki Protima & Cultural Bengal Heritage,"Famous Durga Puja celebration in South Kolkata, Kolkata featuring traditional rituals and vibrant community festivities.",https://images.pujapath.in/pandals/falguni_sangha_durga_puja.jpg,web-verified station address; locality-based assignment,"Falguni Sangha Durga Puja, South Kolkata, Kolkata, West Bengal, India",success,"Falguni Sangha Durga Puja, Falguni Sangha, South Kolkata, Kolkata, West Bengal, 700026, India",OpenStreetMap Nominatim,valid,verified,"Falguni Sangha Durga Puja, South Kolkata, Kolkata, West Bengal, India","https://www.google.com/maps/search/?api=1&query=22.516012,88.357023",https://www.openstreetmap.org/?mlat=22.516012&mlon=88.357023#map=17/22.516012/88.357023
91,Garfa Sarbojanin Durgotsav,South Kolkata,2025,22.501012,88.375023,Kavi Nazrul,0.5,Garia Railway Station,7.3,Low,False,True,16:00:00,Traditional Sabeki Protima & Cultural Bengal Heritage,"Famous Durga Puja celebration in South Kolkata, Kolkata featuring traditional rituals and vibrant community festivities.",https://images.pujapath.in/pandals/garfa_sarbojanin_durgotsav.jpg,web-verified station address; locality-based assignment,"Garfa Sarbojanin Durgotsav, South Kolkata, Kolkata, West Bengal, India",success,"Garfa Sarbojanin Durgotsav, Garfa, South Kolkata, Kolkata, West Bengal, 700084, India",OpenStreetMap Nominatim,valid,verified,"Garfa Sarbojanin Durgotsav, South Kolkata, Kolkata, West Bengal, India","https://www.google.com/maps/search/?api=1&query=22.501012,88.375023",https://www.openstreetmap.org/?mlat=22.501012&mlon=88.375023#map=17/22.501012/88.375023
92,Golpark Sarbojanin Durgotsab Committee,South Kolkata,2025,22.514012,88.363023,Kalighat,0.7,Ballygunge Junction,7.4,Low,False,True,16:00:00,Traditional Sabeki Protima & Cultural Bengal Heritage,"Famous Durga Puja celebration in South Kolkata, Kolkata featuring traditional rituals and vibrant community festivities.",https://images.pujapath.in/pandals/golpark_sarbojanin_durgotsab_committee.jpg,web-verified station address; locality-based assignment,"Golpark Sarbojanin Durgotsab Committee, South Kolkata, Kolkata, West Bengal, India",success,"Golpark Sarbojanin Durgotsab Committee, Golpark Durgotsab, South Kolkata, Kolkata, West Bengal, 700026, India",OpenStreetMap Nominatim,valid,verified,"Golpark Sarbojanin Durgotsab Committee, South Kolkata, Kolkata, West Bengal, India","https://www.google.com/maps/search/?api=1&query=22.514012,88.363023",https://www.openstreetmap.org/?mlat=22.514012&mlon=88.363023#map=17/22.514012/88.363023
93,Gopal Nagar Kalyan Sangha Durga Puja,South Kolkata,2025,22.523012,88.334023,Kalighat,0.9,Ballygunge Junction,7.5,Low,False,True,16:00:00,Traditional Sabeki Protima & Cultural Bengal Heritage,"Famous Durga Puja celebration in South Kolkata, Kolkata featuring traditional rituals and vibrant community festivities.",https://images.pujapath.in/pandals/gopal_nagar_kalyan_sangha_durga_puja.jpg,web-verified station address; locality-based assignment,"Gopal Nagar Kalyan Sangha Durga Puja, South Kolkata, Kolkata, West Bengal, India",success,"Gopal Nagar Kalyan Sangha Durga Puja, Gopal Nagar Kalyan Sangha, South Kolkata, Kolkata, West Bengal, 700026, India",OpenStreetMap Nominatim,valid,verified,"Gopal Nagar Kalyan Sangha Durga Puja, South Kolkata, Kolkata, West Bengal, India","https://www.google.com/maps/search/?api=1&query=22.523012,88.334023",https://www.openstreetmap.org/?mlat=22.523012&mlon=88.334023#map=17/22.523012/88.334023
94,Harish Park Sarbojanin Durgotsab Samity,South Kolkata,2025,22.531012,88.349023,Netaji Bhavan,1.1,Ballygunge Junction,7.6,Low,False,True,16:00:00,Traditional Sabeki Protima & Cultural Bengal Heritage,"Famous Durga Puja celebration in South Kolkata, Kolkata featuring traditional rituals and vibrant community festivities.",https://images.pujapath.in/pandals/harish_park_sarbojanin_durgotsab_samity.jpg,web-verified station address; locality-based assignment,"Harish Park Sarbojanin Durgotsab Samity, South Kolkata, Kolkata, West Bengal, India",success,"Harish Park Sarbojanin Durgotsab Samity, Harish Park Durgotsab Samity, South Kolkata, Kolkata, West Bengal, 700025, India",OpenStreetMap Nominatim,valid,verified,"Harish Park Sarbojanin Durgotsab Samity, South Kolkata, Kolkata, West Bengal, India","https://www.google.com/maps/search/?api=1&query=22.531012,88.349023",https://www.openstreetmap.org/?mlat=22.531012&mlon=88.349023#map=17/22.531012/88.349023
95,Hindustan Pally Durga Puja Committee,South Kolkata,2025,22.517012,88.361023,Kalighat,0.3,Ballygunge Junction,7.7,Low,False,True,16:00:00,Traditional Sabeki Protima & Cultural Bengal Heritage,"Famous Durga Puja celebration in South Kolkata, Kolkata featuring traditional rituals and vibrant community festivities.",https://images.pujapath.in/pandals/hindustan_pally_durga_puja_committee.jpg,web-verified station address; locality-based assignment,"Hindustan Pally Durga Puja Committee, South Kolkata, Kolkata, West Bengal, India",success,"Hindustan Pally Durga Puja Committee, Hindustan Pally, South Kolkata, Kolkata, West Bengal, 700026, India",OpenStreetMap Nominatim,valid,verified,"Hindustan Pally Durga Puja Committee, South Kolkata, Kolkata, West Bengal, India","https://www.google.com/maps/search/?api=1&query=22.517012,88.361023",https://www.openstreetmap.org/?mlat=22.517012&mlon=88.361023#map=17/22.517012/88.361023
96,Jubamaitry Kalighat Durga Puja,South Kolkata,2025,22.521212,88.345234,Kalighat,0.5,Ballygunge Junction,7.8,Low,False,True,16:00:00,Traditional Sabeki Protima & Cultural Bengal Heritage,"Famous Durga Puja celebration in South Kolkata, Kolkata featuring traditional rituals and vibrant community festivities.",https://images.pujapath.in/pandals/jubamaitry_kalighat_durga_puja.jpg,web-verified station address; locality-based assignment,"Jubamaitry Kalighat Durga Puja, South Kolkata, Kolkata, West Bengal, India",success,"Jubamaitry Kalighat Durga Puja, Jubamaitry Kalighat, South Kolkata, Kolkata, West Bengal, 700026, India",OpenStreetMap Nominatim,valid,verified,"Jubamaitry Kalighat Durga Puja, South Kolkata, Kolkata, West Bengal, India","https://www.google.com/maps/search/?api=1&query=22.521212,88.345234",https://www.openstreetmap.org/?mlat=22.521212&mlon=88.345234#map=17/22.521212/88.345234
97,Kalighat Nepal Bhattacharjee Street Club,South Kolkata,2025,22.520534,88.347212,Kalighat,0.7,Ballygunge Junction,7.9,Low,False,True,16:00:00,Traditional Sabeki Protima & Cultural Bengal Heritage,"Famous Durga Puja celebration in South Kolkata, Kolkata featuring traditional rituals and vibrant community festivities.",https://images.pujapath.in/pandals/kalighat_nepal_bhattacharjee_street_club.jpg,web-verified station address; locality-based assignment,"Kalighat Nepal Bhattacharjee Street Club, South Kolkata, Kolkata, West Bengal, India",success,"Kalighat Nepal Bhattacharjee Street Club, Kalighat Nepal Bhattacharjee Street, South Kolkata, Kolkata, West Bengal, 700026, India",OpenStreetMap Nominatim,valid,verified,"Kalighat Nepal Bhattacharjee Street Club, South Kolkata, Kolkata, West Bengal, India","https://www.google.com/maps/search/?api=1&query=22.520534,88.347212",https://www.openstreetmap.org/?mlat=22.520534&mlon=88.347212#map=17/22.520534/88.347212
98,Kasba R.K. Chatterjee Road Adhibasi Brinda Durga Puja,South Kolkata,2025,22.513012,88.384023,Kalighat,0.9,Ballygunge Junction,8.0,Moderate,False,True,16:00:00,Traditional Sabeki Protima & Cultural Bengal Heritage,"Famous Durga Puja celebration in South Kolkata, Kolkata featuring traditional rituals and vibrant community festivities.",https://images.pujapath.in/pandals/kasba_rk_chatterjee_road_adhibasi_brinda_durga_puja.jpg,web-verified station address; locality-based assignment,"Kasba R.K. Chatterjee Road Adhibasi Brinda Durga Puja, South Kolkata, Kolkata, West Bengal, India",success,"Kasba R.K. Chatterjee Road Adhibasi Brinda Durga Puja, Kasba R.K. Chatterjee Road Adhibasi Brinda, South Kolkata, Kolkata, West Bengal, 700026, India",OpenStreetMap Nominatim,valid,verified,"Kasba R.K. Chatterjee Road Adhibasi Brinda Durga Puja, South Kolkata, Kolkata, West Bengal, India","https://www.google.com/maps/search/?api=1&query=22.513012,88.384023",https://www.openstreetmap.org/?mlat=22.513012&mlon=88.384023#map=17/22.513012/88.384023
99,Kasba Renaissance Club,South Kolkata,2025,22.512334,88.384412,Kalighat,1.1,Ballygunge Junction,8.1,Moderate,False,True,16:00:00,Traditional Sabeki Protima & Cultural Bengal Heritage,"Famous Durga Puja celebration in South Kolkata, Kolkata featuring traditional rituals and vibrant community festivities.",https://images.pujapath.in/pandals/kasba_renaissance_club.jpg,web-verified station address; locality-based assignment,"Kasba Renaissance Club, South Kolkata, Kolkata, West Bengal, India",success,"Kasba Renaissance Club, Kasba Renaissance, South Kolkata, Kolkata, West Bengal, 700026, India",OpenStreetMap Nominatim,valid,verified,"Kasba Renaissance Club, South Kolkata, Kolkata, West Bengal, India","https://www.google.com/maps/search/?api=1&query=22.512334,88.384412",https://www.openstreetmap.org/?mlat=22.512334&mlon=88.384412#map=17/22.512334/88.384412
100,Kasba Shakti Sangha Pallybasi Durgotsav Samity,South Kolkata,2025,22.511645,88.383734,Kalighat,0.3,Ballygunge Junction,8.2,Moderate,False,True,16:00:00,Traditional Sabeki Protima & Cultural Bengal Heritage,"Famous Durga Puja celebration in South Kolkata, Kolkata featuring traditional rituals and vibrant community festivities.",https://images.pujapath.in/pandals/kasba_shakti_sangha_pallybasi_durgotsav_samity.jpg,web-verified station address; locality-based assignment,"Kasba Shakti Sangha Pallybasi Durgotsav Samity, South Kolkata, Kolkata, West Bengal, India",success,"Kasba Shakti Sangha Pallybasi Durgotsav Samity, Kasba Shakti Sangha Pallybasi Samity, South Kolkata, Kolkata, West Bengal, 700026, India",OpenStreetMap Nominatim,valid,verified,"Kasba Shakti Sangha Pallybasi Durgotsav Samity, South Kolkata, Kolkata, West Bengal, India","https://www.google.com/maps/search/?api=1&query=22.511645,88.383734",https://www.openstreetmap.org/?mlat=22.511645&mlon=88.383734#map=17/22.511645/88.383734
101,Ketopole Sammilani Durga Puja,South Kolkata,2025,22.508012,88.338023,Kalighat,0.5,Ballygunge Junction,8.3,Moderate,False,True,16:00:00,Traditional Sabeki Protima & Cultural Bengal Heritage,"Famous Durga Puja celebration in South Kolkata, Kolkata featuring traditional rituals and vibrant community festivities.",https://images.pujapath.in/pandals/ketopole_sammilani_durga_puja.jpg,web-verified station address; locality-based assignment,"Ketopole Sammilani Durga Puja, South Kolkata, Kolkata, West Bengal, India",success,"Ketopole Sammilani Durga Puja, Ketopole Sammilani, South Kolkata, Kolkata, West Bengal, 700026, India",OpenStreetMap Nominatim,valid,verified,"Ketopole Sammilani Durga Puja, South Kolkata, Kolkata, West Bengal, India","https://www.google.com/maps/search/?api=1&query=22.508012,88.338023",https://www.openstreetmap.org/?mlat=22.508012&mlon=88.338023#map=17/22.508012/88.338023
102,Keyatala Pally Samity Durga Puja,South Kolkata,2025,22.513012,88.360023,Rabindra Sarobar,0.7,Tollygunge Railway Station,8.4,Moderate,False,True,16:00:00,Traditional Sabeki Protima & Cultural Bengal Heritage,"Famous Durga Puja celebration in South Kolkata, Kolkata featuring traditional rituals and vibrant community festivities.",https://images.pujapath.in/pandals/keyatala_pally_samity_durga_puja.jpg,web-verified station address; locality-based assignment,"Keyatala Pally Samity Durga Puja, South Kolkata, Kolkata, West Bengal, India",success,"Keyatala Pally Samity Durga Puja, Keyatala Pally Samity, South Kolkata, Kolkata, West Bengal, 700029, India",OpenStreetMap Nominatim,valid,verified,"Keyatala Pally Samity Durga Puja, South Kolkata, Kolkata, West Bengal, India","https://www.google.com/maps/search/?api=1&query=22.513012,88.360023",https://www.openstreetmap.org/?mlat=22.513012&mlon=88.360023#map=17/22.513012/88.360023
103,Kheyali Sangha Durga Puja,South Kolkata,2025,22.512334,88.360412,Kalighat,0.9,Ballygunge Junction,8.5,Moderate,False,True,16:00:00,Traditional Sabeki Protima & Cultural Bengal Heritage,"Famous Durga Puja celebration in South Kolkata, Kolkata featuring traditional rituals and vibrant community festivities.",https://images.pujapath.in/pandals/kheyali_sangha_durga_puja.jpg,web-verified station address; locality-based assignment,"Kheyali Sangha Durga Puja, South Kolkata, Kolkata, West Bengal, India",success,"Kheyali Sangha Durga Puja, Kheyali Sangha, South Kolkata, Kolkata, West Bengal, 700026, India",OpenStreetMap Nominatim,valid,verified,"Kheyali Sangha Durga Puja, South Kolkata, Kolkata, West Bengal, India","https://www.google.com/maps/search/?api=1&query=22.512334,88.360412",https://www.openstreetmap.org/?mlat=22.512334&mlon=88.360412#map=17/22.512334/88.360412
104,Khidderpore Sarbojanin Durgotsab,South Kolkata,2025,22.538012,88.324023,Majerhat,1.1,Majerhat Railway Station,8.6,Moderate,False,True,16:00:00,Traditional Sabeki Protima & Cultural Bengal Heritage,"Famous Durga Puja celebration in South Kolkata, Kolkata featuring traditional rituals and vibrant community festivities.",https://images.pujapath.in/pandals/khidderpore_sarbojanin_durgotsab.jpg,web-verified station address; locality-based assignment,"Khidderpore Sarbojanin Durgotsab, South Kolkata, Kolkata, West Bengal, India",success,"Khidderpore Sarbojanin Durgotsab, Khidderpore Durgotsab, South Kolkata, Kolkata, West Bengal, 700027, India",OpenStreetMap Nominatim,valid,verified,"Khidderpore Sarbojanin Durgotsab, South Kolkata, Kolkata, West Bengal, India","https://www.google.com/maps/search/?api=1&query=22.538012,88.324023",https://www.openstreetmap.org/?mlat=22.538012&mlon=88.324023#map=17/22.538012/88.324023
105,Khidderpur 75 Pally Sarbojanin Durgotsab Committee,South Kolkata,2025,22.537334,88.324412,Kalighat,0.3,Ballygunge Junction,7.2,Low,False,True,16:00:00,Traditional Sabeki Protima & Cultural Bengal Heritage,"Famous Durga Puja celebration in South Kolkata, Kolkata featuring traditional rituals and vibrant community festivities.",https://images.pujapath.in/pandals/khidderpur_75_pally_sarbojanin_durgotsab_committee.jpg,web-verified station address; locality-based assignment,"Khidderpur 75 Pally Sarbojanin Durgotsab Committee, South Kolkata, Kolkata, West Bengal, India",success,"Khidderpur 75 Pally Sarbojanin Durgotsab Committee, Khidderpur 75 Pally Durgotsab, South Kolkata, Kolkata, West Bengal, 700026, India",OpenStreetMap Nominatim,valid,verified,"Khidderpur 75 Pally Sarbojanin Durgotsab Committee, South Kolkata, Kolkata, West Bengal, India","https://www.google.com/maps/search/?api=1&query=22.537334,88.324412",https://www.openstreetmap.org/?mlat=22.537334&mlon=88.324412#map=17/22.537334/88.324412
106,Kidderpore Jubaghosthi Durga Puja,South Kolkata,2025,22.536645,88.323734,Majerhat,0.5,Majerhat Railway Station,7.3,Low,False,True,16:00:00,Traditional Sabeki Protima & Cultural Bengal Heritage,"Famous Durga Puja celebration in South Kolkata, Kolkata featuring traditional rituals and vibrant community festivities.",https://images.pujapath.in/pandals/kidderpore_jubaghosthi_durga_puja.jpg,web-verified station address; locality-based assignment,"Kidderpore Jubaghosthi Durga Puja, South Kolkata, Kolkata, West Bengal, India",success,"Kidderpore Jubaghosthi Durga Puja, Kidderpore Jubaghosthi, South Kolkata, Kolkata, West Bengal, 700027, India",OpenStreetMap Nominatim,valid,verified,"Kidderpore Jubaghosthi Durga Puja, South Kolkata, Kolkata, West Bengal, India","https://www.google.com/maps/search/?api=1&query=22.536645,88.323734",https://www.openstreetmap.org/?mlat=22.536645&mlon=88.323734#map=17/22.536645/88.323734
107,Kidderpore Pally Saradiya Durga Puja,South Kolkata,2025,22.535012,88.323023,Majerhat,0.7,Majerhat Railway Station,7.4,Low,False,True,16:00:00,Traditional Sabeki Protima & Cultural Bengal Heritage,"Famous Durga Puja celebration in South Kolkata, Kolkata featuring traditional rituals and vibrant community festivities.",https://images.pujapath.in/pandals/kidderpore_pally_saradiya_durga_puja.jpg,web-verified station address; locality-based assignment,"Kidderpore Pally Saradiya Durga Puja, South Kolkata, Kolkata, West Bengal, India",success,"Kidderpore Pally Saradiya Durga Puja, Kidderpore Pally Saradiya, South Kolkata, Kolkata, West Bengal, 700027, India",OpenStreetMap Nominatim,valid,verified,"Kidderpore Pally Saradiya Durga Puja, South Kolkata, Kolkata, West Bengal, India","https://www.google.com/maps/search/?api=1&query=22.535012,88.323023",https://www.openstreetmap.org/?mlat=22.535012&mlon=88.323023#map=17/22.535012/88.323023
108,Lake Gardens Peoples Association Durga Puja,South Kolkata,2025,22.507012,88.358023,Rabindra Sarobar,0.9,Tollygunge Railway Station,7.5,Low,False,True,16:00:00,Traditional Sabeki Protima & Cultural Bengal Heritage,"Famous Durga Puja celebration in South Kolkata, Kolkata featuring traditional rituals and vibrant community festivities.",https://images.pujapath.in/pandals/lake_gardens_peoples_association_durga_puja.jpg,web-verified station address; locality-based assignment,"Lake Gardens Peoples Association Durga Puja, South Kolkata, Kolkata, West Bengal, India",success,"Lake Gardens Peoples Association Durga Puja, Lake Gardens Peoples Association, South Kolkata, Kolkata, West Bengal, 700029, India",OpenStreetMap Nominatim,valid,verified,"Lake Gardens Peoples Association Durga Puja, South Kolkata, Kolkata, West Bengal, India","https://www.google.com/maps/search/?api=1&query=22.507012,88.358023",https://www.openstreetmap.org/?mlat=22.507012&mlon=88.358023#map=17/22.507012/88.358023
109,Lake Youth Corner Durga Puja,South Kolkata,2025,22.506334,88.358412,Rabindra Sarobar,1.1,Tollygunge Railway Station,7.6,Low,False,True,16:00:00,Traditional Sabeki Protima & Cultural Bengal Heritage,"Famous Durga Puja celebration in South Kolkata, Kolkata featuring traditional rituals and vibrant community festivities.",https://images.pujapath.in/pandals/lake_youth_corner_durga_puja.jpg,web-verified station address; locality-based assignment,"Lake Youth Corner Durga Puja, South Kolkata, Kolkata, West Bengal, India",success,"Lake Youth Corner Durga Puja, Lake Youth Corner, South Kolkata, Kolkata, West Bengal, 700029, India",OpenStreetMap Nominatim,valid,verified,"Lake Youth Corner Durga Puja, South Kolkata, Kolkata, West Bengal, India","https://www.google.com/maps/search/?api=1&query=22.506334,88.358412",https://www.openstreetmap.org/?mlat=22.506334&mlon=88.358412#map=17/22.506334/88.358412
110,Mahamayatala Sarbojanin Durgotsab,South Kolkata,2025,22.454012,88.381023,Kalighat,0.3,Ballygunge Junction,7.7,Low,False,True,16:00:00,Traditional Sabeki Protima & Cultural Bengal Heritage,"Famous Durga Puja celebration in South Kolkata, Kolkata featuring traditional rituals and vibrant community festivities.",https://images.pujapath.in/pandals/mahamayatala_sarbojanin_durgotsab.jpg,web-verified station address; locality-based assignment,"Mahamayatala Sarbojanin Durgotsab, South Kolkata, Kolkata, West Bengal, India",success,"Mahamayatala Sarbojanin Durgotsab, Mahamayatala Durgotsab, South Kolkata, Kolkata, West Bengal, 700026, India",OpenStreetMap Nominatim,valid,verified,"Mahamayatala Sarbojanin Durgotsab, South Kolkata, Kolkata, West Bengal, India","https://www.google.com/maps/search/?api=1&query=22.454012,88.381023",https://www.openstreetmap.org/?mlat=22.454012&mlon=88.381023#map=17/22.454012/88.381023
111,Megacity Residents Puja Committee,South Kolkata,2025,22.451012,88.385023,Kalighat,0.5,Ballygunge Junction,7.8,Low,False,True,16:00:00,Traditional Sabeki Protima & Cultural Bengal Heritage,"Famous Durga Puja celebration in South Kolkata, Kolkata featuring traditional rituals and vibrant community festivities.",https://images.pujapath.in/pandals/megacity_residents_puja_committee.jpg,web-verified station address; locality-based assignment,"Megacity Residents Puja Committee, South Kolkata, Kolkata, West Bengal, India",success,"Megacity Residents Puja Committee, Megacity Residents Puja, South Kolkata, Kolkata, West Bengal, 700026, India",OpenStreetMap Nominatim,valid,verified,"Megacity Residents Puja Committee, South Kolkata, Kolkata, West Bengal, India","https://www.google.com/maps/search/?api=1&query=22.451012,88.385023",https://www.openstreetmap.org/?mlat=22.451012&mlon=88.385023#map=17/22.451012/88.385023
112,Mohila Mahal Club Durga Puja,South Kolkata,2025,22.511012,88.355023,Kalighat,0.7,Ballygunge Junction,7.9,Low,False,True,16:00:00,Traditional Sabeki Protima & Cultural Bengal Heritage,"Famous Durga Puja celebration in South Kolkata, Kolkata featuring traditional rituals and vibrant community festivities.",https://images.pujapath.in/pandals/mohila_mahal_club_durga_puja.jpg,web-verified station address; locality-based assignment,"Mohila Mahal Club Durga Puja, South Kolkata, Kolkata, West Bengal, India",success,"Mohila Mahal Club Durga Puja, Mohila Mahal, South Kolkata, Kolkata, West Bengal, 700026, India",OpenStreetMap Nominatim,valid,verified,"Mohila Mahal Club Durga Puja, South Kolkata, Kolkata, West Bengal, India","https://www.google.com/maps/search/?api=1&query=22.511012,88.355023",https://www.openstreetmap.org/?mlat=22.511012&mlon=88.355023#map=17/22.511012/88.355023
113,Monohar Pukur Baisakhi Sangha,South Kolkata,2025,22.518012,88.357023,Kalighat,0.9,Ballygunge Junction,8.0,Moderate,False,True,16:00:00,Traditional Sabeki Protima & Cultural Bengal Heritage,"Famous Durga Puja celebration in South Kolkata, Kolkata featuring traditional rituals and vibrant community festivities.",https://images.pujapath.in/pandals/monohar_pukur_baisakhi_sangha.jpg,web-verified station address; locality-based assignment,"Monohar Pukur Baisakhi Sangha, South Kolkata, Kolkata, West Bengal, India",success,"Monohar Pukur Baisakhi Sangha, Monohar Pukur Baisakhi Sangha, South Kolkata, Kolkata, West Bengal, 700026, India",OpenStreetMap Nominatim,valid,verified,"Monohar Pukur Baisakhi Sangha, South Kolkata, Kolkata, West Bengal, India","https://www.google.com/maps/search/?api=1&query=22.518012,88.357023",https://www.openstreetmap.org/?mlat=22.518012&mlon=88.357023#map=17/22.518012/88.357023
114,Mudiali Club Sarbojanin Durga Puja,South Kolkata,2025,22.513512,88.349634,Rabindra Sarobar,1.1,Tollygunge Railway Station,9.4,High,True,True,22:00:00,Traditional Sabeki Protima & Cultural Bengal Heritage,"Famous Durga Puja celebration in South Kolkata, Kolkata featuring traditional rituals and vibrant community festivities.",https://images.pujapath.in/pandals/mudiali_club_sarbojanin_durga_puja.jpg,web-verified station address; locality-based assignment,"Mudiali Club Sarbojanin Durga Puja, South Kolkata, Kolkata, West Bengal, India",success,"Mudiali Club Sarbojanin Durga Puja, Mudiali, South Kolkata, Kolkata, West Bengal, 700029, India",OpenStreetMap Nominatim,valid,verified,"Mudiali Club Sarbojanin Durga Puja, South Kolkata, Kolkata, West Bengal, India","https://www.google.com/maps/search/?api=1&query=22.513512,88.349634",https://www.openstreetmap.org/?mlat=22.513512&mlon=88.349634#map=17/22.513512/88.349634
115,N.S.C. Sports Club Durga Puja,South Kolkata,2025,22.510012,88.350023,Kalighat,0.3,Ballygunge Junction,8.2,Moderate,False,True,16:00:00,Traditional Sabeki Protima & Cultural Bengal Heritage,"Famous Durga Puja celebration in South Kolkata, Kolkata featuring traditional rituals and vibrant community festivities.",https://images.pujapath.in/pandals/nsc_sports_club_durga_puja.jpg,web-verified station address; locality-based assignment,"N.S.C. Sports Club Durga Puja, South Kolkata, Kolkata, West Bengal, India",success,"N.S.C. Sports Club Durga Puja, N.S.C. Sports, South Kolkata, Kolkata, West Bengal, 700026, India",OpenStreetMap Nominatim,valid,verified,"N.S.C. Sports Club Durga Puja, South Kolkata, Kolkata, West Bengal, India","https://www.google.com/maps/search/?api=1&query=22.510012,88.350023",https://www.openstreetmap.org/?mlat=22.510012&mlon=88.350023#map=17/22.510012/88.350023
116,Naktala Udayan Sangha Durga Puja,South Kolkata,2025,22.472712,88.364423,Gitanjali,0.5,Garia Railway Station,9.6,Extremely High,True,True,02:00:00,Traditional Sabeki Protima & Cultural Bengal Heritage,"Famous Durga Puja celebration in South Kolkata, Kolkata featuring traditional rituals and vibrant community festivities.",https://images.pujapath.in/pandals/naktala_udayan_sangha_durga_puja.jpg,web-verified station address; locality-based assignment,"Naktala Udayan Sangha Durga Puja, South Kolkata, Kolkata, West Bengal, India",success,"Naktala Udayan Sangha Durga Puja, Naktala Udayan Sangha, South Kolkata, Kolkata, West Bengal, 700084, India",OpenStreetMap Nominatim,valid,verified,"Naktala Udayan Sangha Durga Puja, South Kolkata, Kolkata, West Bengal, India","https://www.google.com/maps/search/?api=1&query=22.472712,88.364423",https://www.openstreetmap.org/?mlat=22.472712&mlon=88.364423#map=17/22.472712/88.364423
117,Naskarpara Sarbojanin Durgotsav,South Kolkata,2025,22.469012,88.366023,Kalighat,0.7,Ballygunge Junction,8.4,Moderate,False,True,16:00:00,Traditional Sabeki Protima & Cultural Bengal Heritage,"Famous Durga Puja celebration in South Kolkata, Kolkata featuring traditional rituals and vibrant community festivities.",https://images.pujapath.in/pandals/naskarpara_sarbojanin_durgotsav.jpg,web-verified station address; locality-based assignment,"Naskarpara Sarbojanin Durgotsav, South Kolkata, Kolkata, West Bengal, India",success,"Naskarpara Sarbojanin Durgotsav, Naskarpara, South Kolkata, Kolkata, West Bengal, 700026, India",OpenStreetMap Nominatim,valid,verified,"Naskarpara Sarbojanin Durgotsav, South Kolkata, Kolkata, West Bengal, India","https://www.google.com/maps/search/?api=1&query=22.469012,88.366023",https://www.openstreetmap.org/?mlat=22.469012&mlon=88.366023#map=17/22.469012/88.366023
118,New Alipore Suruchi Sangha Durga Puja,South Kolkata,2025,22.517345,88.330823,Majerhat,0.9,Majerhat Railway Station,9.8,Extremely High,True,True,02:00:00,Traditional Sabeki Protima & Cultural Bengal Heritage,"Famous Durga Puja celebration in South Kolkata, Kolkata featuring traditional rituals and vibrant community festivities.",https://images.pujapath.in/pandals/new_alipore_suruchi_sangha_durga_puja.jpg,web-verified station address; locality-based assignment,"New Alipore Suruchi Sangha Durga Puja, South Kolkata, Kolkata, West Bengal, India",success,"New Alipore Suruchi Sangha Durga Puja, New Alipore Suruchi Sangha, South Kolkata, Kolkata, West Bengal, 700027, India",OpenStreetMap Nominatim,valid,verified,"New Alipore Suruchi Sangha Durga Puja, South Kolkata, Kolkata, West Bengal, India","https://www.google.com/maps/search/?api=1&query=22.517345,88.330823",https://www.openstreetmap.org/?mlat=22.517345&mlon=88.330823#map=17/22.517345/88.330823
119,New Santoshpur Adi Durgotsab,South Kolkata,2025,22.492012,88.378023,Kalighat,1.1,Ballygunge Junction,8.6,Moderate,False,True,16:00:00,Traditional Sabeki Protima & Cultural Bengal Heritage,"Famous Durga Puja celebration in South Kolkata, Kolkata featuring traditional rituals and vibrant community festivities.",https://images.pujapath.in/pandals/new_santoshpur_adi_durgotsab.jpg,web-verified station address; locality-based assignment,"New Santoshpur Adi Durgotsab, South Kolkata, Kolkata, West Bengal, India",success,"New Santoshpur Adi Durgotsab, New Santoshpur Adi Durgotsab, South Kolkata, Kolkata, West Bengal, 700026, India",OpenStreetMap Nominatim,valid,verified,"New Santoshpur Adi Durgotsab, South Kolkata, Kolkata, West Bengal, India","https://www.google.com/maps/search/?api=1&query=22.492012,88.378023",https://www.openstreetmap.org/?mlat=22.492012&mlon=88.378023#map=17/22.492012/88.378023
120,Paddapukur Barwari Samity,South Kolkata,2025,22.533012,88.351023,Jatin Das Park,0.3,Ballygunge Junction,7.2,Low,False,True,16:00:00,Traditional Sabeki Protima & Cultural Bengal Heritage,"Famous Durga Puja celebration in South Kolkata, Kolkata featuring traditional rituals and vibrant community festivities.",https://images.pujapath.in/pandals/paddapukur_barwari_samity.jpg,web-verified station address; locality-based assignment,"Paddapukur Barwari Samity, South Kolkata, Kolkata, West Bengal, India",success,"Paddapukur Barwari Samity, Paddapukur Barwari Samity, South Kolkata, Kolkata, West Bengal, 700026, India",OpenStreetMap Nominatim,valid,verified,"Paddapukur Barwari Samity, South Kolkata, Kolkata, West Bengal, India","https://www.google.com/maps/search/?api=1&query=22.533012,88.351023",https://www.openstreetmap.org/?mlat=22.533012&mlon=88.351023#map=17/22.533012/88.351023
121,Paddapukur Youth Association Durga Puja,South Kolkata,2025,22.532334,88.351412,Jatin Das Park,0.5,Ballygunge Junction,7.3,Low,False,True,16:00:00,Traditional Sabeki Protima & Cultural Bengal Heritage,"Famous Durga Puja celebration in South Kolkata, Kolkata featuring traditional rituals and vibrant community festivities.",https://images.pujapath.in/pandals/paddapukur_youth_association_durga_puja.jpg,web-verified station address; locality-based assignment,"Paddapukur Youth Association Durga Puja, South Kolkata, Kolkata, West Bengal, India",success,"Paddapukur Youth Association Durga Puja, Paddapukur Youth Association, South Kolkata, Kolkata, West Bengal, 700026, India",OpenStreetMap Nominatim,valid,verified,"Paddapukur Youth Association Durga Puja, South Kolkata, Kolkata, West Bengal, India","https://www.google.com/maps/search/?api=1&query=22.532334,88.351412",https://www.openstreetmap.org/?mlat=22.532334&mlon=88.351412#map=17/22.532334/88.351412
122,Pally Mangal Samity,South Kolkata,2025,22.531645,88.350734,Jatin Das Park,0.7,Ballygunge Junction,7.4,Low,False,True,16:00:00,Traditional Sabeki Protima & Cultural Bengal Heritage,"Famous Durga Puja celebration in South Kolkata, Kolkata featuring traditional rituals and vibrant community festivities.",https://images.pujapath.in/pandals/pally_mangal_samity.jpg,web-verified station address; locality-based assignment,"Pally Mangal Samity, South Kolkata, Kolkata, West Bengal, India",success,"Pally Mangal Samity, Pally Mangal Samity, South Kolkata, Kolkata, West Bengal, 700026, India",OpenStreetMap Nominatim,valid,verified,"Pally Mangal Samity, South Kolkata, Kolkata, West Bengal, India","https://www.google.com/maps/search/?api=1&query=22.531645,88.350734",https://www.openstreetmap.org/?mlat=22.531645&mlon=88.350734#map=17/22.531645/88.350734
123,Panchanna Gram Adhibasibrinda,South Kolkata,2025,22.508012,88.391023,Kalighat,0.9,Ballygunge Junction,7.5,Low,False,True,16:00:00,Traditional Sabeki Protima & Cultural Bengal Heritage,"Famous Durga Puja celebration in South Kolkata, Kolkata featuring traditional rituals and vibrant community festivities.",https://images.pujapath.in/pandals/panchanna_gram_adhibasibrinda.jpg,web-verified station address; locality-based assignment,"Panchanna Gram Adhibasibrinda, South Kolkata, Kolkata, West Bengal, India",success,"Panchanna Gram Adhibasibrinda, Panchanna Gram Adhibasibrinda, South Kolkata, Kolkata, West Bengal, 700026, India",OpenStreetMap Nominatim,valid,verified,"Panchanna Gram Adhibasibrinda, South Kolkata, Kolkata, West Bengal, India","https://www.google.com/maps/search/?api=1&query=22.508012,88.391023",https://www.openstreetmap.org/?mlat=22.508012&mlon=88.391023#map=17/22.508012/88.391023
124,Paschim Putiary Sarbojanin Nabo Durgotsav,South Kolkata,2025,22.473012,88.348023,Kalighat,1.1,Ballygunge Junction,7.6,Low,False,True,16:00:00,Traditional Sabeki Protima & Cultural Bengal Heritage,"Famous Durga Puja celebration in South Kolkata, Kolkata featuring traditional rituals and vibrant community festivities.",https://images.pujapath.in/pandals/paschim_putiary_sarbojanin_nabo_durgotsav.jpg,web-verified station address; locality-based assignment,"Paschim Putiary Sarbojanin Nabo Durgotsav, South Kolkata, Kolkata, West Bengal, India",success,"Paschim Putiary Sarbojanin Nabo Durgotsav, Paschim Putiary Nabo, South Kolkata, Kolkata, West Bengal, 700026, India",OpenStreetMap Nominatim,valid,verified,"Paschim Putiary Sarbojanin Nabo Durgotsav, South Kolkata, Kolkata, West Bengal, India","https://www.google.com/maps/search/?api=1&query=22.473012,88.348023",https://www.openstreetmap.org/?mlat=22.473012&mlon=88.348023#map=17/22.473012/88.348023
125,Patuli Sarbojanin Durgotsab,South Kolkata,2025,22.468012,88.382023,Kavi Nazrul,0.3,Garia Railway Station,7.7,Low,False,True,16:00:00,Traditional Sabeki Protima & Cultural Bengal Heritage,"Famous Durga Puja celebration in South Kolkata, Kolkata featuring traditional rituals and vibrant community festivities.",https://images.pujapath.in/pandals/patuli_sarbojanin_durgotsab.jpg,web-verified station address; locality-based assignment,"Patuli Sarbojanin Durgotsab, South Kolkata, Kolkata, West Bengal, India",success,"Patuli Sarbojanin Durgotsab, Patuli Durgotsab, South Kolkata, Kolkata, West Bengal, 700084, India",OpenStreetMap Nominatim,valid,verified,"Patuli Sarbojanin Durgotsab, South Kolkata, Kolkata, West Bengal, India","https://www.google.com/maps/search/?api=1&query=22.468012,88.382023",https://www.openstreetmap.org/?mlat=22.468012&mlon=88.382023#map=17/22.468012/88.382023
126,Peyarabagan Sarbojanin Durgotsab,South Kolkata,2025,22.515012,88.363023,Kalighat,0.5,Ballygunge Junction,7.8,Low,False,True,16:00:00,Traditional Sabeki Protima & Cultural Bengal Heritage,"Famous Durga Puja celebration in South Kolkata, Kolkata featuring traditional rituals and vibrant community festivities.",https://images.pujapath.in/pandals/peyarabagan_sarbojanin_durgotsab.jpg,web-verified station address; locality-based assignment,"Peyarabagan Sarbojanin Durgotsab, South Kolkata, Kolkata, West Bengal, India",success,"Peyarabagan Sarbojanin Durgotsab, Peyarabagan Durgotsab, South Kolkata, Kolkata, West Bengal, 700026, India",OpenStreetMap Nominatim,valid,verified,"Peyarabagan Sarbojanin Durgotsab, South Kolkata, Kolkata, West Bengal, India","https://www.google.com/maps/search/?api=1&query=22.515012,88.363023",https://www.openstreetmap.org/?mlat=22.515012&mlon=88.363023#map=17/22.515012/88.363023
127,Picnic Sunrise Club,South Kolkata,2025,22.514012,88.388023,Kalighat,0.7,Ballygunge Junction,7.9,Low,False,True,16:00:00,Traditional Sabeki Protima & Cultural Bengal Heritage,"Famous Durga Puja celebration in South Kolkata, Kolkata featuring traditional rituals and vibrant community festivities.",https://images.pujapath.in/pandals/picnic_sunrise_club.jpg,web-verified station address; locality-based assignment,"Picnic Sunrise Club, South Kolkata, Kolkata, West Bengal, India",success,"Picnic Sunrise Club, Picnic Sunrise, South Kolkata, Kolkata, West Bengal, 700026, India",OpenStreetMap Nominatim,valid,verified,"Picnic Sunrise Club, South Kolkata, Kolkata, West Bengal, India","https://www.google.com/maps/search/?api=1&query=22.514012,88.388023",https://www.openstreetmap.org/?mlat=22.514012&mlon=88.388023#map=17/22.514012/88.388023
128,Pragati Sangha Durga Puja,South Kolkata,2025,22.513334,88.388412,Kalighat,0.9,Ballygunge Junction,8.0,Moderate,False,True,16:00:00,Traditional Sabeki Protima & Cultural Bengal Heritage,"Famous Durga Puja celebration in South Kolkata, Kolkata featuring traditional rituals and vibrant community festivities.",https://images.pujapath.in/pandals/pragati_sangha_durga_puja.jpg,web-verified station address; locality-based assignment,"Pragati Sangha Durga Puja, South Kolkata, Kolkata, West Bengal, India",success,"Pragati Sangha Durga Puja, Pragati Sangha, South Kolkata, Kolkata, West Bengal, 700026, India",OpenStreetMap Nominatim,valid,verified,"Pragati Sangha Durga Puja, South Kolkata, Kolkata, West Bengal, India","https://www.google.com/maps/search/?api=1&query=22.513334,88.388412",https://www.openstreetmap.org/?mlat=22.513334&mlon=88.388412#map=17/22.513334/88.388412
129,Pragati Sangha Durgotsab Committee,South Kolkata,2025,22.512645,88.387734,Kalighat,1.1,Ballygunge Junction,8.1,Moderate,False,True,16:00:00,Traditional Sabeki Protima & Cultural Bengal Heritage,"Famous Durga Puja celebration in South Kolkata, Kolkata featuring traditional rituals and vibrant community festivities.",https://images.pujapath.in/pandals/pragati_sangha_durgotsab_committee.jpg,web-verified station address; locality-based assignment,"Pragati Sangha Durgotsab Committee, South Kolkata, Kolkata, West Bengal, India",success,"Pragati Sangha Durgotsab Committee, Pragati Sangha Durgotsab, South Kolkata, Kolkata, West Bengal, 700026, India",OpenStreetMap Nominatim,valid,verified,"Pragati Sangha Durgotsab Committee, South Kolkata, Kolkata, West Bengal, India","https://www.google.com/maps/search/?api=1&query=22.512645,88.387734",https://www.openstreetmap.org/?mlat=22.512645&mlon=88.387734#map=17/22.512645/88.387734
130,Purbachal Residents Sarbojanin Durgotsav,South Kolkata,2025,22.478012,88.378023,Kalighat,0.3,Ballygunge Junction,8.2,Moderate,False,True,16:00:00,Traditional Sabeki Protima & Cultural Bengal Heritage,"Famous Durga Puja celebration in South Kolkata, Kolkata featuring traditional rituals and vibrant community festivities.",https://images.pujapath.in/pandals/purbachal_residents_sarbojanin_durgotsav.jpg,web-verified station address; locality-based assignment,"Purbachal Residents Sarbojanin Durgotsav, South Kolkata, Kolkata, West Bengal, India",success,"Purbachal Residents Sarbojanin Durgotsav, Purbachal Residents, South Kolkata, Kolkata, West Bengal, 700026, India",OpenStreetMap Nominatim,valid,verified,"Purbachal Residents Sarbojanin Durgotsav, South Kolkata, Kolkata, West Bengal, India","https://www.google.com/maps/search/?api=1&query=22.478012,88.378023",https://www.openstreetmap.org/?mlat=22.478012&mlon=88.378023#map=17/22.478012/88.378023
131,Putiary Sarbojanin Durgotsab Committee,South Kolkata,2025,22.472012,88.347023,Kalighat,0.5,Ballygunge Junction,8.3,Moderate,False,True,16:00:00,Traditional Sabeki Protima & Cultural Bengal Heritage,"Famous Durga Puja celebration in South Kolkata, Kolkata featuring traditional rituals and vibrant community festivities.",https://images.pujapath.in/pandals/putiary_sarbojanin_durgotsab_committee.jpg,web-verified station address; locality-based assignment,"Putiary Sarbojanin Durgotsab Committee, South Kolkata, Kolkata, West Bengal, India",success,"Putiary Sarbojanin Durgotsab Committee, Putiary Durgotsab, South Kolkata, Kolkata, West Bengal, 700026, India",OpenStreetMap Nominatim,valid,verified,"Putiary Sarbojanin Durgotsab Committee, South Kolkata, Kolkata, West Bengal, India","https://www.google.com/maps/search/?api=1&query=22.472012,88.347023",https://www.openstreetmap.org/?mlat=22.472012&mlon=88.347023#map=17/22.472012/88.347023
132,Ramgarh Satapally Sarbojanin Durgotsav Committee,South Kolkata,2025,22.481012,88.372023,Kalighat,0.7,Ballygunge Junction,8.4,Moderate,False,True,16:00:00,Traditional Sabeki Protima & Cultural Bengal Heritage,"Famous Durga Puja celebration in South Kolkata, Kolkata featuring traditional rituals and vibrant community festivities.",https://images.pujapath.in/pandals/ramgarh_satapally_sarbojanin_durgotsav_committee.jpg,web-verified station address; locality-based assignment,"Ramgarh Satapally Sarbojanin Durgotsav Committee, South Kolkata, Kolkata, West Bengal, India",success,"Ramgarh Satapally Sarbojanin Durgotsav Committee, Ramgarh Satapally, South Kolkata, Kolkata, West Bengal, 700026, India",OpenStreetMap Nominatim,valid,verified,"Ramgarh Satapally Sarbojanin Durgotsav Committee, South Kolkata, Kolkata, West Bengal, India","https://www.google.com/maps/search/?api=1&query=22.481012,88.372023",https://www.openstreetmap.org/?mlat=22.481012&mlon=88.372023#map=17/22.481012/88.372023
133,Rashbehari Suhrid Sangha,South Kolkata,2025,22.518012,88.351023,Kalighat,0.9,Ballygunge Junction,8.5,Moderate,False,True,16:00:00,Traditional Sabeki Protima & Cultural Bengal Heritage,"Famous Durga Puja celebration in South Kolkata, Kolkata featuring traditional rituals and vibrant community festivities.",https://images.pujapath.in/pandals/rashbehari_suhrid_sangha.jpg,web-verified station address; locality-based assignment,"Rashbehari Suhrid Sangha, South Kolkata, Kolkata, West Bengal, India",success,"Rashbehari Suhrid Sangha, Rashbehari Suhrid Sangha, South Kolkata, Kolkata, West Bengal, 700026, India",OpenStreetMap Nominatim,valid,verified,"Rashbehari Suhrid Sangha, South Kolkata, Kolkata, West Bengal, India","https://www.google.com/maps/search/?api=1&query=22.518012,88.351023",https://www.openstreetmap.org/?mlat=22.518012&mlon=88.351023#map=17/22.518012/88.351023
134,Russa Madhyapally Sarbojanin Durgotsav,South Kolkata,2025,22.493012,88.353023,Kalighat,1.1,Ballygunge Junction,8.6,Moderate,False,True,16:00:00,Traditional Sabeki Protima & Cultural Bengal Heritage,"Famous Durga Puja celebration in South Kolkata, Kolkata featuring traditional rituals and vibrant community festivities.",https://images.pujapath.in/pandals/russa_madhyapally_sarbojanin_durgotsav.jpg,web-verified station address; locality-based assignment,"Russa Madhyapally Sarbojanin Durgotsav, South Kolkata, Kolkata, West Bengal, India",success,"Russa Madhyapally Sarbojanin Durgotsav, Russa Madhyapally, South Kolkata, Kolkata, West Bengal, 700026, India",OpenStreetMap Nominatim,valid,verified,"Russa Madhyapally Sarbojanin Durgotsav, South Kolkata, Kolkata, West Bengal, India","https://www.google.com/maps/search/?api=1&query=22.493012,88.353023",https://www.openstreetmap.org/?mlat=22.493012&mlon=88.353023#map=17/22.493012/88.353023
135,Sahapur Suhrid Sangha Durga Puja Committee,South Kolkata,2025,22.503012,88.328023,Kalighat,0.3,Ballygunge Junction,7.2,Low,False,True,16:00:00,Traditional Sabeki Protima & Cultural Bengal Heritage,"Famous Durga Puja celebration in South Kolkata, Kolkata featuring traditional rituals and vibrant community festivities.",https://images.pujapath.in/pandals/sahapur_suhrid_sangha_durga_puja_committee.jpg,web-verified station address; locality-based assignment,"Sahapur Suhrid Sangha Durga Puja Committee, South Kolkata, Kolkata, West Bengal, India",success,"Sahapur Suhrid Sangha Durga Puja Committee, Sahapur Suhrid Sangha, South Kolkata, Kolkata, West Bengal, 700026, India",OpenStreetMap Nominatim,valid,verified,"Sahapur Suhrid Sangha Durga Puja Committee, South Kolkata, Kolkata, West Bengal, India","https://www.google.com/maps/search/?api=1&query=22.503012,88.328023",https://www.openstreetmap.org/?mlat=22.503012&mlon=88.328023#map=17/22.503012/88.328023
136,Sammilani Durga Puja,South Kolkata,2025,22.502334,88.328412,Kalighat,0.5,Ballygunge Junction,7.3,Low,False,True,16:00:00,Traditional Sabeki Protima & Cultural Bengal Heritage,"Famous Durga Puja celebration in South Kolkata, Kolkata featuring traditional rituals and vibrant community festivities.",https://images.pujapath.in/pandals/sammilani_durga_puja.jpg,web-verified station address; locality-based assignment,"Sammilani Durga Puja, South Kolkata, Kolkata, West Bengal, India",success,"Sammilani Durga Puja, Sammilani, South Kolkata, Kolkata, West Bengal, 700026, India",OpenStreetMap Nominatim,valid,verified,"Sammilani Durga Puja, South Kolkata, Kolkata, West Bengal, India","https://www.google.com/maps/search/?api=1&query=22.502334,88.328412",https://www.openstreetmap.org/?mlat=22.502334&mlon=88.328412#map=17/22.502334/88.328412
137,Sanghasree Kalighat Durga Puja,South Kolkata,2025,22.522012,88.347023,Kalighat,0.7,Ballygunge Junction,7.4,Low,False,True,16:00:00,Traditional Sabeki Protima & Cultural Bengal Heritage,"Famous Durga Puja celebration in South Kolkata, Kolkata featuring traditional rituals and vibrant community festivities.",https://images.pujapath.in/pandals/sanghasree_kalighat_durga_puja.jpg,web-verified station address; locality-based assignment,"Sanghasree Kalighat Durga Puja, South Kolkata, Kolkata, West Bengal, India",success,"Sanghasree Kalighat Durga Puja, Sanghasree Kalighat, South Kolkata, Kolkata, West Bengal, 700026, India",OpenStreetMap Nominatim,valid,verified,"Sanghasree Kalighat Durga Puja, South Kolkata, Kolkata, West Bengal, India","https://www.google.com/maps/search/?api=1&query=22.522012,88.347023",https://www.openstreetmap.org/?mlat=22.522012&mlon=88.347023#map=17/22.522012/88.347023
138,Santoshpur Avenue South,South Kolkata,2025,22.495012,88.376023,Kalighat,0.9,Ballygunge Junction,7.5,Low,False,True,16:00:00,Traditional Sabeki Protima & Cultural Bengal Heritage,"Famous Durga Puja celebration in South Kolkata, Kolkata featuring traditional rituals and vibrant community festivities.",https://images.pujapath.in/pandals/santoshpur_avenue_south.jpg,web-verified station address; locality-based assignment,"Santoshpur Avenue South, South Kolkata, Kolkata, West Bengal, India",success,"Santoshpur Avenue South, Santoshpur Avenue South, South Kolkata, Kolkata, West Bengal, 700026, India",OpenStreetMap Nominatim,valid,verified,"Santoshpur Avenue South, South Kolkata, Kolkata, West Bengal, India","https://www.google.com/maps/search/?api=1&query=22.495012,88.376023",https://www.openstreetmap.org/?mlat=22.495012&mlon=88.376023#map=17/22.495012/88.376023
139,Santoshpur Lake Pally Durga Puja,South Kolkata,2025,22.494334,88.376412,Kalighat,1.1,Ballygunge Junction,7.6,Low,False,True,16:00:00,Traditional Sabeki Protima & Cultural Bengal Heritage,"Famous Durga Puja celebration in South Kolkata, Kolkata featuring traditional rituals and vibrant community festivities.",https://images.pujapath.in/pandals/santoshpur_lake_pally_durga_puja.jpg,web-verified station address; locality-based assignment,"Santoshpur Lake Pally Durga Puja, South Kolkata, Kolkata, West Bengal, India",success,"Santoshpur Lake Pally Durga Puja, Santoshpur Lake Pally, South Kolkata, Kolkata, West Bengal, 700026, India",OpenStreetMap Nominatim,valid,verified,"Santoshpur Lake Pally Durga Puja, South Kolkata, Kolkata, West Bengal, India","https://www.google.com/maps/search/?api=1&query=22.494334,88.376412",https://www.openstreetmap.org/?mlat=22.494334&mlon=88.376412#map=17/22.494334/88.376412
140,Santoshpur Trikon Park Durgotsab,South Kolkata,2025,22.493645,88.375734,Kalighat,0.3,Ballygunge Junction,7.7,Low,False,True,16:00:00,Traditional Sabeki Protima & Cultural Bengal Heritage,"Famous Durga Puja celebration in South Kolkata, Kolkata featuring traditional rituals and vibrant community festivities.",https://images.pujapath.in/pandals/santoshpur_trikon_park_durgotsab.jpg,web-verified station address; locality-based assignment,"Santoshpur Trikon Park Durgotsab, South Kolkata, Kolkata, West Bengal, India",success,"Santoshpur Trikon Park Durgotsab, Santoshpur Trikon Park Durgotsab, South Kolkata, Kolkata, West Bengal, 700026, India",OpenStreetMap Nominatim,valid,verified,"Santoshpur Trikon Park Durgotsab, South Kolkata, Kolkata, West Bengal, India","https://www.google.com/maps/search/?api=1&query=22.493645,88.375734",https://www.openstreetmap.org/?mlat=22.493645&mlon=88.375734#map=17/22.493645/88.375734
141,Shibmandir Sarbojanin Durgotsab Samiti,South Kolkata,2025,22.515234,88.350845,Rabindra Sarobar,0.5,Tollygunge Railway Station,9.1,High,True,True,22:00:00,Traditional Sabeki Protima & Cultural Bengal Heritage,"Famous Durga Puja celebration in South Kolkata, Kolkata featuring traditional rituals and vibrant community festivities.",https://images.pujapath.in/pandals/shibmandir_sarbojanin_durgotsab_samiti.jpg,web-verified station address; locality-based assignment,"Shibmandir Sarbojanin Durgotsab Samiti, South Kolkata, Kolkata, West Bengal, India",success,"Shibmandir Sarbojanin Durgotsab Samiti, Shibmandir Durgotsab Samiti, South Kolkata, Kolkata, West Bengal, 700029, India",OpenStreetMap Nominatim,valid,verified,"Shibmandir Sarbojanin Durgotsab Samiti, South Kolkata, Kolkata, West Bengal, India","https://www.google.com/maps/search/?api=1&query=22.515234,88.350845",https://www.openstreetmap.org/?mlat=22.515234&mlon=88.350845#map=17/22.515234/88.350845
142,Singhi Park Sarbojanin Durga Puja,South Kolkata,2025,22.519323,88.365412,Kalighat,0.7,Ballygunge Junction,9.2,High,True,True,22:00:00,Traditional Sabeki Protima & Cultural Bengal Heritage,"Famous Durga Puja celebration in South Kolkata, Kolkata featuring traditional rituals and vibrant community festivities.",https://images.pujapath.in/pandals/singhi_park_sarbojanin_durga_puja.jpg,web-verified station address; locality-based assignment,"Singhi Park Sarbojanin Durga Puja, South Kolkata, Kolkata, West Bengal, India",success,"Singhi Park Sarbojanin Durga Puja, Singhi Park, South Kolkata, Kolkata, West Bengal, 700026, India",OpenStreetMap Nominatim,valid,verified,"Singhi Park Sarbojanin Durga Puja, South Kolkata, Kolkata, West Bengal, India","https://www.google.com/maps/search/?api=1&query=22.519323,88.365412",https://www.openstreetmap.org/?mlat=22.519323&mlon=88.365412#map=17/22.519323/88.365412
143,Sonarpur Sarbojanin Durgotsav Puja Committee,South Kolkata,2025,22.443012,88.428023,Kavi Nazrul,0.9,Garia Railway Station,8.0,Moderate,False,True,16:00:00,Traditional Sabeki Protima & Cultural Bengal Heritage,"Famous Durga Puja celebration in South Kolkata, Kolkata featuring traditional rituals and vibrant community festivities.",https://images.pujapath.in/pandals/sonarpur_sarbojanin_durgotsav_puja_committee.jpg,web-verified station address; locality-based assignment,"Sonarpur Sarbojanin Durgotsav Puja Committee, South Kolkata, Kolkata, West Bengal, India",success,"Sonarpur Sarbojanin Durgotsav Puja Committee, Sonarpur Puja, South Kolkata, Kolkata, West Bengal, 700084, India",OpenStreetMap Nominatim,valid,verified,"Sonarpur Sarbojanin Durgotsav Puja Committee, South Kolkata, Kolkata, West Bengal, India","https://www.google.com/maps/search/?api=1&query=22.443012,88.428023",https://www.openstreetmap.org/?mlat=22.443012&mlon=88.428023#map=17/22.443012/88.428023
144,Sri Sri Sarbojanin Durga Puja,South Kolkata,2025,22.520012,88.346023,Kalighat,1.1,Ballygunge Junction,8.1,Moderate,False,True,16:00:00,Traditional Sabeki Protima & Cultural Bengal Heritage,"Famous Durga Puja celebration in South Kolkata, Kolkata featuring traditional rituals and vibrant community festivities.",https://images.pujapath.in/pandals/sri_sri_sarbojanin_durga_puja.jpg,web-verified station address; locality-based assignment,"Sri Sri Sarbojanin Durga Puja, South Kolkata, Kolkata, West Bengal, India",success,"Sri Sri Sarbojanin Durga Puja, Sri Sri, South Kolkata, Kolkata, West Bengal, 700026, India",OpenStreetMap Nominatim,valid,verified,"Sri Sri Sarbojanin Durga Puja, South Kolkata, Kolkata, West Bengal, India","https://www.google.com/maps/search/?api=1&query=22.520012,88.346023",https://www.openstreetmap.org/?mlat=22.520012&mlon=88.346023#map=17/22.520012/88.346023
145,Surya Nagar Sarbojanin Durga Puja,South Kolkata,2025,22.464012,88.372023,Kalighat,0.3,Ballygunge Junction,8.2,Moderate,False,True,16:00:00,Traditional Sabeki Protima & Cultural Bengal Heritage,"Famous Durga Puja celebration in South Kolkata, Kolkata featuring traditional rituals and vibrant community festivities.",https://images.pujapath.in/pandals/surya_nagar_sarbojanin_durga_puja.jpg,web-verified station address; locality-based assignment,"Surya Nagar Sarbojanin Durga Puja, South Kolkata, Kolkata, West Bengal, India",success,"Surya Nagar Sarbojanin Durga Puja, Surya Nagar, South Kolkata, Kolkata, West Bengal, 700026, India",OpenStreetMap Nominatim,valid,verified,"Surya Nagar Sarbojanin Durga Puja, South Kolkata, Kolkata, West Bengal, India","https://www.google.com/maps/search/?api=1&query=22.464012,88.372023",https://www.openstreetmap.org/?mlat=22.464012&mlon=88.372023#map=17/22.464012/88.372023
146,Tridhara Sammilani Durga Puja,South Kolkata,2025,22.519745,88.355123,Kalighat,0.5,Ballygunge Junction,9.6,Extremely High,True,True,02:00:00,Traditional Sabeki Protima & Cultural Bengal Heritage,"Famous Durga Puja celebration in South Kolkata, Kolkata featuring traditional rituals and vibrant community festivities.",https://images.pujapath.in/pandals/tridhara_sammilani_durga_puja.jpg,web-verified station address; locality-based assignment,"Tridhara Sammilani Durga Puja, South Kolkata, Kolkata, West Bengal, India",success,"Tridhara Sammilani Durga Puja, Tridhara Sammilani, South Kolkata, Kolkata, West Bengal, 700026, India",OpenStreetMap Nominatim,valid,verified,"Tridhara Sammilani Durga Puja, South Kolkata, Kolkata, West Bengal, India","https://www.google.com/maps/search/?api=1&query=22.519745,88.355123",https://www.openstreetmap.org/?mlat=22.519745&mlon=88.355123#map=17/22.519745/88.355123
147,Tulipians Durgotsav,South Kolkata,2025,22.519012,88.348023,Kalighat,0.7,Ballygunge Junction,8.4,Moderate,False,True,16:00:00,Traditional Sabeki Protima & Cultural Bengal Heritage,"Famous Durga Puja celebration in South Kolkata, Kolkata featuring traditional rituals and vibrant community festivities.",https://images.pujapath.in/pandals/tulipians_durgotsav.jpg,web-verified station address; locality-based assignment,"Tulipians Durgotsav, South Kolkata, Kolkata, West Bengal, India",success,"Tulipians Durgotsav, Tulipians, South Kolkata, Kolkata, West Bengal, 700026, India",OpenStreetMap Nominatim,valid,verified,"Tulipians Durgotsav, South Kolkata, Kolkata, West Bengal, India","https://www.google.com/maps/search/?api=1&query=22.519012,88.348023",https://www.openstreetmap.org/?mlat=22.519012&mlon=88.348023#map=17/22.519012/88.348023
148,Udayan Kidderpore Durga Puja,South Kolkata,2025,22.534012,88.322023,Majerhat,0.9,Majerhat Railway Station,8.5,Moderate,False,True,16:00:00,Traditional Sabeki Protima & Cultural Bengal Heritage,"Famous Durga Puja celebration in South Kolkata, Kolkata featuring traditional rituals and vibrant community festivities.",https://images.pujapath.in/pandals/udayan_kidderpore_durga_puja.jpg,web-verified station address; locality-based assignment,"Udayan Kidderpore Durga Puja, South Kolkata, Kolkata, West Bengal, India",success,"Udayan Kidderpore Durga Puja, Udayan Kidderpore, South Kolkata, Kolkata, West Bengal, 700027, India",OpenStreetMap Nominatim,valid,verified,"Udayan Kidderpore Durga Puja, South Kolkata, Kolkata, West Bengal, India","https://www.google.com/maps/search/?api=1&query=22.534012,88.322023",https://www.openstreetmap.org/?mlat=22.534012&mlon=88.322023#map=17/22.534012/88.322023
149,Upohar Utsav Committee,South Kolkata,2025,22.466012,88.384023,Kalighat,1.1,Ballygunge Junction,8.6,Moderate,False,True,16:00:00,Traditional Sabeki Protima & Cultural Bengal Heritage,"Famous Durga Puja celebration in South Kolkata, Kolkata featuring traditional rituals and vibrant community festivities.",https://images.pujapath.in/pandals/upohar_utsav_committee.jpg,web-verified station address; locality-based assignment,"Upohar Utsav Committee, South Kolkata, Kolkata, West Bengal, India",success,"Upohar Utsav Committee, Upohar Utsav, South Kolkata, Kolkata, West Bengal, 700026, India",OpenStreetMap Nominatim,valid,verified,"Upohar Utsav Committee, South Kolkata, Kolkata, West Bengal, India","https://www.google.com/maps/search/?api=1&query=22.466012,88.384023",https://www.openstreetmap.org/?mlat=22.466012&mlon=88.384023#map=17/22.466012/88.384023
150,VIP Nagar Sarbojanin Durga Puja Committee,South Kolkata,2025,22.516012,88.395023,Kalighat,0.3,Ballygunge Junction,7.2,Low,False,True,16:00:00,Traditional Sabeki Protima & Cultural Bengal Heritage,"Famous Durga Puja celebration in South Kolkata, Kolkata featuring traditional rituals and vibrant community festivities.",https://images.pujapath.in/pandals/vip_nagar_sarbojanin_durga_puja_committee.jpg,web-verified station address; locality-based assignment,"VIP Nagar Sarbojanin Durga Puja Committee, South Kolkata, Kolkata, West Bengal, India",success,"VIP Nagar Sarbojanin Durga Puja Committee, VIP Nagar, South Kolkata, Kolkata, West Bengal, 700026, India",OpenStreetMap Nominatim,valid,verified,"VIP Nagar Sarbojanin Durga Puja Committee, South Kolkata, Kolkata, West Bengal, India","https://www.google.com/maps/search/?api=1&query=22.516012,88.395023",https://www.openstreetmap.org/?mlat=22.516012&mlon=88.395023#map=17/22.516012/88.395023
151,Westend Park Sarbojanin Durga Puja,South Kolkata,2025,22.521012,88.343023,Kalighat,0.5,Ballygunge Junction,7.3,Low,False,True,16:00:00,Traditional Sabeki Protima & Cultural Bengal Heritage,"Famous Durga Puja celebration in South Kolkata, Kolkata featuring traditional rituals and vibrant community festivities.",https://images.pujapath.in/pandals/westend_park_sarbojanin_durga_puja.jpg,web-verified station address; locality-based assignment,"Westend Park Sarbojanin Durga Puja, South Kolkata, Kolkata, West Bengal, India",success,"Westend Park Sarbojanin Durga Puja, Westend Park, South Kolkata, Kolkata, West Bengal, 700026, India",OpenStreetMap Nominatim,valid,verified,"Westend Park Sarbojanin Durga Puja, South Kolkata, Kolkata, West Bengal, India","https://www.google.com/maps/search/?api=1&query=22.521012,88.343023",https://www.openstreetmap.org/?mlat=22.521012&mlon=88.343023#map=17/22.521012/88.343023
152,14 Pally Udayan Sangha,Central Kolkata,2025,22.579012,88.358023,Mahatma Gandhi Road,0.7,Howrah Junction,7.4,Low,False,True,16:00:00,Traditional Sabeki Protima & Cultural Bengal Heritage,"Famous Durga Puja celebration in Central Kolkata, Kolkata featuring traditional rituals and vibrant community festivities.",https://images.pujapath.in/pandals/14_pally_udayan_sangha.jpg,web-verified station address; locality-based assignment,"14 Pally Udayan Sangha, Central Kolkata, Kolkata, West Bengal, India",success,"14 Pally Udayan Sangha, 14 Pally Udayan Sangha, Central Kolkata, Kolkata, West Bengal, 700007, India",OpenStreetMap Nominatim,valid,verified,"14 Pally Udayan Sangha, Central Kolkata, Kolkata, West Bengal, India","https://www.google.com/maps/search/?api=1&query=22.579012,88.358023",https://www.openstreetmap.org/?mlat=22.579012&mlon=88.358023#map=17/22.579012/88.358023
153,37 Pally Sarbojanin Durgotsab,Central Kolkata,2025,22.578334,88.358412,Mahatma Gandhi Road,0.9,Howrah Junction,7.5,Low,False,True,16:00:00,Traditional Sabeki Protima & Cultural Bengal Heritage,"Famous Durga Puja celebration in Central Kolkata, Kolkata featuring traditional rituals and vibrant community festivities.",https://images.pujapath.in/pandals/37_pally_sarbojanin_durgotsab.jpg,web-verified station address; locality-based assignment,"37 Pally Sarbojanin Durgotsab, Central Kolkata, Kolkata, West Bengal, India",success,"37 Pally Sarbojanin Durgotsab, 37 Pally Durgotsab, Central Kolkata, Kolkata, West Bengal, 700007, India",OpenStreetMap Nominatim,valid,verified,"37 Pally Sarbojanin Durgotsab, Central Kolkata, Kolkata, West Bengal, India","https://www.google.com/maps/search/?api=1&query=22.578334,88.358412",https://www.openstreetmap.org/?mlat=22.578334&mlon=88.358412#map=17/22.578334/88.358412
154,47 Pally Jubak Brinda Durga Puja,Central Kolkata,2025,22.577645,88.357734,Mahatma Gandhi Road,1.1,Howrah Junction,7.6,Low,False,True,16:00:00,Traditional Sabeki Protima & Cultural Bengal Heritage,"Famous Durga Puja celebration in Central Kolkata, Kolkata featuring traditional rituals and vibrant community festivities.",https://images.pujapath.in/pandals/47_pally_jubak_brinda_durga_puja.jpg,web-verified station address; locality-based assignment,"47 Pally Jubak Brinda Durga Puja, Central Kolkata, Kolkata, West Bengal, India",success,"47 Pally Jubak Brinda Durga Puja, 47 Pally Jubak Brinda, Central Kolkata, Kolkata, West Bengal, 700007, India",OpenStreetMap Nominatim,valid,verified,"47 Pally Jubak Brinda Durga Puja, Central Kolkata, Kolkata, West Bengal, India","https://www.google.com/maps/search/?api=1&query=22.577645,88.357734",https://www.openstreetmap.org/?mlat=22.577645&mlon=88.357734#map=17/22.577645/88.357734
155,Central Calcutta Youth Association,Central Kolkata,2025,22.569012,88.358023,Central,0.3,Sealdah Railway Station,7.7,Low,False,True,16:00:00,Traditional Sabeki Protima & Cultural Bengal Heritage,"Famous Durga Puja celebration in Central Kolkata, Kolkata featuring traditional rituals and vibrant community festivities.",https://images.pujapath.in/pandals/central_calcutta_youth_association.jpg,web-verified station address; locality-based assignment,"Central Calcutta Youth Association, Central Kolkata, Kolkata, West Bengal, India",success,"Central Calcutta Youth Association, Central Calcutta Youth Association, Central Kolkata, Kolkata, West Bengal, 700012, India",OpenStreetMap Nominatim,valid,verified,"Central Calcutta Youth Association, Central Kolkata, Kolkata, West Bengal, India","https://www.google.com/maps/search/?api=1&query=22.569012,88.358023",https://www.openstreetmap.org/?mlat=22.569012&mlon=88.358023#map=17/22.569012/88.358023
156,College Square Sarbojanin Durgotsav,Central Kolkata,2025,22.573912,88.363845,Mahatma Gandhi Road,0.5,Howrah Junction,9.6,Extremely High,True,True,02:00:00,Traditional Sabeki Protima & Cultural Bengal Heritage,"Famous Durga Puja celebration in Central Kolkata, Kolkata featuring traditional rituals and vibrant community festivities.",https://images.pujapath.in/pandals/college_square_sarbojanin_durgotsav.jpg,web-verified station address; locality-based assignment,"College Square Sarbojanin Durgotsav, Central Kolkata, Kolkata, West Bengal, India",success,"College Square Sarbojanin Durgotsav, College Square, Central Kolkata, Kolkata, West Bengal, 700007, India",OpenStreetMap Nominatim,valid,verified,"College Square Sarbojanin Durgotsav, Central Kolkata, Kolkata, West Bengal, India","https://www.google.com/maps/search/?api=1&query=22.573912,88.363845",https://www.openstreetmap.org/?mlat=22.573912&mlon=88.363845#map=17/22.573912/88.363845
157,Entally Matribhumi Durga Puja,Central Kolkata,2025,22.564012,88.372023,Sealdah,0.7,Sealdah Railway Station,7.9,Low,False,True,16:00:00,Traditional Sabeki Protima & Cultural Bengal Heritage,"Famous Durga Puja celebration in Central Kolkata, Kolkata featuring traditional rituals and vibrant community festivities.",https://images.pujapath.in/pandals/entally_matribhumi_durga_puja.jpg,web-verified station address; locality-based assignment,"Entally Matribhumi Durga Puja, Central Kolkata, Kolkata, West Bengal, India",success,"Entally Matribhumi Durga Puja, Entally Matribhumi, Central Kolkata, Kolkata, West Bengal, 700014, India",OpenStreetMap Nominatim,valid,verified,"Entally Matribhumi Durga Puja, Central Kolkata, Kolkata, West Bengal, India","https://www.google.com/maps/search/?api=1&query=22.564012,88.372023",https://www.openstreetmap.org/?mlat=22.564012&mlon=88.372023#map=17/22.564012/88.372023
158,Entally Sarbojanin Sri Sri Durga Puja,Central Kolkata,2025,22.563334,88.372412,Sealdah,0.9,Sealdah Railway Station,8.0,Moderate,False,True,16:00:00,Traditional Sabeki Protima & Cultural Bengal Heritage,"Famous Durga Puja celebration in Central Kolkata, Kolkata featuring traditional rituals and vibrant community festivities.",https://images.pujapath.in/pandals/entally_sarbojanin_sri_sri_durga_puja.jpg,web-verified station address; locality-based assignment,"Entally Sarbojanin Sri Sri Durga Puja, Central Kolkata, Kolkata, West Bengal, India",success,"Entally Sarbojanin Sri Sri Durga Puja, Entally Sri Sri, Central Kolkata, Kolkata, West Bengal, 700014, India",OpenStreetMap Nominatim,valid,verified,"Entally Sarbojanin Sri Sri Durga Puja, Central Kolkata, Kolkata, West Bengal, India","https://www.google.com/maps/search/?api=1&query=22.563334,88.372412",https://www.openstreetmap.org/?mlat=22.563334&mlon=88.372412#map=17/22.563334/88.372412
159,Interact Club of Chowringhee High School Sarbojanin Durga Puja,Central Kolkata,2025,22.556012,88.353023,Esplanade,1.1,Howrah Junction,8.1,Moderate,False,True,16:00:00,Traditional Sabeki Protima & Cultural Bengal Heritage,"Famous Durga Puja celebration in Central Kolkata, Kolkata featuring traditional rituals and vibrant community festivities.",https://images.pujapath.in/pandals/interact_club_of_chowringhee_high_school_sarbojanin_durga_puja.jpg,web-verified station address; locality-based assignment,"Interact Club of Chowringhee High School Sarbojanin Durga Puja, Central Kolkata, Kolkata, West Bengal, India",success,"Interact Club of Chowringhee High School Sarbojanin Durga Puja, Interact of Chowringhee High School, Central Kolkata, Kolkata, West Bengal, 700069, India",OpenStreetMap Nominatim,valid,verified,"Interact Club of Chowringhee High School Sarbojanin Durga Puja, Central Kolkata, Kolkata, West Bengal, India","https://www.google.com/maps/search/?api=1&query=22.556012,88.353023",https://www.openstreetmap.org/?mlat=22.556012&mlon=88.353023#map=17/22.556012/88.353023
160,Kanai Dhar Lane Adhibasi Brinda,Central Kolkata,2025,22.568012,88.361023,Central,0.3,Sealdah Railway Station,8.2,Moderate,False,True,16:00:00,Traditional Sabeki Protima & Cultural Bengal Heritage,"Famous Durga Puja celebration in Central Kolkata, Kolkata featuring traditional rituals and vibrant community festivities.",https://images.pujapath.in/pandals/kanai_dhar_lane_adhibasi_brinda.jpg,web-verified station address; locality-based assignment,"Kanai Dhar Lane Adhibasi Brinda, Central Kolkata, Kolkata, West Bengal, India",success,"Kanai Dhar Lane Adhibasi Brinda, Kanai Dhar Lane Adhibasi Brinda, Central Kolkata, Kolkata, West Bengal, 700012, India",OpenStreetMap Nominatim,valid,verified,"Kanai Dhar Lane Adhibasi Brinda, Central Kolkata, Kolkata, West Bengal, India","https://www.google.com/maps/search/?api=1&query=22.568012,88.361023",https://www.openstreetmap.org/?mlat=22.568012&mlon=88.361023#map=17/22.568012/88.361023
161,Machua Bazar Sarbajanik Durga Puja Samity,Central Kolkata,2025,22.581012,88.360023,Mahatma Gandhi Road,0.5,Howrah Junction,8.3,Moderate,False,True,16:00:00,Traditional Sabeki Protima & Cultural Bengal Heritage,"Famous Durga Puja celebration in Central Kolkata, Kolkata featuring traditional rituals and vibrant community festivities.",https://images.pujapath.in/pandals/machua_bazar_sarbajanik_durga_puja_samity.jpg,web-verified station address; locality-based assignment,"Machua Bazar Sarbajanik Durga Puja Samity, Central Kolkata, Kolkata, West Bengal, India",success,"Machua Bazar Sarbajanik Durga Puja Samity, Machua Bazar Sarbajanik Samity, Central Kolkata, Kolkata, West Bengal, 700007, India",OpenStreetMap Nominatim,valid,verified,"Machua Bazar Sarbajanik Durga Puja Samity, Central Kolkata, Kolkata, West Bengal, India","https://www.google.com/maps/search/?api=1&query=22.581012,88.360023",https://www.openstreetmap.org/?mlat=22.581012&mlon=88.360023#map=17/22.581012/88.360023
162,Md. Ali Park Durga Puja,Central Kolkata,2025,22.578623,88.360124,Mahatma Gandhi Road,0.7,Howrah Junction,9.2,High,True,True,22:00:00,Traditional Sabeki Protima & Cultural Bengal Heritage,"Famous Durga Puja celebration in Central Kolkata, Kolkata featuring traditional rituals and vibrant community festivities.",https://images.pujapath.in/pandals/md_ali_park_durga_puja.jpg,web-verified station address; locality-based assignment,"Md. Ali Park Durga Puja, Central Kolkata, Kolkata, West Bengal, India",success,"Md. Ali Park Durga Puja, Md. Ali Park, Central Kolkata, Kolkata, West Bengal, 700007, India",OpenStreetMap Nominatim,valid,verified,"Md. Ali Park Durga Puja, Central Kolkata, Kolkata, West Bengal, India","https://www.google.com/maps/search/?api=1&query=22.578623,88.360124",https://www.openstreetmap.org/?mlat=22.578623&mlon=88.360124#map=17/22.578623/88.360124
163,New Market Sarbojanin Sri Sri Durga Puja,Central Kolkata,2025,22.560012,88.353023,Esplanade,0.9,Howrah Junction,8.5,Moderate,False,True,16:00:00,Traditional Sabeki Protima & Cultural Bengal Heritage,"Famous Durga Puja celebration in Central Kolkata, Kolkata featuring traditional rituals and vibrant community festivities.",https://images.pujapath.in/pandals/new_market_sarbojanin_sri_sri_durga_puja.jpg,web-verified station address; locality-based assignment,"New Market Sarbojanin Sri Sri Durga Puja, Central Kolkata, Kolkata, West Bengal, India",success,"New Market Sarbojanin Sri Sri Durga Puja, New Market Sri Sri, Central Kolkata, Kolkata, West Bengal, 700069, India",OpenStreetMap Nominatim,valid,verified,"New Market Sarbojanin Sri Sri Durga Puja, Central Kolkata, Kolkata, West Bengal, India","https://www.google.com/maps/search/?api=1&query=22.560012,88.353023",https://www.openstreetmap.org/?mlat=22.560012&mlon=88.353023#map=17/22.560012/88.353023
164,Pallir Yubak Brinda Durga Puja,Central Kolkata,2025,22.559334,88.353412,Esplanade,1.1,Howrah Junction,8.6,Moderate,False,True,16:00:00,Traditional Sabeki Protima & Cultural Bengal Heritage,"Famous Durga Puja celebration in Central Kolkata, Kolkata featuring traditional rituals and vibrant community festivities.",https://images.pujapath.in/pandals/pallir_yubak_brinda_durga_puja.jpg,web-verified station address; locality-based assignment,"Pallir Yubak Brinda Durga Puja, Central Kolkata, Kolkata, West Bengal, India",success,"Pallir Yubak Brinda Durga Puja, Pallir Yubak Brinda, Central Kolkata, Kolkata, West Bengal, 700069, India",OpenStreetMap Nominatim,valid,verified,"Pallir Yubak Brinda Durga Puja, Central Kolkata, Kolkata, West Bengal, India","https://www.google.com/maps/search/?api=1&query=22.559334,88.353412",https://www.openstreetmap.org/?mlat=22.559334&mlon=88.353412#map=17/22.559334/88.353412
165,Santosh Mitra Square Durga Puja,Central Kolkata,2025,22.567834,88.365912,Sealdah,0.3,Sealdah Railway Station,9.5,Extremely High,True,True,02:00:00,Traditional Sabeki Protima & Cultural Bengal Heritage,"Famous Durga Puja celebration in Central Kolkata, Kolkata featuring traditional rituals and vibrant community festivities.",https://images.pujapath.in/pandals/santosh_mitra_square_durga_puja.jpg,web-verified station address; locality-based assignment,"Santosh Mitra Square Durga Puja, Central Kolkata, Kolkata, West Bengal, India",success,"Santosh Mitra Square Durga Puja, Santosh Mitra Square, Central Kolkata, Kolkata, West Bengal, 700014, India",OpenStreetMap Nominatim,valid,verified,"Santosh Mitra Square Durga Puja, Central Kolkata, Kolkata, West Bengal, India","https://www.google.com/maps/search/?api=1&query=22.567834,88.365912",https://www.openstreetmap.org/?mlat=22.567834&mlon=88.365912#map=17/22.567834/88.365912
166,Shishu Palan Foundation,Central Kolkata,2025,22.577012,88.359023,Mahatma Gandhi Road,0.5,Howrah Junction,7.3,Low,False,True,16:00:00,Traditional Sabeki Protima & Cultural Bengal Heritage,"Famous Durga Puja celebration in Central Kolkata, Kolkata featuring traditional rituals and vibrant community festivities.",https://images.pujapath.in/pandals/shishu_palan_foundation.jpg,web-verified station address; locality-based assignment,"Shishu Palan Foundation, Central Kolkata, Kolkata, West Bengal, India",success,"Shishu Palan Foundation, Shishu Palan Foundation, Central Kolkata, Kolkata, West Bengal, 700007, India",OpenStreetMap Nominatim,valid,verified,"Shishu Palan Foundation, Central Kolkata, Kolkata, West Bengal, India","https://www.google.com/maps/search/?api=1&query=22.577012,88.359023",https://www.openstreetmap.org/?mlat=22.577012&mlon=88.359023#map=17/22.577012/88.359023
167,Wellington Nagarik Kalyan Samity Durga Puja,Central Kolkata,2025,22.563012,88.358023,Esplanade,0.7,Howrah Junction,7.4,Low,False,True,16:00:00,Traditional Sabeki Protima & Cultural Bengal Heritage,"Famous Durga Puja celebration in Central Kolkata, Kolkata featuring traditional rituals and vibrant community festivities.",https://images.pujapath.in/pandals/wellington_nagarik_kalyan_samity_durga_puja.jpg,web-verified station address; locality-based assignment,"Wellington Nagarik Kalyan Samity Durga Puja, Central Kolkata, Kolkata, West Bengal, India",success,"Wellington Nagarik Kalyan Samity Durga Puja, Wellington Nagarik Kalyan Samity, Central Kolkata, Kolkata, West Bengal, 700069, India",OpenStreetMap Nominatim,valid,verified,"Wellington Nagarik Kalyan Samity Durga Puja, Central Kolkata, Kolkata, West Bengal, India","https://www.google.com/maps/search/?api=1&query=22.563012,88.358023",https://www.openstreetmap.org/?mlat=22.563012&mlon=88.358023#map=17/22.563012/88.358023
168,Shimla Byam Samity,Central Kolkata,2025,22.585012,88.364023,Mahatma Gandhi Road,0.9,Howrah Junction,7.5,Low,False,True,16:00:00,Traditional Sabeki Protima & Cultural Bengal Heritage,"Famous Durga Puja celebration in Central Kolkata, Kolkata featuring traditional rituals and vibrant community festivities.",https://images.pujapath.in/pandals/shimla_byam_samity.jpg,web-verified station address; locality-based assignment,"Shimla Byam Samity, Central Kolkata, Kolkata, West Bengal, India",success,"Shimla Byam Samity, Shimla Byam Samity, Central Kolkata, Kolkata, West Bengal, 700007, India",OpenStreetMap Nominatim,valid,verified,"Shimla Byam Samity, Central Kolkata, Kolkata, West Bengal, India","https://www.google.com/maps/search/?api=1&query=22.585012,88.364023",https://www.openstreetmap.org/?mlat=22.585012&mlon=88.364023#map=17/22.585012/88.364023
169,Singhi Bagan Durga Puja,Central Kolkata,2025,22.584334,88.364412,Mahatma Gandhi Road,1.1,Howrah Junction,7.6,Low,False,True,16:00:00,Traditional Sabeki Protima & Cultural Bengal Heritage,"Famous Durga Puja celebration in Central Kolkata, Kolkata featuring traditional rituals and vibrant community festivities.",https://images.pujapath.in/pandals/singhi_bagan_durga_puja.jpg,web-verified station address; locality-based assignment,"Singhi Bagan Durga Puja, Central Kolkata, Kolkata, West Bengal, India",success,"Singhi Bagan Durga Puja, Singhi Bagan, Central Kolkata, Kolkata, West Bengal, 700007, India",OpenStreetMap Nominatim,valid,verified,"Singhi Bagan Durga Puja, Central Kolkata, Kolkata, West Bengal, India","https://www.google.com/maps/search/?api=1&query=22.584334,88.364412",https://www.openstreetmap.org/?mlat=22.584334&mlon=88.364412#map=17/22.584334/88.364412
170,Beliaghata 33 Palli Durga Puja,Central Kolkata,2025,22.568012,88.384023,Sealdah,0.3,Sealdah Railway Station,9.0,High,True,True,22:00:00,Traditional Sabeki Protima & Cultural Bengal Heritage,"Famous Durga Puja celebration in Central Kolkata, Kolkata featuring traditional rituals and vibrant community festivities.",https://images.pujapath.in/pandals/beliaghata_33_palli_durga_puja.jpg,web-verified station address; locality-based assignment,"Beliaghata 33 Palli Durga Puja, Central Kolkata, Kolkata, West Bengal, India",success,"Beliaghata 33 Palli Durga Puja, Beliaghata 33 Palli, Central Kolkata, Kolkata, West Bengal, 700014, India",OpenStreetMap Nominatim,valid,verified,"Beliaghata 33 Palli Durga Puja, Central Kolkata, Kolkata, West Bengal, India","https://www.google.com/maps/search/?api=1&query=22.568012,88.384023",https://www.openstreetmap.org/?mlat=22.568012&mlon=88.384023#map=17/22.568012/88.384023
171,Entally Sarbojanin,Central Kolkata,2025,22.562012,88.373023,Sealdah,0.5,Sealdah Railway Station,7.8,Low,False,True,16:00:00,Traditional Sabeki Protima & Cultural Bengal Heritage,"Famous Durga Puja celebration in Central Kolkata, Kolkata featuring traditional rituals and vibrant community festivities.",https://images.pujapath.in/pandals/entally_sarbojanin.jpg,web-verified station address; locality-based assignment,"Entally Sarbojanin, Central Kolkata, Kolkata, West Bengal, India",success,"Entally Sarbojanin, Entally, Central Kolkata, Kolkata, West Bengal, 700014, India",OpenStreetMap Nominatim,valid,verified,"Entally Sarbojanin, Central Kolkata, Kolkata, West Bengal, India","https://www.google.com/maps/search/?api=1&query=22.562012,88.373023",https://www.openstreetmap.org/?mlat=22.562012&mlon=88.373023#map=17/22.562012/88.373023
172,AJ Block Durga Puja,East Kolkata & Salt Lake,2025,22.588012,88.411023,City Centre,0.7,Bidhannagar Road Railway Station,7.9,Low,False,True,16:00:00,Traditional Sabeki Protima & Cultural Bengal Heritage,"Famous Durga Puja celebration in East Kolkata & Salt Lake, Kolkata featuring traditional rituals and vibrant community festivities.",https://images.pujapath.in/pandals/aj_block_durga_puja.jpg,web-verified station address; locality-based assignment,"AJ Block Durga Puja, East Kolkata & Salt Lake, Kolkata, West Bengal, India",success,"AJ Block Durga Puja, AJ Block, East Kolkata & Salt Lake, Kolkata, West Bengal, 700064, India",OpenStreetMap Nominatim,valid,verified,"AJ Block Durga Puja, East Kolkata & Salt Lake, Kolkata, West Bengal, India","https://www.google.com/maps/search/?api=1&query=22.588012,88.411023",https://www.openstreetmap.org/?mlat=22.588012&mlon=88.411023#map=17/22.588012/88.411023
173,BD Block Sarbojanin Durgotsab Committee,East Kolkata & Salt Lake,2025,22.587334,88.411412,City Centre,0.9,Bidhannagar Road Railway Station,8.0,Moderate,False,True,16:00:00,Traditional Sabeki Protima & Cultural Bengal Heritage,"Famous Durga Puja celebration in East Kolkata & Salt Lake, Kolkata featuring traditional rituals and vibrant community festivities.",https://images.pujapath.in/pandals/bd_block_sarbojanin_durgotsab_committee.jpg,web-verified station address; locality-based assignment,"BD Block Sarbojanin Durgotsab Committee, East Kolkata & Salt Lake, Kolkata, West Bengal, India",success,"BD Block Sarbojanin Durgotsab Committee, BD Block Durgotsab, East Kolkata & Salt Lake, Kolkata, West Bengal, 700064, India",OpenStreetMap Nominatim,valid,verified,"BD Block Sarbojanin Durgotsab Committee, East Kolkata & Salt Lake, Kolkata, West Bengal, India","https://www.google.com/maps/search/?api=1&query=22.587334,88.411412",https://www.openstreetmap.org/?mlat=22.587334&mlon=88.411412#map=17/22.587334/88.411412
174,BJ Block Saradotsav Committee,East Kolkata & Salt Lake,2025,22.584312,88.417823,City Centre,1.1,Bidhannagar Road Railway Station,8.1,Moderate,False,True,16:00:00,Traditional Sabeki Protima & Cultural Bengal Heritage,"Famous Durga Puja celebration in East Kolkata & Salt Lake, Kolkata featuring traditional rituals and vibrant community festivities.",https://images.pujapath.in/pandals/bj_block_saradotsav_committee.jpg,web-verified station address; locality-based assignment,"BJ Block Saradotsav Committee, East Kolkata & Salt Lake, Kolkata, West Bengal, India",success,"BJ Block Saradotsav Committee, BJ Block Saradotsav, East Kolkata & Salt Lake, Kolkata, West Bengal, 700064, India",OpenStreetMap Nominatim,valid,verified,"BJ Block Saradotsav Committee, East Kolkata & Salt Lake, Kolkata, West Bengal, India","https://www.google.com/maps/search/?api=1&query=22.584312,88.417823",https://www.openstreetmap.org/?mlat=22.584312&mlon=88.417823#map=17/22.584312/88.417823
175,BL Block Durga Puja,East Kolkata & Salt Lake,2025,22.586645,88.410734,City Centre,0.3,Bidhannagar Road Railway Station,8.2,Moderate,False,True,16:00:00,Traditional Sabeki Protima & Cultural Bengal Heritage,"Famous Durga Puja celebration in East Kolkata & Salt Lake, Kolkata featuring traditional rituals and vibrant community festivities.",https://images.pujapath.in/pandals/bl_block_durga_puja.jpg,web-verified station address; locality-based assignment,"BL Block Durga Puja, East Kolkata & Salt Lake, Kolkata, West Bengal, India",success,"BL Block Durga Puja, BL Block, East Kolkata & Salt Lake, Kolkata, West Bengal, 700064, India",OpenStreetMap Nominatim,valid,verified,"BL Block Durga Puja, East Kolkata & Salt Lake, Kolkata, West Bengal, India","https://www.google.com/maps/search/?api=1&query=22.586645,88.410734",https://www.openstreetmap.org/?mlat=22.586645&mlon=88.410734#map=17/22.586645/88.410734
176,EKTP Phase 2 Abasik Puja Samity,East Kolkata & Salt Lake,2025,22.548012,88.402023,City Centre,0.5,Bidhannagar Road Railway Station,8.3,Moderate,False,True,16:00:00,Traditional Sabeki Protima & Cultural Bengal Heritage,"Famous Durga Puja celebration in East Kolkata & Salt Lake, Kolkata featuring traditional rituals and vibrant community festivities.",https://images.pujapath.in/pandals/ektp_phase_2_abasik_puja_samity.jpg,web-verified station address; locality-based assignment,"EKTP Phase 2 Abasik Puja Samity, East Kolkata & Salt Lake, Kolkata, West Bengal, India",success,"EKTP Phase 2 Abasik Puja Samity, EKTP Phase 2 Abasik Puja Samity, East Kolkata & Salt Lake, Kolkata, West Bengal, 700064, India",OpenStreetMap Nominatim,valid,verified,"EKTP Phase 2 Abasik Puja Samity, East Kolkata & Salt Lake, Kolkata, West Bengal, India","https://www.google.com/maps/search/?api=1&query=22.548012,88.402023",https://www.openstreetmap.org/?mlat=22.548012&mlon=88.402023#map=17/22.548012/88.402023
177,Jawpur Bayam Samity Durga Puja,East Kolkata & Salt Lake,2025,22.618012,88.386023,City Centre,0.7,Bidhannagar Road Railway Station,8.4,Moderate,False,True,16:00:00,Traditional Sabeki Protima & Cultural Bengal Heritage,"Famous Durga Puja celebration in East Kolkata & Salt Lake, Kolkata featuring traditional rituals and vibrant community festivities.",https://images.pujapath.in/pandals/jawpur_bayam_samity_durga_puja.jpg,web-verified station address; locality-based assignment,"Jawpur Bayam Samity Durga Puja, East Kolkata & Salt Lake, Kolkata, West Bengal, India",success,"Jawpur Bayam Samity Durga Puja, Jawpur Bayam Samity, East Kolkata & Salt Lake, Kolkata, West Bengal, 700064, India",OpenStreetMap Nominatim,valid,verified,"Jawpur Bayam Samity Durga Puja, East Kolkata & Salt Lake, Kolkata, West Bengal, India","https://www.google.com/maps/search/?api=1&query=22.618012,88.386023",https://www.openstreetmap.org/?mlat=22.618012&mlon=88.386023#map=17/22.618012/88.386023
178,Judge Bagan Sarbojanin Durgotsab,East Kolkata & Salt Lake,2025,22.582012,88.405023,City Centre,0.9,Bidhannagar Road Railway Station,8.5,Moderate,False,True,16:00:00,Traditional Sabeki Protima & Cultural Bengal Heritage,"Famous Durga Puja celebration in East Kolkata & Salt Lake, Kolkata featuring traditional rituals and vibrant community festivities.",https://images.pujapath.in/pandals/judge_bagan_sarbojanin_durgotsab.jpg,web-verified station address; locality-based assignment,"Judge Bagan Sarbojanin Durgotsab, East Kolkata & Salt Lake, Kolkata, West Bengal, India",success,"Judge Bagan Sarbojanin Durgotsab, Judge Bagan Durgotsab, East Kolkata & Salt Lake, Kolkata, West Bengal, 700064, India",OpenStreetMap Nominatim,valid,verified,"Judge Bagan Sarbojanin Durgotsab, East Kolkata & Salt Lake, Kolkata, West Bengal, India","https://www.google.com/maps/search/?api=1&query=22.582012,88.405023",https://www.openstreetmap.org/?mlat=22.582012&mlon=88.405023#map=17/22.582012/88.405023
179,Kanjial Para Puja Samity Durga Puja,East Kolkata & Salt Lake,2025,22.581334,88.405412,City Centre,1.1,Bidhannagar Road Railway Station,8.6,Moderate,False,True,16:00:00,Traditional Sabeki Protima & Cultural Bengal Heritage,"Famous Durga Puja celebration in East Kolkata & Salt Lake, Kolkata featuring traditional rituals and vibrant community festivities.",https://images.pujapath.in/pandals/kanjial_para_puja_samity_durga_puja.jpg,web-verified station address; locality-based assignment,"Kanjial Para Puja Samity Durga Puja, East Kolkata & Salt Lake, Kolkata, West Bengal, India",success,"Kanjial Para Puja Samity Durga Puja, Kanjial Para Puja Samity, East Kolkata & Salt Lake, Kolkata, West Bengal, 700064, India",OpenStreetMap Nominatim,valid,verified,"Kanjial Para Puja Samity Durga Puja, East Kolkata & Salt Lake, Kolkata, West Bengal, India","https://www.google.com/maps/search/?api=1&query=22.581334,88.405412",https://www.openstreetmap.org/?mlat=22.581334&mlon=88.405412#map=17/22.581334/88.405412
180,Nabapally Adhibashi Brinda Durga Puja,East Kolkata & Salt Lake,2025,22.580645,88.404734,City Centre,0.3,Bidhannagar Road Railway Station,7.2,Low,False,True,16:00:00,Traditional Sabeki Protima & Cultural Bengal Heritage,"Famous Durga Puja celebration in East Kolkata & Salt Lake, Kolkata featuring traditional rituals and vibrant community festivities.",https://images.pujapath.in/pandals/nabapally_adhibashi_brinda_durga_puja.jpg,web-verified station address; locality-based assignment,"Nabapally Adhibashi Brinda Durga Puja, East Kolkata & Salt Lake, Kolkata, West Bengal, India",success,"Nabapally Adhibashi Brinda Durga Puja, Nabapally Adhibashi Brinda, East Kolkata & Salt Lake, Kolkata, West Bengal, 700064, India",OpenStreetMap Nominatim,valid,verified,"Nabapally Adhibashi Brinda Durga Puja, East Kolkata & Salt Lake, Kolkata, West Bengal, India","https://www.google.com/maps/search/?api=1&query=22.580645,88.404734",https://www.openstreetmap.org/?mlat=22.580645&mlon=88.404734#map=17/22.580645/88.404734
181,Netaji Sporting Club Durga Puja,East Kolkata & Salt Lake,2025,22.579012,88.404023,City Centre,0.5,Bidhannagar Road Railway Station,7.3,Low,False,True,16:00:00,Traditional Sabeki Protima & Cultural Bengal Heritage,"Famous Durga Puja celebration in East Kolkata & Salt Lake, Kolkata featuring traditional rituals and vibrant community festivities.",https://images.pujapath.in/pandals/netaji_sporting_club_durga_puja.jpg,web-verified station address; locality-based assignment,"Netaji Sporting Club Durga Puja, East Kolkata & Salt Lake, Kolkata, West Bengal, India",success,"Netaji Sporting Club Durga Puja, Netaji Sporting, East Kolkata & Salt Lake, Kolkata, West Bengal, 700064, India",OpenStreetMap Nominatim,valid,verified,"Netaji Sporting Club Durga Puja, East Kolkata & Salt Lake, Kolkata, West Bengal, India","https://www.google.com/maps/search/?api=1&query=22.579012,88.404023",https://www.openstreetmap.org/?mlat=22.579012&mlon=88.404023#map=17/22.579012/88.404023
182,Prafulla Kanan Sarbojanin Durgotsab,East Kolkata & Salt Lake,2025,22.605012,88.423023,City Centre,0.7,Bidhannagar Road Railway Station,7.4,Low,False,True,16:00:00,Traditional Sabeki Protima & Cultural Bengal Heritage,"Famous Durga Puja celebration in East Kolkata & Salt Lake, Kolkata featuring traditional rituals and vibrant community festivities.",https://images.pujapath.in/pandals/prafulla_kanan_sarbojanin_durgotsab.jpg,web-verified station address; locality-based assignment,"Prafulla Kanan Sarbojanin Durgotsab, East Kolkata & Salt Lake, Kolkata, West Bengal, India",success,"Prafulla Kanan Sarbojanin Durgotsab, Prafulla Kanan Durgotsab, East Kolkata & Salt Lake, Kolkata, West Bengal, 700064, India",OpenStreetMap Nominatim,valid,verified,"Prafulla Kanan Sarbojanin Durgotsab, East Kolkata & Salt Lake, Kolkata, West Bengal, India","https://www.google.com/maps/search/?api=1&query=22.605012,88.423023",https://www.openstreetmap.org/?mlat=22.605012&mlon=88.423023#map=17/22.605012/88.423023
183,Purba Kalikata Sarbojanin Durgotsav,East Kolkata & Salt Lake,2025,22.571012,88.388023,City Centre,0.9,Bidhannagar Road Railway Station,7.5,Low,False,True,16:00:00,Traditional Sabeki Protima & Cultural Bengal Heritage,"Famous Durga Puja celebration in East Kolkata & Salt Lake, Kolkata featuring traditional rituals and vibrant community festivities.",https://images.pujapath.in/pandals/purba_kalikata_sarbojanin_durgotsav.jpg,web-verified station address; locality-based assignment,"Purba Kalikata Sarbojanin Durgotsav, East Kolkata & Salt Lake, Kolkata, West Bengal, India",success,"Purba Kalikata Sarbojanin Durgotsav, Purba Kalikata, East Kolkata & Salt Lake, Kolkata, West Bengal, 700064, India",OpenStreetMap Nominatim,valid,verified,"Purba Kalikata Sarbojanin Durgotsav, East Kolkata & Salt Lake, Kolkata, West Bengal, India","https://www.google.com/maps/search/?api=1&query=22.571012,88.388023",https://www.openstreetmap.org/?mlat=22.571012&mlon=88.388023#map=17/22.571012/88.388023
184,Purbanchal Prabhati Sangha Durga Puja,East Kolkata & Salt Lake,2025,22.570334,88.388412,City Centre,1.1,Bidhannagar Road Railway Station,7.6,Low,False,True,16:00:00,Traditional Sabeki Protima & Cultural Bengal Heritage,"Famous Durga Puja celebration in East Kolkata & Salt Lake, Kolkata featuring traditional rituals and vibrant community festivities.",https://images.pujapath.in/pandals/purbanchal_prabhati_sangha_durga_puja.jpg,web-verified station address; locality-based assignment,"Purbanchal Prabhati Sangha Durga Puja, East Kolkata & Salt Lake, Kolkata, West Bengal, India",success,"Purbanchal Prabhati Sangha Durga Puja, Purbanchal Prabhati Sangha, East Kolkata & Salt Lake, Kolkata, West Bengal, 700064, India",OpenStreetMap Nominatim,valid,verified,"Purbanchal Prabhati Sangha Durga Puja, East Kolkata & Salt Lake, Kolkata, West Bengal, India","https://www.google.com/maps/search/?api=1&query=22.570334,88.388412",https://www.openstreetmap.org/?mlat=22.570334&mlon=88.388412#map=17/22.570334/88.388412
185,Sixemes Cooperative Housing Durgotsav,East Kolkata & Salt Lake,2025,22.585012,88.415023,City Centre,0.3,Bidhannagar Road Railway Station,7.7,Low,False,True,16:00:00,Traditional Sabeki Protima & Cultural Bengal Heritage,"Famous Durga Puja celebration in East Kolkata & Salt Lake, Kolkata featuring traditional rituals and vibrant community festivities.",https://images.pujapath.in/pandals/sixemes_cooperative_housing_durgotsav.jpg,web-verified station address; locality-based assignment,"Sixemes Cooperative Housing Durgotsav, East Kolkata & Salt Lake, Kolkata, West Bengal, India",success,"Sixemes Cooperative Housing Durgotsav, Sixemes Cooperative Housing, East Kolkata & Salt Lake, Kolkata, West Bengal, 700064, India",OpenStreetMap Nominatim,valid,verified,"Sixemes Cooperative Housing Durgotsav, East Kolkata & Salt Lake, Kolkata, West Bengal, India","https://www.google.com/maps/search/?api=1&query=22.585012,88.415023",https://www.openstreetmap.org/?mlat=22.585012&mlon=88.415023#map=17/22.585012/88.415023
186,"Sree Sree Durga Puja Committee, Rabindrapally",East Kolkata & Salt Lake,2025,22.602012,88.426023,City Centre,0.5,Bidhannagar Road Railway Station,7.8,Low,False,True,16:00:00,Traditional Sabeki Protima & Cultural Bengal Heritage,"Famous Durga Puja celebration in East Kolkata & Salt Lake, Kolkata featuring traditional rituals and vibrant community festivities.",https://images.pujapath.in/pandals/sree_sree_durga_puja_committee_rabindrapally.jpg,web-verified station address; locality-based assignment,"Sree Sree Durga Puja Committee, Rabindrapally, East Kolkata & Salt Lake, Kolkata, West Bengal, India",success,"Sree Sree Durga Puja Committee, Rabindrapally, Sree Sree, Rabindrapally, East Kolkata & Salt Lake, Kolkata, West Bengal, 700064, India",OpenStreetMap Nominatim,valid,verified,"Sree Sree Durga Puja Committee, Rabindrapally, East Kolkata & Salt Lake, Kolkata, West Bengal, India","https://www.google.com/maps/search/?api=1&query=22.602012,88.426023",https://www.openstreetmap.org/?mlat=22.602012&mlon=88.426023#map=17/22.602012/88.426023
187,New Town Sarbojanin,East Kolkata & Salt Lake,2025,22.586012,88.462023,Karunamoyee,0.7,Bidhannagar Road Railway Station,7.9,Low,False,True,16:00:00,Traditional Sabeki Protima & Cultural Bengal Heritage,"Famous Durga Puja celebration in East Kolkata & Salt Lake, Kolkata featuring traditional rituals and vibrant community festivities.",https://images.pujapath.in/pandals/new_town_sarbojanin.jpg,web-verified station address; locality-based assignment,"New Town Sarbojanin, East Kolkata & Salt Lake, Kolkata, West Bengal, India",success,"New Town Sarbojanin, New Town, East Kolkata & Salt Lake, Kolkata, West Bengal, 700091, India",OpenStreetMap Nominatim,valid,verified,"New Town Sarbojanin, East Kolkata & Salt Lake, Kolkata, West Bengal, India","https://www.google.com/maps/search/?api=1&query=22.586012,88.462023",https://www.openstreetmap.org/?mlat=22.586012&mlon=88.462023#map=17/22.586012/88.462023
188,AK Block Salt Lake,East Kolkata & Salt Lake,2025,22.589012,88.412023,City Centre,0.9,Bidhannagar Road Railway Station,8.0,Moderate,False,True,16:00:00,Traditional Sabeki Protima & Cultural Bengal Heritage,"Famous Durga Puja celebration in East Kolkata & Salt Lake, Kolkata featuring traditional rituals and vibrant community festivities.",https://images.pujapath.in/pandals/ak_block_salt_lake.jpg,web-verified station address; locality-based assignment,"AK Block Salt Lake, East Kolkata & Salt Lake, Kolkata, West Bengal, India",success,"AK Block Salt Lake, AK Block Salt Lake, East Kolkata & Salt Lake, Kolkata, West Bengal, 700064, India",OpenStreetMap Nominatim,valid,verified,"AK Block Salt Lake, East Kolkata & Salt Lake, Kolkata, West Bengal, India","https://www.google.com/maps/search/?api=1&query=22.589012,88.412023",https://www.openstreetmap.org/?mlat=22.589012&mlon=88.412023#map=17/22.589012/88.412023
189,Mitali Sangha Kankurgachi,East Kolkata & Salt Lake,2025,22.588012,88.382023,City Centre,1.1,Bidhannagar Road Railway Station,8.1,Moderate,False,True,16:00:00,Traditional Sabeki Protima & Cultural Bengal Heritage,"Famous Durga Puja celebration in East Kolkata & Salt Lake, Kolkata featuring traditional rituals and vibrant community festivities.",https://images.pujapath.in/pandals/mitali_sangha_kankurgachi.jpg,web-verified station address; locality-based assignment,"Mitali Sangha Kankurgachi, East Kolkata & Salt Lake, Kolkata, West Bengal, India",success,"Mitali Sangha Kankurgachi, Mitali Sangha Kankurgachi, East Kolkata & Salt Lake, Kolkata, West Bengal, 700064, India",OpenStreetMap Nominatim,valid,verified,"Mitali Sangha Kankurgachi, East Kolkata & Salt Lake, Kolkata, West Bengal, India","https://www.google.com/maps/search/?api=1&query=22.588012,88.382023",https://www.openstreetmap.org/?mlat=22.588012&mlon=88.382023#map=17/22.588012/88.382023
190,2 No Basudebpur Sarbojanin Durga Puja,Behala,2025,22.496012,88.312023,Behala Bazar,0.3,Majerhat Railway Station,8.2,Moderate,False,True,16:00:00,Traditional Sabeki Protima & Cultural Bengal Heritage,"Famous Durga Puja celebration in Behala, Kolkata featuring traditional rituals and vibrant community festivities.",https://images.pujapath.in/pandals/2_no_basudebpur_sarbojanin_durga_puja.jpg,web-verified station address; locality-based assignment,"2 No Basudebpur Sarbojanin Durga Puja, Behala, Kolkata, West Bengal, India",success,"2 No Basudebpur Sarbojanin Durga Puja, 2 No Basudebpur, Behala, Kolkata, West Bengal, 700034, India",OpenStreetMap Nominatim,valid,verified,"2 No Basudebpur Sarbojanin Durga Puja, Behala, Kolkata, West Bengal, India","https://www.google.com/maps/search/?api=1&query=22.496012,88.312023",https://www.openstreetmap.org/?mlat=22.496012&mlon=88.312023#map=17/22.496012/88.312023
191,7er Pally Sarbojanin Durga Puja Committee,Behala,2025,22.495334,88.312412,Behala Bazar,0.5,Majerhat Railway Station,8.3,Moderate,False,True,16:00:00,Traditional Sabeki Protima & Cultural Bengal Heritage,"Famous Durga Puja celebration in Behala, Kolkata featuring traditional rituals and vibrant community festivities.",https://images.pujapath.in/pandals/7er_pally_sarbojanin_durga_puja_committee.jpg,web-verified station address; locality-based assignment,"7er Pally Sarbojanin Durga Puja Committee, Behala, Kolkata, West Bengal, India",success,"7er Pally Sarbojanin Durga Puja Committee, 7er Pally, Behala, Kolkata, West Bengal, 700034, India",OpenStreetMap Nominatim,valid,verified,"7er Pally Sarbojanin Durga Puja Committee, Behala, Kolkata, West Bengal, India","https://www.google.com/maps/search/?api=1&query=22.495334,88.312412",https://www.openstreetmap.org/?mlat=22.495334&mlon=88.312412#map=17/22.495334/88.312412
192,Acharya Prafulla Sangha,Behala,2025,22.494645,88.311734,Behala Bazar,0.7,Majerhat Railway Station,8.4,Moderate,False,True,16:00:00,Traditional Sabeki Protima & Cultural Bengal Heritage,"Famous Durga Puja celebration in Behala, Kolkata featuring traditional rituals and vibrant community festivities.",https://images.pujapath.in/pandals/acharya_prafulla_sangha.jpg,web-verified station address; locality-based assignment,"Acharya Prafulla Sangha, Behala, Kolkata, West Bengal, India",success,"Acharya Prafulla Sangha, Acharya Prafulla Sangha, Behala, Kolkata, West Bengal, 700034, India",OpenStreetMap Nominatim,valid,verified,"Acharya Prafulla Sangha, Behala, Kolkata, West Bengal, India","https://www.google.com/maps/search/?api=1&query=22.494645,88.311734",https://www.openstreetmap.org/?mlat=22.494645&mlon=88.311734#map=17/22.494645/88.311734
193,Ajeya Sanghati Durga Puja,Behala,2025,22.493012,88.311023,Behala Bazar,0.9,Majerhat Railway Station,9.3,High,True,True,22:00:00,Traditional Sabeki Protima & Cultural Bengal Heritage,"Famous Durga Puja celebration in Behala, Kolkata featuring traditional rituals and vibrant community festivities.",https://images.pujapath.in/pandals/ajeya_sanghati_durga_puja.jpg,web-verified station address; locality-based assignment,"Ajeya Sanghati Durga Puja, Behala, Kolkata, West Bengal, India",success,"Ajeya Sanghati Durga Puja, Ajeya Sanghati, Behala, Kolkata, West Bengal, 700034, India",OpenStreetMap Nominatim,valid,verified,"Ajeya Sanghati Durga Puja, Behala, Kolkata, West Bengal, India","https://www.google.com/maps/search/?api=1&query=22.493012,88.311023",https://www.openstreetmap.org/?mlat=22.493012&mlon=88.311023#map=17/22.493012/88.311023
194,Barisha Kumarpara Youngs' Club Durga Puja,Behala,2025,22.483012,88.311023,Behala Chowrasta,1.1,Majerhat Railway Station,8.6,Moderate,False,True,16:00:00,Traditional Sabeki Protima & Cultural Bengal Heritage,"Famous Durga Puja celebration in Behala, Kolkata featuring traditional rituals and vibrant community festivities.",https://images.pujapath.in/pandals/barisha_kumarpara_youngs_club_durga_puja.jpg,web-verified station address; locality-based assignment,"Barisha Kumarpara Youngs' Club Durga Puja, Behala, Kolkata, West Bengal, India",success,"Barisha Kumarpara Youngs' Club Durga Puja, Barisha Kumarpara Youngs', Behala, Kolkata, West Bengal, 700038, India",OpenStreetMap Nominatim,valid,verified,"Barisha Kumarpara Youngs' Club Durga Puja, Behala, Kolkata, West Bengal, India","https://www.google.com/maps/search/?api=1&query=22.483012,88.311023",https://www.openstreetmap.org/?mlat=22.483012&mlon=88.311023#map=17/22.483012/88.311023
195,Barisha Maitree Sangha Durgotsab,Behala,2025,22.482334,88.311412,Behala Chowrasta,0.3,Majerhat Railway Station,7.2,Low,False,True,16:00:00,Traditional Sabeki Protima & Cultural Bengal Heritage,"Famous Durga Puja celebration in Behala, Kolkata featuring traditional rituals and vibrant community festivities.",https://images.pujapath.in/pandals/barisha_maitree_sangha_durgotsab.jpg,web-verified station address; locality-based assignment,"Barisha Maitree Sangha Durgotsab, Behala, Kolkata, West Bengal, India",success,"Barisha Maitree Sangha Durgotsab, Barisha Maitree Sangha Durgotsab, Behala, Kolkata, West Bengal, 700038, India",OpenStreetMap Nominatim,valid,verified,"Barisha Maitree Sangha Durgotsab, Behala, Kolkata, West Bengal, India","https://www.google.com/maps/search/?api=1&query=22.482334,88.311412",https://www.openstreetmap.org/?mlat=22.482334&mlon=88.311412#map=17/22.482334/88.311412
196,Barisha Milani Sangha Durga Puja,Behala,2025,22.481645,88.310734,Behala Chowrasta,0.5,Majerhat Railway Station,7.3,Low,False,True,16:00:00,Traditional Sabeki Protima & Cultural Bengal Heritage,"Famous Durga Puja celebration in Behala, Kolkata featuring traditional rituals and vibrant community festivities.",https://images.pujapath.in/pandals/barisha_milani_sangha_durga_puja.jpg,web-verified station address; locality-based assignment,"Barisha Milani Sangha Durga Puja, Behala, Kolkata, West Bengal, India",success,"Barisha Milani Sangha Durga Puja, Barisha Milani Sangha, Behala, Kolkata, West Bengal, 700038, India",OpenStreetMap Nominatim,valid,verified,"Barisha Milani Sangha Durga Puja, Behala, Kolkata, West Bengal, India","https://www.google.com/maps/search/?api=1&query=22.481645,88.310734",https://www.openstreetmap.org/?mlat=22.481645&mlon=88.310734#map=17/22.481645/88.310734
197,Barisha Netaji Sangha Durga Puja,Behala,2025,22.480012,88.310023,Behala Chowrasta,0.7,Majerhat Railway Station,7.4,Low,False,True,16:00:00,Traditional Sabeki Protima & Cultural Bengal Heritage,"Famous Durga Puja celebration in Behala, Kolkata featuring traditional rituals and vibrant community festivities.",https://images.pujapath.in/pandals/barisha_netaji_sangha_durga_puja.jpg,web-verified station address; locality-based assignment,"Barisha Netaji Sangha Durga Puja, Behala, Kolkata, West Bengal, India",success,"Barisha Netaji Sangha Durga Puja, Barisha Netaji Sangha, Behala, Kolkata, West Bengal, 700038, India",OpenStreetMap Nominatim,valid,verified,"Barisha Netaji Sangha Durga Puja, Behala, Kolkata, West Bengal, India","https://www.google.com/maps/search/?api=1&query=22.480012,88.310023",https://www.openstreetmap.org/?mlat=22.480012&mlon=88.310023#map=17/22.480012/88.310023
198,Barisha Sarbojanin Durgotsab,Behala,2025,22.479334,88.310412,Behala Chowrasta,0.9,Majerhat Railway Station,7.5,Low,False,True,16:00:00,Traditional Sabeki Protima & Cultural Bengal Heritage,"Famous Durga Puja celebration in Behala, Kolkata featuring traditional rituals and vibrant community festivities.",https://images.pujapath.in/pandals/barisha_sarbojanin_durgotsab.jpg,web-verified station address; locality-based assignment,"Barisha Sarbojanin Durgotsab, Behala, Kolkata, West Bengal, India",success,"Barisha Sarbojanin Durgotsab, Barisha Durgotsab, Behala, Kolkata, West Bengal, 700038, India",OpenStreetMap Nominatim,valid,verified,"Barisha Sarbojanin Durgotsab, Behala, Kolkata, West Bengal, India","https://www.google.com/maps/search/?api=1&query=22.479334,88.310412",https://www.openstreetmap.org/?mlat=22.479334&mlon=88.310412#map=17/22.479334/88.310412
199,Barisha Saterpalli Sammilani Durga Puja,Behala,2025,22.478645,88.309734,Behala Chowrasta,1.1,Majerhat Railway Station,7.6,Low,False,True,16:00:00,Traditional Sabeki Protima & Cultural Bengal Heritage,"Famous Durga Puja celebration in Behala, Kolkata featuring traditional rituals and vibrant community festivities.",https://images.pujapath.in/pandals/barisha_saterpalli_sammilani_durga_puja.jpg,web-verified station address; locality-based assignment,"Barisha Saterpalli Sammilani Durga Puja, Behala, Kolkata, West Bengal, India",success,"Barisha Saterpalli Sammilani Durga Puja, Barisha Saterpalli Sammilani, Behala, Kolkata, West Bengal, 700038, India",OpenStreetMap Nominatim,valid,verified,"Barisha Saterpalli Sammilani Durga Puja, Behala, Kolkata, West Bengal, India","https://www.google.com/maps/search/?api=1&query=22.478645,88.309734",https://www.openstreetmap.org/?mlat=22.478645&mlon=88.309734#map=17/22.478645/88.309734
200,Behala 11 Pally Durga Puja,Behala,2025,22.492012,88.315023,Behala Bazar,0.3,Majerhat Railway Station,7.7,Low,False,True,16:00:00,Traditional Sabeki Protima & Cultural Bengal Heritage,"Famous Durga Puja celebration in Behala, Kolkata featuring traditional rituals and vibrant community festivities.",https://images.pujapath.in/pandals/behala_11_pally_durga_puja.jpg,web-verified station address; locality-based assignment,"Behala 11 Pally Durga Puja, Behala, Kolkata, West Bengal, India",success,"Behala 11 Pally Durga Puja, Behala 11 Pally, Behala, Kolkata, West Bengal, 700034, India",OpenStreetMap Nominatim,valid,verified,"Behala 11 Pally Durga Puja, Behala, Kolkata, West Bengal, India","https://www.google.com/maps/search/?api=1&query=22.492012,88.315023",https://www.openstreetmap.org/?mlat=22.492012&mlon=88.315023#map=17/22.492012/88.315023
201,Haridevpur 41 Palli,Haridevpur,2025,22.480534,88.337512,Mahanayak Uttam Kumar,0.5,Tollygunge Railway Station,9.1,High,True,True,22:00:00,Traditional Sabeki Protima & Cultural Bengal Heritage,"Famous Durga Puja celebration in Haridevpur, Kolkata featuring traditional rituals and vibrant community festivities.",https://images.pujapath.in/pandals/haridevpur_41_palli.jpg,web-verified station address; locality-based assignment,"Haridevpur 41 Palli, Haridevpur, Kolkata, West Bengal, India",success,"Haridevpur 41 Palli, Haridevpur 41 Palli, Haridevpur, Kolkata, West Bengal, 700033, India",OpenStreetMap Nominatim,valid,verified,"Haridevpur 41 Palli, Haridevpur, Kolkata, West Bengal, India","https://www.google.com/maps/search/?api=1&query=22.480534,88.337512",https://www.openstreetmap.org/?mlat=22.480534&mlon=88.337512#map=17/22.480534/88.337512
202,Vivekananda Park Athletic Club Durga Puja,Haridevpur,2025,22.479812,88.337934,Mahanayak Uttam Kumar,0.7,Tollygunge Railway Station,7.9,Low,False,True,16:00:00,Traditional Sabeki Protima & Cultural Bengal Heritage,"Famous Durga Puja celebration in Haridevpur, Kolkata featuring traditional rituals and vibrant community festivities.",https://images.pujapath.in/pandals/vivekananda_park_athletic_club_durga_puja.jpg,web-verified station address; locality-based assignment,"Vivekananda Park Athletic Club Durga Puja, Haridevpur, Kolkata, West Bengal, India",success,"Vivekananda Park Athletic Club Durga Puja, Vivekananda Park Athletic, Haridevpur, Kolkata, West Bengal, 700033, India",OpenStreetMap Nominatim,valid,verified,"Vivekananda Park Athletic Club Durga Puja, Haridevpur, Kolkata, West Bengal, India","https://www.google.com/maps/search/?api=1&query=22.479812,88.337934",https://www.openstreetmap.org/?mlat=22.479812&mlon=88.337934#map=17/22.479812/88.337934
203,Haridevpur Nabinsathi Club,Haridevpur,2025,22.479134,88.337212,Mahanayak Uttam Kumar,0.9,Tollygunge Railway Station,8.0,Moderate,False,True,16:00:00,Traditional Sabeki Protima & Cultural Bengal Heritage,"Famous Durga Puja celebration in Haridevpur, Kolkata featuring traditional rituals and vibrant community festivities.",https://images.pujapath.in/pandals/haridevpur_nabinsathi_club.jpg,web-verified station address; locality-based assignment,"Haridevpur Nabinsathi Club, Haridevpur, Kolkata, West Bengal, India",success,"Haridevpur Nabinsathi Club, Haridevpur Nabinsathi, Haridevpur, Kolkata, West Bengal, 700033, India",OpenStreetMap Nominatim,valid,verified,"Haridevpur Nabinsathi Club, Haridevpur, Kolkata, West Bengal, India","https://www.google.com/maps/search/?api=1&query=22.479134,88.337212",https://www.openstreetmap.org/?mlat=22.479134&mlon=88.337212#map=17/22.479134/88.337212
204,Sodepur Jatiya Sangha Durga Puja,Haridevpur,2025,22.477012,88.336023,Mahanayak Uttam Kumar,1.1,Tollygunge Railway Station,8.1,Moderate,False,True,16:00:00,Traditional Sabeki Protima & Cultural Bengal Heritage,"Famous Durga Puja celebration in Haridevpur, Kolkata featuring traditional rituals and vibrant community festivities.",https://images.pujapath.in/pandals/sodepur_jatiya_sangha_durga_puja.jpg,web-verified station address; locality-based assignment,"Sodepur Jatiya Sangha Durga Puja, Haridevpur, Kolkata, West Bengal, India",success,"Sodepur Jatiya Sangha Durga Puja, Sodepur Jatiya Sangha, Haridevpur, Kolkata, West Bengal, 700033, India",OpenStreetMap Nominatim,valid,verified,"Sodepur Jatiya Sangha Durga Puja, Haridevpur, Kolkata, West Bengal, India","https://www.google.com/maps/search/?api=1&query=22.477012,88.336023",https://www.openstreetmap.org/?mlat=22.477012&mlon=88.336023#map=17/22.477012/88.336023
205,Adarsha Samiti Club Durga Puja,Haridevpur,2025,22.476334,88.336412,Mahanayak Uttam Kumar,0.3,Tollygunge Railway Station,8.2,Moderate,False,True,16:00:00,Traditional Sabeki Protima & Cultural Bengal Heritage,"Famous Durga Puja celebration in Haridevpur, Kolkata featuring traditional rituals and vibrant community festivities.",https://images.pujapath.in/pandals/adarsha_samiti_club_durga_puja.jpg,web-verified station address; locality-based assignment,"Adarsha Samiti Club Durga Puja, Haridevpur, Kolkata, West Bengal, India",success,"Adarsha Samiti Club Durga Puja, Adarsha Samiti, Haridevpur, Kolkata, West Bengal, 700033, India",OpenStreetMap Nominatim,valid,verified,"Adarsha Samiti Club Durga Puja, Haridevpur, Kolkata, West Bengal, India","https://www.google.com/maps/search/?api=1&query=22.476334,88.336412",https://www.openstreetmap.org/?mlat=22.476334&mlon=88.336412#map=17/22.476334/88.336412
206,Haridevpur Vivekananda Park,Haridevpur,2025,22.475645,88.335734,Mahanayak Uttam Kumar,0.5,Tollygunge Railway Station,8.3,Moderate,False,True,16:00:00,Traditional Sabeki Protima & Cultural Bengal Heritage,"Famous Durga Puja celebration in Haridevpur, Kolkata featuring traditional rituals and vibrant community festivities.",https://images.pujapath.in/pandals/haridevpur_vivekananda_park.jpg,web-verified station address; locality-based assignment,"Haridevpur Vivekananda Park, Haridevpur, Kolkata, West Bengal, India",success,"Haridevpur Vivekananda Park, Haridevpur Vivekananda Park, Haridevpur, Kolkata, West Bengal, 700033, India",OpenStreetMap Nominatim,valid,verified,"Haridevpur Vivekananda Park, Haridevpur, Kolkata, West Bengal, India","https://www.google.com/maps/search/?api=1&query=22.475645,88.335734",https://www.openstreetmap.org/?mlat=22.475645&mlon=88.335734#map=17/22.475645/88.335734
207,Haridevpur Friends Club Durga Puja,Haridevpur,2025,22.474012,88.335023,Mahanayak Uttam Kumar,0.7,Tollygunge Railway Station,8.4,Moderate,False,True,16:00:00,Traditional Sabeki Protima & Cultural Bengal Heritage,"Famous Durga Puja celebration in Haridevpur, Kolkata featuring traditional rituals and vibrant community festivities.",https://images.pujapath.in/pandals/haridevpur_friends_club_durga_puja.jpg,web-verified station address; locality-based assignment,"Haridevpur Friends Club Durga Puja, Haridevpur, Kolkata, West Bengal, India",success,"Haridevpur Friends Club Durga Puja, Haridevpur Friends, Haridevpur, Kolkata, West Bengal, 700033, India",OpenStreetMap Nominatim,valid,verified,"Haridevpur Friends Club Durga Puja, Haridevpur, Kolkata, West Bengal, India","https://www.google.com/maps/search/?api=1&query=22.474012,88.335023",https://www.openstreetmap.org/?mlat=22.474012&mlon=88.335023#map=17/22.474012/88.335023
208,Haridevpur Paschimpara Sarbojanin,Haridevpur,2025,22.473334,88.335412,Mahanayak Uttam Kumar,0.9,Tollygunge Railway Station,8.5,Moderate,False,True,16:00:00,Traditional Sabeki Protima & Cultural Bengal Heritage,"Famous Durga Puja celebration in Haridevpur, Kolkata featuring traditional rituals and vibrant community festivities.",https://images.pujapath.in/pandals/haridevpur_paschimpara_sarbojanin.jpg,web-verified station address; locality-based assignment,"Haridevpur Paschimpara Sarbojanin, Haridevpur, Kolkata, West Bengal, India",success,"Haridevpur Paschimpara Sarbojanin, Haridevpur Paschimpara, Haridevpur, Kolkata, West Bengal, 700033, India",OpenStreetMap Nominatim,valid,verified,"Haridevpur Paschimpara Sarbojanin, Haridevpur, Kolkata, West Bengal, India","https://www.google.com/maps/search/?api=1&query=22.473334,88.335412",https://www.openstreetmap.org/?mlat=22.473334&mlon=88.335412#map=17/22.473334/88.335412
209,Haridevpur New Sporting Club,Haridevpur,2025,22.472645,88.334734,Mahanayak Uttam Kumar,1.1,Tollygunge Railway Station,8.6,Moderate,False,True,16:00:00,Traditional Sabeki Protima & Cultural Bengal Heritage,"Famous Durga Puja celebration in Haridevpur, Kolkata featuring traditional rituals and vibrant community festivities.",https://images.pujapath.in/pandals/haridevpur_new_sporting_club.jpg,web-verified station address; locality-based assignment,"Haridevpur New Sporting Club, Haridevpur, Kolkata, West Bengal, India",success,"Haridevpur New Sporting Club, Haridevpur New Sporting, Haridevpur, Kolkata, West Bengal, 700033, India",OpenStreetMap Nominatim,valid,verified,"Haridevpur New Sporting Club, Haridevpur, Kolkata, West Bengal, India","https://www.google.com/maps/search/?api=1&query=22.472645,88.334734",https://www.openstreetmap.org/?mlat=22.472645&mlon=88.334734#map=17/22.472645/88.334734
210,Dum Dum Park Tarun Sangha,Dum Dum / South Dumdum,2025,22.611123,88.398545,Dum Dum,0.3,Dum Dum Junction Railway Station,9.0,High,True,True,22:00:00,Traditional Sabeki Protima & Cultural Bengal Heritage,"Famous Durga Puja celebration in Dum Dum / South Dumdum, Kolkata featuring traditional rituals and vibrant community festivities.",https://images.pujapath.in/pandals/dum_dum_park_tarun_sangha.jpg,web-verified station address; locality-based assignment,"Dum Dum Park Tarun Sangha, Dum Dum / South Dumdum, Kolkata, West Bengal, India",success,"Dum Dum Park Tarun Sangha, Dum Dum Park Tarun Sangha, Dum Dum / South Dumdum, Kolkata, West Bengal, 700055, India",OpenStreetMap Nominatim,valid,verified,"Dum Dum Park Tarun Sangha, Dum Dum / South Dumdum, Kolkata, West Bengal, India","https://www.google.com/maps/search/?api=1&query=22.611123,88.398545",https://www.openstreetmap.org/?mlat=22.611123&mlon=88.398545#map=17/22.611123/88.398545
211,Dum Dum Park Bharat Chakra,Dum Dum / South Dumdum,2025,22.610512,88.399234,Dum Dum,0.5,Dum Dum Junction Railway Station,9.1,High,True,True,22:00:00,Traditional Sabeki Protima & Cultural Bengal Heritage,"Famous Durga Puja celebration in Dum Dum / South Dumdum, Kolkata featuring traditional rituals and vibrant community festivities.",https://images.pujapath.in/pandals/dum_dum_park_bharat_chakra.jpg,web-verified station address; locality-based assignment,"Dum Dum Park Bharat Chakra, Dum Dum / South Dumdum, Kolkata, West Bengal, India",success,"Dum Dum Park Bharat Chakra, Dum Dum Park Bharat Chakra, Dum Dum / South Dumdum, Kolkata, West Bengal, 700055, India",OpenStreetMap Nominatim,valid,verified,"Dum Dum Park Bharat Chakra, Dum Dum / South Dumdum, Kolkata, West Bengal, India","https://www.google.com/maps/search/?api=1&query=22.610512,88.399234",https://www.openstreetmap.org/?mlat=22.610512&mlon=88.399234#map=17/22.610512/88.399234
212,Dum Dum Park Yubak Brinda,Dum Dum / South Dumdum,2025,22.609834,88.399612,Dum Dum,0.7,Dum Dum Junction Railway Station,7.4,Low,False,True,16:00:00,Traditional Sabeki Protima & Cultural Bengal Heritage,"Famous Durga Puja celebration in Dum Dum / South Dumdum, Kolkata featuring traditional rituals and vibrant community festivities.",https://images.pujapath.in/pandals/dum_dum_park_yubak_brinda.jpg,web-verified station address; locality-based assignment,"Dum Dum Park Yubak Brinda, Dum Dum / South Dumdum, Kolkata, West Bengal, India",success,"Dum Dum Park Yubak Brinda, Dum Dum Park Yubak Brinda, Dum Dum / South Dumdum, Kolkata, West Bengal, 700055, India",OpenStreetMap Nominatim,valid,verified,"Dum Dum Park Yubak Brinda, Dum Dum / South Dumdum, Kolkata, West Bengal, India","https://www.google.com/maps/search/?api=1&query=22.609834,88.399612",https://www.openstreetmap.org/?mlat=22.609834&mlon=88.399612#map=17/22.609834/88.399612
213,Dum Dum Park Sarbojanin Durga Puja Samity,Dum Dum / South Dumdum,2025,22.609145,88.398934,Dum Dum,0.9,Dum Dum Junction Railway Station,7.5,Low,False,True,16:00:00,Traditional Sabeki Protima & Cultural Bengal Heritage,"Famous Durga Puja celebration in Dum Dum / South Dumdum, Kolkata featuring traditional rituals and vibrant community festivities.",https://images.pujapath.in/pandals/dum_dum_park_sarbojanin_durga_puja_samity.jpg,web-verified station address; locality-based assignment,"Dum Dum Park Sarbojanin Durga Puja Samity, Dum Dum / South Dumdum, Kolkata, West Bengal, India",success,"Dum Dum Park Sarbojanin Durga Puja Samity, Dum Dum Park Samity, Dum Dum / South Dumdum, Kolkata, West Bengal, 700055, India",OpenStreetMap Nominatim,valid,verified,"Dum Dum Park Sarbojanin Durga Puja Samity, Dum Dum / South Dumdum, Kolkata, West Bengal, India","https://www.google.com/maps/search/?api=1&query=22.609145,88.398934",https://www.openstreetmap.org/?mlat=22.609145&mlon=88.398934#map=17/22.609145/88.398934
214,Dakshindari Youth,Dum Dum / South Dumdum,2025,22.603012,88.394023,Dum Dum,1.1,Dum Dum Junction Railway Station,7.6,Low,False,True,16:00:00,Traditional Sabeki Protima & Cultural Bengal Heritage,"Famous Durga Puja celebration in Dum Dum / South Dumdum, Kolkata featuring traditional rituals and vibrant community festivities.",https://images.pujapath.in/pandals/dakshindari_youth.jpg,web-verified station address; locality-based assignment,"Dakshindari Youth, Dum Dum / South Dumdum, Kolkata, West Bengal, India",success,"Dakshindari Youth, Dakshindari Youth, Dum Dum / South Dumdum, Kolkata, West Bengal, 700055, India",OpenStreetMap Nominatim,valid,verified,"Dakshindari Youth, Dum Dum / South Dumdum, Kolkata, West Bengal, India","https://www.google.com/maps/search/?api=1&query=22.603012,88.394023",https://www.openstreetmap.org/?mlat=22.603012&mlon=88.394023#map=17/22.603012/88.394023
215,Dum Dum Tarun Dal,Dum Dum / South Dumdum,2025,22.621012,88.379023,Dum Dum,0.3,Dum Dum Junction Railway Station,7.7,Low,False,True,16:00:00,Traditional Sabeki Protima & Cultural Bengal Heritage,"Famous Durga Puja celebration in Dum Dum / South Dumdum, Kolkata featuring traditional rituals and vibrant community festivities.",https://images.pujapath.in/pandals/dum_dum_tarun_dal.jpg,web-verified station address; locality-based assignment,"Dum Dum Tarun Dal, Dum Dum / South Dumdum, Kolkata, West Bengal, India",success,"Dum Dum Tarun Dal, Dum Dum Tarun Dal, Dum Dum / South Dumdum, Kolkata, West Bengal, 700055, India",OpenStreetMap Nominatim,valid,verified,"Dum Dum Tarun Dal, Dum Dum / South Dumdum, Kolkata, West Bengal, India","https://www.google.com/maps/search/?api=1&query=22.621012,88.379023",https://www.openstreetmap.org/?mlat=22.621012&mlon=88.379023#map=17/22.621012/88.379023
216,Dum Dum Tarun Sangha,Dum Dum / South Dumdum,2025,22.620334,88.379412,Dum Dum,0.5,Dum Dum Junction Railway Station,7.8,Low,False,True,16:00:00,Traditional Sabeki Protima & Cultural Bengal Heritage,"Famous Durga Puja celebration in Dum Dum / South Dumdum, Kolkata featuring traditional rituals and vibrant community festivities.",https://images.pujapath.in/pandals/dum_dum_tarun_sangha.jpg,web-verified station address; locality-based assignment,"Dum Dum Tarun Sangha, Dum Dum / South Dumdum, Kolkata, West Bengal, India",success,"Dum Dum Tarun Sangha, Dum Dum Tarun Sangha, Dum Dum / South Dumdum, Kolkata, West Bengal, 700055, India",OpenStreetMap Nominatim,valid,verified,"Dum Dum Tarun Sangha, Dum Dum / South Dumdum, Kolkata, West Bengal, India","https://www.google.com/maps/search/?api=1&query=22.620334,88.379412",https://www.openstreetmap.org/?mlat=22.620334&mlon=88.379412#map=17/22.620334/88.379412
217,Dum Dum Motijheel College Para Durga Puja,Dum Dum / South Dumdum,2025,22.623012,88.382023,Dum Dum,0.7,Dum Dum Junction Railway Station,7.9,Low,False,True,16:00:00,Traditional Sabeki Protima & Cultural Bengal Heritage,"Famous Durga Puja celebration in Dum Dum / South Dumdum, Kolkata featuring traditional rituals and vibrant community festivities.",https://images.pujapath.in/pandals/dum_dum_motijheel_college_para_durga_puja.jpg,web-verified station address; locality-based assignment,"Dum Dum Motijheel College Para Durga Puja, Dum Dum / South Dumdum, Kolkata, West Bengal, India",success,"Dum Dum Motijheel College Para Durga Puja, Dum Dum Motijheel College Para, Dum Dum / South Dumdum, Kolkata, West Bengal, 700055, India",OpenStreetMap Nominatim,valid,verified,"Dum Dum Motijheel College Para Durga Puja, Dum Dum / South Dumdum, Kolkata, West Bengal, India","https://www.google.com/maps/search/?api=1&query=22.623012,88.382023",https://www.openstreetmap.org/?mlat=22.623012&mlon=88.382023#map=17/22.623012/88.382023
218,Dum Dum Park Bharat Mata Puja,Dum Dum / South Dumdum,2025,22.610012,88.398023,Dum Dum,0.9,Dum Dum Junction Railway Station,8.0,Moderate,False,True,16:00:00,Traditional Sabeki Protima & Cultural Bengal Heritage,"Famous Durga Puja celebration in Dum Dum / South Dumdum, Kolkata featuring traditional rituals and vibrant community festivities.",https://images.pujapath.in/pandals/dum_dum_park_bharat_mata_puja.jpg,web-verified station address; locality-based assignment,"Dum Dum Park Bharat Mata Puja, Dum Dum / South Dumdum, Kolkata, West Bengal, India",success,"Dum Dum Park Bharat Mata Puja, Dum Dum Park Bharat Mata Puja, Dum Dum / South Dumdum, Kolkata, West Bengal, 700055, India",OpenStreetMap Nominatim,valid,verified,"Dum Dum Park Bharat Mata Puja, Dum Dum / South Dumdum, Kolkata, West Bengal, India","https://www.google.com/maps/search/?api=1&query=22.610012,88.398023",https://www.openstreetmap.org/?mlat=22.610012&mlon=88.398023#map=17/22.610012/88.398023
219,Nagerbazar Sarbojanin Durga Puja,Dum Dum / South Dumdum,2025,22.628012,88.391023,Dum Dum,1.1,Dum Dum Junction Railway Station,8.1,Moderate,False,True,16:00:00,Traditional Sabeki Protima & Cultural Bengal Heritage,"Famous Durga Puja celebration in Dum Dum / South Dumdum, Kolkata featuring traditional rituals and vibrant community festivities.",https://images.pujapath.in/pandals/nagerbazar_sarbojanin_durga_puja.jpg,web-verified station address; locality-based assignment,"Nagerbazar Sarbojanin Durga Puja, Dum Dum / South Dumdum, Kolkata, West Bengal, India",success,"Nagerbazar Sarbojanin Durga Puja, Nagerbazar, Dum Dum / South Dumdum, Kolkata, West Bengal, 700055, India",OpenStreetMap Nominatim,valid,verified,"Nagerbazar Sarbojanin Durga Puja, Dum Dum / South Dumdum, Kolkata, West Bengal, India","https://www.google.com/maps/search/?api=1&query=22.628012,88.391023",https://www.openstreetmap.org/?mlat=22.628012&mlon=88.391023#map=17/22.628012/88.391023
220,New Town Sarbojanin Durga Puja,New Town,2025,22.586012,88.462023,Karunamoyee,0.3,Bidhannagar Road Railway Station,8.2,Moderate,False,True,16:00:00,Traditional Sabeki Protima & Cultural Bengal Heritage,"Famous Durga Puja celebration in New Town, Kolkata featuring traditional rituals and vibrant community festivities.",https://images.pujapath.in/pandals/new_town_sarbojanin_durga_puja.jpg,web-verified station address; locality-based assignment,"New Town Sarbojanin Durga Puja, New Town, Kolkata, West Bengal, India",success,"New Town Sarbojanin Durga Puja, New Town, New Town, Kolkata, West Bengal, 700091, India",OpenStreetMap Nominatim,valid,verified,"New Town Sarbojanin Durga Puja, New Town, Kolkata, West Bengal, India","https://www.google.com/maps/search/?api=1&query=22.586012,88.462023",https://www.openstreetmap.org/?mlat=22.586012&mlon=88.462023#map=17/22.586012/88.462023
221,"New Town Durga Puja Committee, BG Block",New Town,2025,22.585334,88.462412,Karunamoyee,0.5,Bidhannagar Road Railway Station,8.3,Moderate,False,True,16:00:00,Traditional Sabeki Protima & Cultural Bengal Heritage,"Famous Durga Puja celebration in New Town, Kolkata featuring traditional rituals and vibrant community festivities.",https://images.pujapath.in/pandals/new_town_durga_puja_committee_bg_block.jpg,web-verified station address; locality-based assignment,"New Town Durga Puja Committee, BG Block, New Town, Kolkata, West Bengal, India",success,"New Town Durga Puja Committee, BG Block, New Town, BG Block, New Town, Kolkata, West Bengal, 700091, India",OpenStreetMap Nominatim,valid,verified,"New Town Durga Puja Committee, BG Block, New Town, Kolkata, West Bengal, India","https://www.google.com/maps/search/?api=1&query=22.585334,88.462412",https://www.openstreetmap.org/?mlat=22.585334&mlon=88.462412#map=17/22.585334/88.462412
222,AA 1D Sarbojanin Durga Puja,New Town,2025,22.584645,88.461734,Karunamoyee,0.7,Bidhannagar Road Railway Station,8.4,Moderate,False,True,16:00:00,Traditional Sabeki Protima & Cultural Bengal Heritage,"Famous Durga Puja celebration in New Town, Kolkata featuring traditional rituals and vibrant community festivities.",https://images.pujapath.in/pandals/aa_1d_sarbojanin_durga_puja.jpg,web-verified station address; locality-based assignment,"AA 1D Sarbojanin Durga Puja, New Town, Kolkata, West Bengal, India",success,"AA 1D Sarbojanin Durga Puja, AA 1D, New Town, Kolkata, West Bengal, 700091, India",OpenStreetMap Nominatim,valid,verified,"AA 1D Sarbojanin Durga Puja, New Town, Kolkata, West Bengal, India","https://www.google.com/maps/search/?api=1&query=22.584645,88.461734",https://www.openstreetmap.org/?mlat=22.584645&mlon=88.461734#map=17/22.584645/88.461734
223,BD Block Durga Puja,New Town,2025,22.587012,88.465023,City Centre,0.9,Bidhannagar Road Railway Station,8.5,Moderate,False,True,16:00:00,Traditional Sabeki Protima & Cultural Bengal Heritage,"Famous Durga Puja celebration in New Town, Kolkata featuring traditional rituals and vibrant community festivities.",https://images.pujapath.in/pandals/bd_block_durga_puja.jpg,web-verified station address; locality-based assignment,"BD Block Durga Puja, New Town, Kolkata, West Bengal, India",success,"BD Block Durga Puja, BD Block, New Town, Kolkata, West Bengal, 700064, India",OpenStreetMap Nominatim,valid,verified,"BD Block Durga Puja, New Town, Kolkata, West Bengal, India","https://www.google.com/maps/search/?api=1&query=22.587012,88.465023",https://www.openstreetmap.org/?mlat=22.587012&mlon=88.465023#map=17/22.587012/88.465023
224,CD Block Durga Puja,New Town,2025,22.586334,88.465412,Karunamoyee,1.1,Bidhannagar Road Railway Station,8.6,Moderate,False,True,16:00:00,Traditional Sabeki Protima & Cultural Bengal Heritage,"Famous Durga Puja celebration in New Town, Kolkata featuring traditional rituals and vibrant community festivities.",https://images.pujapath.in/pandals/cd_block_durga_puja.jpg,web-verified station address; locality-based assignment,"CD Block Durga Puja, New Town, Kolkata, West Bengal, India",success,"CD Block Durga Puja, CD Block, New Town, Kolkata, West Bengal, 700091, India",OpenStreetMap Nominatim,valid,verified,"CD Block Durga Puja, New Town, Kolkata, West Bengal, India","https://www.google.com/maps/search/?api=1&query=22.586334,88.465412",https://www.openstreetmap.org/?mlat=22.586334&mlon=88.465412#map=17/22.586334/88.465412
225,DB Block Durga Puja,New Town,2025,22.585645,88.464734,Karunamoyee,0.3,Bidhannagar Road Railway Station,7.2,Low,False,True,16:00:00,Traditional Sabeki Protima & Cultural Bengal Heritage,"Famous Durga Puja celebration in New Town, Kolkata featuring traditional rituals and vibrant community festivities.",https://images.pujapath.in/pandals/db_block_durga_puja.jpg,web-verified station address; locality-based assignment,"DB Block Durga Puja, New Town, Kolkata, West Bengal, India",success,"DB Block Durga Puja, DB Block, New Town, Kolkata, West Bengal, 700091, India",OpenStreetMap Nominatim,valid,verified,"DB Block Durga Puja, New Town, Kolkata, West Bengal, India","https://www.google.com/maps/search/?api=1&query=22.585645,88.464734",https://www.openstreetmap.org/?mlat=22.585645&mlon=88.464734#map=17/22.585645/88.464734
226,BA Block Durga Puja,New Town,2025,22.584012,88.464023,Karunamoyee,0.5,Bidhannagar Road Railway Station,7.3,Low,False,True,16:00:00,Traditional Sabeki Protima & Cultural Bengal Heritage,"Famous Durga Puja celebration in New Town, Kolkata featuring traditional rituals and vibrant community festivities.",https://images.pujapath.in/pandals/ba_block_durga_puja.jpg,web-verified station address; locality-based assignment,"BA Block Durga Puja, New Town, Kolkata, West Bengal, India",success,"BA Block Durga Puja, BA Block, New Town, Kolkata, West Bengal, 700091, India",OpenStreetMap Nominatim,valid,verified,"BA Block Durga Puja, New Town, Kolkata, West Bengal, India","https://www.google.com/maps/search/?api=1&query=22.584012,88.464023",https://www.openstreetmap.org/?mlat=22.584012&mlon=88.464023#map=17/22.584012/88.464023
227,CG Block Durga Puja,New Town,2025,22.583334,88.464412,Karunamoyee,0.7,Bidhannagar Road Railway Station,7.4,Low,False,True,16:00:00,Traditional Sabeki Protima & Cultural Bengal Heritage,"Famous Durga Puja celebration in New Town, Kolkata featuring traditional rituals and vibrant community festivities.",https://images.pujapath.in/pandals/cg_block_durga_puja.jpg,web-verified station address; locality-based assignment,"CG Block Durga Puja, New Town, Kolkata, West Bengal, India",success,"CG Block Durga Puja, CG Block, New Town, Kolkata, West Bengal, 700091, India",OpenStreetMap Nominatim,valid,verified,"CG Block Durga Puja, New Town, Kolkata, West Bengal, India","https://www.google.com/maps/search/?api=1&query=22.583334,88.464412",https://www.openstreetmap.org/?mlat=22.583334&mlon=88.464412#map=17/22.583334/88.464412
228,B Block Durga Puja,New Town,2025,22.582645,88.463734,Karunamoyee,0.9,Bidhannagar Road Railway Station,7.5,Low,False,True,16:00:00,Traditional Sabeki Protima & Cultural Bengal Heritage,"Famous Durga Puja celebration in New Town, Kolkata featuring traditional rituals and vibrant community festivities.",https://images.pujapath.in/pandals/b_block_durga_puja.jpg,web-verified station address; locality-based assignment,"B Block Durga Puja, New Town, Kolkata, West Bengal, India",success,"B Block Durga Puja, B Block, New Town, Kolkata, West Bengal, 700091, India",OpenStreetMap Nominatim,valid,verified,"B Block Durga Puja, New Town, Kolkata, West Bengal, India","https://www.google.com/maps/search/?api=1&query=22.582645,88.463734",https://www.openstreetmap.org/?mlat=22.582645&mlon=88.463734#map=17/22.582645/88.463734
229,New Town Action Area 1 Puja Committee,New Town,2025,22.581012,88.463023,Karunamoyee,1.1,Bidhannagar Road Railway Station,7.6,Low,False,True,16:00:00,Traditional Sabeki Protima & Cultural Bengal Heritage,"Famous Durga Puja celebration in New Town, Kolkata featuring traditional rituals and vibrant community festivities.",https://images.pujapath.in/pandals/new_town_action_area_1_puja_committee.jpg,web-verified station address; locality-based assignment,"New Town Action Area 1 Puja Committee, New Town, Kolkata, West Bengal, India",success,"New Town Action Area 1 Puja Committee, New Town Action Area 1 Puja, New Town, Kolkata, West Bengal, 700091, India",OpenStreetMap Nominatim,valid,verified,"New Town Action Area 1 Puja Committee, New Town, Kolkata, West Bengal, India","https://www.google.com/maps/search/?api=1&query=22.581012,88.463023",https://www.openstreetmap.org/?mlat=22.581012&mlon=88.463023#map=17/22.581012/88.463023
230,AK Block Salt Lake Durga Puja,Salt Lake,2025,22.589012,88.412023,City Centre,0.3,Bidhannagar Road Railway Station,9.0,High,True,True,22:00:00,Traditional Sabeki Protima & Cultural Bengal Heritage,"Famous Durga Puja celebration in Salt Lake, Kolkata featuring traditional rituals and vibrant community festivities.",https://images.pujapath.in/pandals/ak_block_salt_lake_durga_puja.jpg,web-verified station address; locality-based assignment,"AK Block Salt Lake Durga Puja, Salt Lake, Kolkata, West Bengal, India",success,"AK Block Salt Lake Durga Puja, AK Block Salt Lake, Salt Lake, Kolkata, West Bengal, 700064, India",OpenStreetMap Nominatim,valid,verified,"AK Block Salt Lake Durga Puja, Salt Lake, Kolkata, West Bengal, India","https://www.google.com/maps/search/?api=1&query=22.589012,88.412023",https://www.openstreetmap.org/?mlat=22.589012&mlon=88.412023#map=17/22.589012/88.412023
231,BD Block Sarbojanin Durgotsab,Salt Lake,2025,22.587334,88.411412,City Centre,0.5,Bidhannagar Road Railway Station,7.8,Low,False,True,16:00:00,Traditional Sabeki Protima & Cultural Bengal Heritage,"Famous Durga Puja celebration in Salt Lake, Kolkata featuring traditional rituals and vibrant community festivities.",https://images.pujapath.in/pandals/bd_block_sarbojanin_durgotsab.jpg,web-verified station address; locality-based assignment,"BD Block Sarbojanin Durgotsab, Salt Lake, Kolkata, West Bengal, India",success,"BD Block Sarbojanin Durgotsab, BD Block Durgotsab, Salt Lake, Kolkata, West Bengal, 700064, India",OpenStreetMap Nominatim,valid,verified,"BD Block Sarbojanin Durgotsab, Salt Lake, Kolkata, West Bengal, India","https://www.google.com/maps/search/?api=1&query=22.587334,88.411412",https://www.openstreetmap.org/?mlat=22.587334&mlon=88.411412#map=17/22.587334/88.411412
232,BJ Block Saradotsav,Salt Lake,2025,22.584312,88.417823,City Centre,0.7,Bidhannagar Road Railway Station,7.9,Low,False,True,16:00:00,Traditional Sabeki Protima & Cultural Bengal Heritage,"Famous Durga Puja celebration in Salt Lake, Kolkata featuring traditional rituals and vibrant community festivities.",https://images.pujapath.in/pandals/bj_block_saradotsav.jpg,web-verified station address; locality-based assignment,"BJ Block Saradotsav, Salt Lake, Kolkata, West Bengal, India",success,"BJ Block Saradotsav, BJ Block Saradotsav, Salt Lake, Kolkata, West Bengal, 700064, India",OpenStreetMap Nominatim,valid,verified,"BJ Block Saradotsav, Salt Lake, Kolkata, West Bengal, India","https://www.google.com/maps/search/?api=1&query=22.584312,88.417823",https://www.openstreetmap.org/?mlat=22.584312&mlon=88.417823#map=17/22.584312/88.417823
233,FD Block Durga Puja,Salt Lake,2025,22.576534,88.411223,City Centre,0.9,Bidhannagar Road Railway Station,9.3,High,True,True,22:00:00,Traditional Sabeki Protima & Cultural Bengal Heritage,"Famous Durga Puja celebration in Salt Lake, Kolkata featuring traditional rituals and vibrant community festivities.",https://images.pujapath.in/pandals/fd_block_durga_puja.jpg,web-verified station address; locality-based assignment,"FD Block Durga Puja, Salt Lake, Kolkata, West Bengal, India",success,"FD Block Durga Puja, FD Block, Salt Lake, Kolkata, West Bengal, 700064, India",OpenStreetMap Nominatim,valid,verified,"FD Block Durga Puja, Salt Lake, Kolkata, West Bengal, India","https://www.google.com/maps/search/?api=1&query=22.576534,88.411223",https://www.openstreetmap.org/?mlat=22.576534&mlon=88.411223#map=17/22.576534/88.411223
234,HB Block Durga Puja,Salt Lake,2025,22.582012,88.416023,City Centre,1.1,Bidhannagar Road Railway Station,8.1,Moderate,False,True,16:00:00,Traditional Sabeki Protima & Cultural Bengal Heritage,"Famous Durga Puja celebration in Salt Lake, Kolkata featuring traditional rituals and vibrant community festivities.",https://images.pujapath.in/pandals/hb_block_durga_puja.jpg,web-verified station address; locality-based assignment,"HB Block Durga Puja, Salt Lake, Kolkata, West Bengal, India",success,"HB Block Durga Puja, HB Block, Salt Lake, Kolkata, West Bengal, 700064, India",OpenStreetMap Nominatim,valid,verified,"HB Block Durga Puja, Salt Lake, Kolkata, West Bengal, India","https://www.google.com/maps/search/?api=1&query=22.582012,88.416023",https://www.openstreetmap.org/?mlat=22.582012&mlon=88.416023#map=17/22.582012/88.416023
235,EC Block Durga Puja,Salt Lake,2025,22.581334,88.416412,City Centre,0.3,Bidhannagar Road Railway Station,8.2,Moderate,False,True,16:00:00,Traditional Sabeki Protima & Cultural Bengal Heritage,"Famous Durga Puja celebration in Salt Lake, Kolkata featuring traditional rituals and vibrant community festivities.",https://images.pujapath.in/pandals/ec_block_durga_puja.jpg,web-verified station address; locality-based assignment,"EC Block Durga Puja, Salt Lake, Kolkata, West Bengal, India",success,"EC Block Durga Puja, EC Block, Salt Lake, Kolkata, West Bengal, 700064, India",OpenStreetMap Nominatim,valid,verified,"EC Block Durga Puja, Salt Lake, Kolkata, West Bengal, India","https://www.google.com/maps/search/?api=1&query=22.581334,88.416412",https://www.openstreetmap.org/?mlat=22.581334&mlon=88.416412#map=17/22.581334/88.416412
236,EE Block Durga Puja,Salt Lake,2025,22.580645,88.415734,City Centre,0.5,Bidhannagar Road Railway Station,8.3,Moderate,False,True,16:00:00,Traditional Sabeki Protima & Cultural Bengal Heritage,"Famous Durga Puja celebration in Salt Lake, Kolkata featuring traditional rituals and vibrant community festivities.",https://images.pujapath.in/pandals/ee_block_durga_puja.jpg,web-verified station address; locality-based assignment,"EE Block Durga Puja, Salt Lake, Kolkata, West Bengal, India",success,"EE Block Durga Puja, EE Block, Salt Lake, Kolkata, West Bengal, 700064, India",OpenStreetMap Nominatim,valid,verified,"EE Block Durga Puja, Salt Lake, Kolkata, West Bengal, India","https://www.google.com/maps/search/?api=1&query=22.580645,88.415734",https://www.openstreetmap.org/?mlat=22.580645&mlon=88.415734#map=17/22.580645/88.415734
237,Salt Lake Labony Estate Durga Puja,Salt Lake,2025,22.585012,88.414023,City Centre,0.7,Bidhannagar Road Railway Station,8.4,Moderate,False,True,16:00:00,Traditional Sabeki Protima & Cultural Bengal Heritage,"Famous Durga Puja celebration in Salt Lake, Kolkata featuring traditional rituals and vibrant community festivities.",https://images.pujapath.in/pandals/salt_lake_labony_estate_durga_puja.jpg,web-verified station address; locality-based assignment,"Salt Lake Labony Estate Durga Puja, Salt Lake, Kolkata, West Bengal, India",success,"Salt Lake Labony Estate Durga Puja, Salt Lake Labony Estate, Salt Lake, Kolkata, West Bengal, 700064, India",OpenStreetMap Nominatim,valid,verified,"Salt Lake Labony Estate Durga Puja, Salt Lake, Kolkata, West Bengal, India","https://www.google.com/maps/search/?api=1&query=22.585012,88.414023",https://www.openstreetmap.org/?mlat=22.585012&mlon=88.414023#map=17/22.585012/88.414023
238,Behala Nutan Dal Durga Puja,Behala,2025,22.489012,88.318023,Behala Bazar,0.9,Majerhat Railway Station,9.8,Extremely High,True,True,02:00:00,Traditional Sabeki Protima & Cultural Bengal Heritage,"Famous Durga Puja celebration in Behala, Kolkata featuring traditional rituals and vibrant community festivities.",https://images.pujapath.in/pandals/behala_nutan_dal_durga_puja.jpg,web-verified station address; locality-based assignment,"Behala Nutan Dal Durga Puja, Behala, Kolkata, West Bengal, India",success,"Behala Nutan Dal Durga Puja, Behala Nutan Dal, Behala, Kolkata, West Bengal, 700034, India",OpenStreetMap Nominatim,valid,verified,"Behala Nutan Dal Durga Puja, Behala, Kolkata, West Bengal, India","https://www.google.com/maps/search/?api=1&query=22.489012,88.318023",https://www.openstreetmap.org/?mlat=22.489012&mlon=88.318023#map=17/22.489012/88.318023
239,Behala Friends Durga Puja,Behala,2025,22.493012,88.316023,Behala Bazar,1.1,Majerhat Railway Station,8.6,Moderate,False,True,16:00:00,Traditional Sabeki Protima & Cultural Bengal Heritage,"Famous Durga Puja celebration in Behala, Kolkata featuring traditional rituals and vibrant community festivities.",https://images.pujapath.in/pandals/behala_friends_durga_puja.jpg,web-verified station address; locality-based assignment,"Behala Friends Durga Puja, Behala, Kolkata, West Bengal, India",success,"Behala Friends Durga Puja, Behala Friends, Behala, Kolkata, West Bengal, 700034, India",OpenStreetMap Nominatim,valid,verified,"Behala Friends Durga Puja, Behala, Kolkata, West Bengal, India","https://www.google.com/maps/search/?api=1&query=22.493012,88.316023",https://www.openstreetmap.org/?mlat=22.493012&mlon=88.316023#map=17/22.493012/88.316023
240,Behala Club Durga Puja,Behala,2025,22.492334,88.316412,Behala Bazar,0.3,Majerhat Railway Station,7.2,Low,False,True,16:00:00,Traditional Sabeki Protima & Cultural Bengal Heritage,"Famous Durga Puja celebration in Behala, Kolkata featuring traditional rituals and vibrant community festivities.",https://images.pujapath.in/pandals/behala_club_durga_puja.jpg,web-verified station address; locality-based assignment,"Behala Club Durga Puja, Behala, Kolkata, West Bengal, India",success,"Behala Club Durga Puja, Behala, Behala, Kolkata, West Bengal, 700034, India",OpenStreetMap Nominatim,valid,verified,"Behala Club Durga Puja, Behala, Kolkata, West Bengal, India","https://www.google.com/maps/search/?api=1&query=22.492334,88.316412",https://www.openstreetmap.org/?mlat=22.492334&mlon=88.316412#map=17/22.492334/88.316412
241,Behala Young Men's Association Durga Puja,Behala,2025,22.491645,88.315734,Behala Bazar,0.5,Majerhat Railway Station,7.3,Low,False,True,16:00:00,Traditional Sabeki Protima & Cultural Bengal Heritage,"Famous Durga Puja celebration in Behala, Kolkata featuring traditional rituals and vibrant community festivities.",https://images.pujapath.in/pandals/behala_young_mens_association_durga_puja.jpg,web-verified station address; locality-based assignment,"Behala Young Men's Association Durga Puja, Behala, Kolkata, West Bengal, India",success,"Behala Young Men's Association Durga Puja, Behala Young Men's Association, Behala, Kolkata, West Bengal, 700034, India",OpenStreetMap Nominatim,valid,verified,"Behala Young Men's Association Durga Puja, Behala, Kolkata, West Bengal, India","https://www.google.com/maps/search/?api=1&query=22.491645,88.315734",https://www.openstreetmap.org/?mlat=22.491645&mlon=88.315734#map=17/22.491645/88.315734
242,Barisha Club Durga Puja,Behala,2025,22.482123,88.312034,Behala Chowrasta,0.7,Majerhat Railway Station,9.2,High,True,True,22:00:00,Traditional Sabeki Protima & Cultural Bengal Heritage,"Famous Durga Puja celebration in Behala, Kolkata featuring traditional rituals and vibrant community festivities.",https://images.pujapath.in/pandals/barisha_club_durga_puja.jpg,web-verified station address; locality-based assignment,"Barisha Club Durga Puja, Behala, Kolkata, West Bengal, India",success,"Barisha Club Durga Puja, Barisha, Behala, Kolkata, West Bengal, 700038, India",OpenStreetMap Nominatim,valid,verified,"Barisha Club Durga Puja, Behala, Kolkata, West Bengal, India","https://www.google.com/maps/search/?api=1&query=22.482123,88.312034",https://www.openstreetmap.org/?mlat=22.482123&mlon=88.312034#map=17/22.482123/88.312034
243,Barisha Janakalyan Sangha Durga Puja,Behala,2025,22.480012,88.309023,Behala Chowrasta,0.9,Majerhat Railway Station,7.5,Low,False,True,16:00:00,Traditional Sabeki Protima & Cultural Bengal Heritage,"Famous Durga Puja celebration in Behala, Kolkata featuring traditional rituals and vibrant community festivities.",https://images.pujapath.in/pandals/barisha_janakalyan_sangha_durga_puja.jpg,web-verified station address; locality-based assignment,"Barisha Janakalyan Sangha Durga Puja, Behala, Kolkata, West Bengal, India",success,"Barisha Janakalyan Sangha Durga Puja, Barisha Janakalyan Sangha, Behala, Kolkata, West Bengal, 700038, India",OpenStreetMap Nominatim,valid,verified,"Barisha Janakalyan Sangha Durga Puja, Behala, Kolkata, West Bengal, India","https://www.google.com/maps/search/?api=1&query=22.480012,88.309023",https://www.openstreetmap.org/?mlat=22.480012&mlon=88.309023#map=17/22.480012/88.309023
244,Mudiali Club Durga Puja,South Kolkata,2025,22.513512,88.349634,Rabindra Sarobar,1.1,Tollygunge Railway Station,9.4,High,True,True,22:00:00,Traditional Sabeki Protima & Cultural Bengal Heritage,"Famous Durga Puja celebration in South Kolkata, Kolkata featuring traditional rituals and vibrant community festivities.",https://images.pujapath.in/pandals/mudiali_club_durga_puja.jpg,web-verified station address; locality-based assignment,"Mudiali Club Durga Puja, South Kolkata, Kolkata, West Bengal, India",success,"Mudiali Club Durga Puja, Mudiali, South Kolkata, Kolkata, West Bengal, 700029, India",OpenStreetMap Nominatim,valid,verified,"Mudiali Club Durga Puja, South Kolkata, Kolkata, West Bengal, India","https://www.google.com/maps/search/?api=1&query=22.513512,88.349634",https://www.openstreetmap.org/?mlat=22.513512&mlon=88.349634#map=17/22.513512/88.349634
245,Hazra Park Sarbojanin Durga Puja,South Kolkata,2025,22.524012,88.346023,Kalighat,0.3,Ballygunge Junction,9.5,Extremely High,True,True,02:00:00,Traditional Sabeki Protima & Cultural Bengal Heritage,"Famous Durga Puja celebration in South Kolkata, Kolkata featuring traditional rituals and vibrant community festivities.",https://images.pujapath.in/pandals/hazra_park_sarbojanin_durga_puja.jpg,web-verified station address; locality-based assignment,"Hazra Park Sarbojanin Durga Puja, South Kolkata, Kolkata, West Bengal, India",success,"Hazra Park Sarbojanin Durga Puja, Hazra Park, South Kolkata, Kolkata, West Bengal, 700026, India",OpenStreetMap Nominatim,valid,verified,"Hazra Park Sarbojanin Durga Puja, South Kolkata, Kolkata, West Bengal, India","https://www.google.com/maps/search/?api=1&query=22.524012,88.346023",https://www.openstreetmap.org/?mlat=22.524012&mlon=88.346023#map=17/22.524012/88.346023
246,Bosepukur Sitala Mandir Durga Puja,South Kolkata,2025,22.515512,88.384234,Kalighat,0.5,Ballygunge Junction,9.6,Extremely High,True,True,02:00:00,Traditional Sabeki Protima & Cultural Bengal Heritage,"Famous Durga Puja celebration in South Kolkata, Kolkata featuring traditional rituals and vibrant community festivities.",https://images.pujapath.in/pandals/bosepukur_sitala_mandir_durga_puja.jpg,web-verified station address; locality-based assignment,"Bosepukur Sitala Mandir Durga Puja, South Kolkata, Kolkata, West Bengal, India",success,"Bosepukur Sitala Mandir Durga Puja, Bosepukur Sitala Mandir, South Kolkata, Kolkata, West Bengal, 700026, India",OpenStreetMap Nominatim,valid,verified,"Bosepukur Sitala Mandir Durga Puja, South Kolkata, Kolkata, West Bengal, India","https://www.google.com/maps/search/?api=1&query=22.515512,88.384234",https://www.openstreetmap.org/?mlat=22.515512&mlon=88.384234#map=17/22.515512/88.384234
247,Rajdanga Naba Udayan Sangha Durga Puja,South Kolkata,2025,22.511012,88.389023,Kalighat,0.7,Ballygunge Junction,7.9,Low,False,True,16:00:00,Traditional Sabeki Protima & Cultural Bengal Heritage,"Famous Durga Puja celebration in South Kolkata, Kolkata featuring traditional rituals and vibrant community festivities.",https://images.pujapath.in/pandals/rajdanga_naba_udayan_sangha_durga_puja.jpg,web-verified station address; locality-based assignment,"Rajdanga Naba Udayan Sangha Durga Puja, South Kolkata, Kolkata, West Bengal, India",success,"Rajdanga Naba Udayan Sangha Durga Puja, Rajdanga Naba Udayan Sangha, South Kolkata, Kolkata, West Bengal, 700026, India",OpenStreetMap Nominatim,valid,verified,"Rajdanga Naba Udayan Sangha Durga Puja, South Kolkata, Kolkata, West Bengal, India","https://www.google.com/maps/search/?api=1&query=22.511012,88.389023",https://www.openstreetmap.org/?mlat=22.511012&mlon=88.389023#map=17/22.511012/88.389023
248,Shibmandir Durga Puja,South Kolkata,2025,22.515234,88.350845,Rabindra Sarobar,0.9,Tollygunge Railway Station,9.8,Extremely High,True,True,02:00:00,Traditional Sabeki Protima & Cultural Bengal Heritage,"Famous Durga Puja celebration in South Kolkata, Kolkata featuring traditional rituals and vibrant community festivities.",https://images.pujapath.in/pandals/shibmandir_durga_puja.jpg,web-verified station address; locality-based assignment,"Shibmandir Durga Puja, South Kolkata, Kolkata, West Bengal, India",success,"Shibmandir Durga Puja, Shibmandir, South Kolkata, Kolkata, West Bengal, 700029, India",OpenStreetMap Nominatim,valid,verified,"Shibmandir Durga Puja, South Kolkata, Kolkata, West Bengal, India","https://www.google.com/maps/search/?api=1&query=22.515234,88.350845",https://www.openstreetmap.org/?mlat=22.515234&mlon=88.350845#map=17/22.515234/88.350845
