pandal_id,pandal_name,pandal_region,pandal_latitude,pandal_longitude,eatery_name,cuisine_type,distance_m,distance_km,budget_for_two_inr,best_recommended_item,eatery_latitude,eatery_longitude
1,Ahiritola Jubak Brinda Durga Puja,North Kolkata,22.596201,88.358241,Mitra Cafe (Near Ahiritola Jubak Brinda Durga Puja),Historic Cabin / Bengali Snacks,650,0.65,350,Fish Kabiraji & Mutton Brain Chop,22.597186,88.364476
1,Ahiritola Jubak Brinda Durga Puja,North Kolkata,22.596201,88.358241,Nobin Chandra Das Sweets (Near Ahiritola Jubak Brinda Durga Puja),Sweet Shop,860,0.86,200,Abar Khaobo & Traditional Rosogolla,22.592744,88.350745
2,Amherst Sarbojanin Durgotsab,North Kolkata,22.584012,88.367345,Bhooter Raja Dilo Bor (Near Amherst Sarbojanin Durgotsab),Traditional Bengali Dining,530,0.53,850,"Thali (Bhat, Sukto, Ilish, Mangsho)",22.587998,88.370208
2,Amherst Sarbojanin Durgotsab,North Kolkata,22.584012,88.367345,Putiram Sweets (Near Amherst Sarbojanin Durgotsab),Traditional Bengali Breakfast,630,0.63,150,Radhaballabhi with Cholar Dal,22.579445,88.36368
3,Aswiningar Sarbojanin Durgotsav,North Kolkata,22.612234,88.365123,Nobin Chandra Das Sweets (Near Aswiningar Sarbojanin Durgotsav),Sweet Shop,840,0.84,200,Abar Khaobo & Traditional Rosogolla,22.605588,88.369083
3,Aswiningar Sarbojanin Durgotsav,North Kolkata,22.612234,88.365123,Aheli Express (Near Aswiningar Sarbojanin Durgotsav),Bengali Fine Fast,730,0.73,700,Macher Paturi & Chingri Malai Curry,22.611071,88.372116
4,Baghbazar Palli Puja O Pradarshani,North Kolkata,22.603345,88.366289,Haji Biryani (Near Baghbazar Palli Puja O Pradarshani),Mughlai,590,0.59,400,Awadhi Mutton Biryani,22.598628,88.368972
4,Baghbazar Palli Puja O Pradarshani,North Kolkata,22.603345,88.366289,Das Cabin (Near Baghbazar Palli Puja O Pradarshani),Cabin Snacks,650,0.65,250,Mutton Moglai & Kobiraji,22.604616,88.372464
5,Bandhudal Durgotsob,North Kolkata,22.603812,88.361534,Golbari (New Punjabi Hotel) (Near Bandhudal Durgotsob),Iconic Mughlai / Bengali,560,0.56,450,Kosha Mangsho & Roomali Roti,22.606724,88.357076
5,Bandhudal Durgotsob,North Kolkata,22.603812,88.361534,Das Cabin (Near Bandhudal Durgotsob),Cabin Snacks,800,0.8,250,Mutton Moglai & Kobiraji,22.606354,88.354246
5,Bandhudal Durgotsob,North Kolkata,22.603812,88.361534,Putiram Sweets (Near Bandhudal Durgotsob),Traditional Bengali Breakfast,860,0.86,150,Radhaballabhi with Cholar Dal,22.596235,88.359646
6,Beadon Street Sarbojanin Durgotsav,North Kolkata,22.611623,88.371745,Golbari (New Punjabi Hotel) (Near Beadon Street Sarbojanin Durgotsav),Iconic Mughlai / Bengali,900,0.9,450,Kosha Mangsho & Roomali Roti,22.605638,88.365809
6,Beadon Street Sarbojanin Durgotsav,North Kolkata,22.611623,88.371745,Allen Kitchen (Near Beadon Street Sarbojanin Durgotsav),Heritage Cabin,920,0.92,400,Prawn Cutlet (pure ghee fried),22.604266,88.367563
6,Beadon Street Sarbojanin Durgotsav,North Kolkata,22.611623,88.371745,Chittaranjan Mistanna Bhandar (Near Beadon Street Sarbojanin Durgotsav),Heritage Sweet Shop,840,0.84,180,White Rosogolla & Mishti Doi,22.618907,88.374066
7,Belgachia Sadharan Durgotsab,North Kolkata,22.595412,88.381923,Haji Biryani (Near Belgachia Sadharan Durgotsab),Mughlai,970,0.97,400,Awadhi Mutton Biryani,22.600802,88.374477
7,Belgachia Sadharan Durgotsab,North Kolkata,22.595412,88.381923,Chittaranjan Mistanna Bhandar (Near Belgachia Sadharan Durgotsab),Heritage Sweet Shop,920,0.92,180,White Rosogolla & Mishti Doi,22.589342,88.388046
8,Belgachia Yuba Sammilani Durga Puja,North Kolkata,22.603234,88.368145,Aheli Express (Near Belgachia Yuba Sammilani Durga Puja),Bengali Fine Fast,590,0.59,700,Macher Paturi & Chingri Malai Curry,22.599956,88.372675
8,Belgachia Yuba Sammilani Durga Puja,North Kolkata,22.603234,88.368145,Basanta Cabin (Near Belgachia Yuba Sammilani Durga Puja),Heritage Cabin,830,0.83,220,Mughlai Paratha & Alur Dom,22.600996,88.360436
8,Belgachia Yuba Sammilani Durga Puja,North Kolkata,22.603234,88.368145,Paramount Sherbets & Syrups (Near Belgachia Yuba Sammilani Durga Puja),Heritage Beverage Cabin,830,0.83,220,Daab Sharbat & Cocoa Malai,22.609997,88.371648
9,Bhagabati Park Durga Puja Committee,North Kolkata,22.611012,88.378323,Allen Kitchen (Near Bhagabati Park Durga Puja Committee),Heritage Cabin,630,0.63,400,Prawn Cutlet (pure ghee fried),22.605474,88.379763
9,Bhagabati Park Durga Puja Committee,North Kolkata,22.611012,88.378323,Nobin Chandra Das Sweets (Near Bhagabati Park Durga Puja Committee),Sweet Shop,640,0.64,200,Abar Khaobo & Traditional Rosogolla,22.616176,88.375509
10,Bharatiya Tarun Sangha Durga Puja,North Kolkata,22.594823,88.364534,Aheli Express (Near Bharatiya Tarun Sangha Durga Puja),Bengali Fine Fast,910,0.91,700,Macher Paturi & Chingri Malai Curry,22.596161,88.355798
10,Bharatiya Tarun Sangha Durga Puja,North Kolkata,22.594823,88.364534,Paramount Sherbets & Syrups (Near Bharatiya Tarun Sangha Durga Puja),Heritage Beverage Cabin,630,0.63,220,Daab Sharbat & Cocoa Malai,22.600405,88.365762
11,Brindaban Matri Mandir Durga Puja,North Kolkata,22.602645,88.374712,Putiram Sweets (Near Brindaban Matri Mandir Durga Puja),Traditional Bengali Breakfast,620,0.62,150,Radhaballabhi with Cholar Dal,22.607895,88.372594
11,Brindaban Matri Mandir Durga Puja,North Kolkata,22.602645,88.374712,Chittaranjan Mistanna Bhandar (Near Brindaban Matri Mandir Durga Puja),Heritage Sweet Shop,920,0.92,180,White Rosogolla & Mishti Doi,22.599356,88.382935
11,Brindaban Matri Mandir Durga Puja,North Kolkata,22.602645,88.374712,Golbari (New Punjabi Hotel) (Near Brindaban Matri Mandir Durga Puja),Iconic Mughlai / Bengali,820,0.82,450,Kosha Mangsho & Roomali Roti,22.596767,88.379577
12,Calcutta Youth Forum,North Kolkata,22.610412,88.360934,Girish Chandra Dey & Nakur Chandra Nandy (Near Calcutta Youth Forum),Heritage Sweet Shop,630,0.63,200,Jolbhora Sandesh & Chocolate Sandesh,22.605133,88.358628
12,Calcutta Youth Forum,North Kolkata,22.610412,88.360934,Chittaranjan Mistanna Bhandar (Near Calcutta Youth Forum),Heritage Sweet Shop,640,0.64,180,White Rosogolla & Mishti Doi,22.605422,88.357778
12,Calcutta Youth Forum,North Kolkata,22.610412,88.360934,Das Cabin (Near Calcutta Youth Forum),Cabin Snacks,930,0.93,250,Mutton Moglai & Kobiraji,22.603626,88.366281
13,Campbagan Sadharan Durgotsav,North Kolkata,22.594234,88.371123,Girish Chandra Dey & Nakur Chandra Nandy (Near Campbagan Sadharan Durgotsav),Heritage Sweet Shop,750,0.75,200,Jolbhora Sandesh & Chocolate Sandesh,22.59448,88.36383
13,Campbagan Sadharan Durgotsav,North Kolkata,22.594234,88.371123,Allen Kitchen (Near Campbagan Sadharan Durgotsav),Heritage Cabin,920,0.92,400,Prawn Cutlet (pure ghee fried),22.599004,88.378458
14,Chaltabagan Lohapatty Durga Puja,North Kolkata,22.584123,88.369512,Haji Biryani (Near Chaltabagan Lohapatty Durga Puja),Mughlai,710,0.71,400,Awadhi Mutton Biryani,22.590039,88.372197
14,Chaltabagan Lohapatty Durga Puja,North Kolkata,22.584123,88.369512,Aheli Express (Near Chaltabagan Lohapatty Durga Puja),Bengali Fine Fast,700,0.7,700,Macher Paturi & Chingri Malai Curry,22.590452,88.369346
15,Chorebagan Sarbojanin Durgotsab Samity,North Kolkata,22.609845,88.367523,Allen Kitchen (Near Chorebagan Sarbojanin Durgotsab Samity),Heritage Cabin,830,0.83,400,Prawn Cutlet (pure ghee fried),22.61549,88.372847
15,Chorebagan Sarbojanin Durgotsab Samity,North Kolkata,22.609845,88.367523,Basanta Cabin (Near Chorebagan Sarbojanin Durgotsab Samity),Heritage Cabin,930,0.93,220,Mughlai Paratha & Alur Dom,22.609891,88.358473
15,Chorebagan Sarbojanin Durgotsab Samity,North Kolkata,22.609845,88.367523,Mitra Cafe (Near Chorebagan Sarbojanin Durgotsab Samity),Historic Cabin / Bengali Snacks,870,0.87,350,Fish Kabiraji & Mutton Brain Chop,22.605622,88.374666
16,Cossipore Shakti Sangha Durga Puja,North Kolkata,22.593612,88.377734,Putiram Sweets (Near Cossipore Shakti Sangha Durga Puja),Traditional Bengali Breakfast,520,0.52,150,Radhaballabhi with Cholar Dal,22.592792,88.372752
16,Cossipore Shakti Sangha Durga Puja,North Kolkata,22.593612,88.377734,Girish Chandra Dey & Nakur Chandra Nandy (Near Cossipore Shakti Sangha Durga Puja),Heritage Sweet Shop,850,0.85,200,Jolbhora Sandesh & Chocolate Sandesh,22.60118,88.376281
16,Cossipore Shakti Sangha Durga Puja,North Kolkata,22.593612,88.377734,Dilkhusa Cabin (Near Cossipore Shakti Sangha Durga Puja),Historic Cabin,870,0.87,250,Dimer Devil & Fish Roll,22.585753,88.377326
17,Dakshin Rabindrapally Sarbojanin Durga Puja,North Kolkata,22.601423,88.363945,Basanta Cabin (Near Dakshin Rabindrapally Sarbojanin Durga Puja),Heritage Cabin,660,0.66,220,Mughlai Paratha & Alur Dom,22.597588,88.359024
17,Dakshin Rabindrapally Sarbojanin Durga Puja,North Kolkata,22.601423,88.363945,Aheli Express (Near Dakshin Rabindrapally Sarbojanin Durga Puja),Bengali Fine Fast,800,0.8,700,Macher Paturi & Chingri Malai Curry,22.605571,88.370323
18,Darjeepara Sarbojanin Durgotsab Samity,North Kolkata,22.609212,88.374123,Allen Kitchen (Near Darjeepara Sarbojanin Durgotsab Samity),Heritage Cabin,940,0.94,400,Prawn Cutlet (pure ghee fried),22.616622,88.369641
18,Darjeepara Sarbojanin Durgotsab Samity,North Kolkata,22.609212,88.374123,Haji Biryani (Near Darjeepara Sarbojanin Durgotsab Samity),Mughlai,800,0.8,400,Awadhi Mutton Biryani,22.601996,88.37468
19,Deshbandhunagar Sarbojanin Durgotsab,North Kolkata,22.614734,88.368112,Das Cabin (Near Deshbandhunagar Sarbojanin Durgotsab),Cabin Snacks,920,0.92,250,Mutton Moglai & Kobiraji,22.618818,88.360312
19,Deshbandhunagar Sarbojanin Durgotsab,North Kolkata,22.614734,88.368112,Paramount Sherbets & Syrups (Near Deshbandhunagar Sarbojanin Durgotsab),Heritage Beverage Cabin,660,0.66,220,Daab Sharbat & Cocoa Malai,22.620312,88.370398
20,Dum Dum Park Bharat Chakra Durga Puja,North Kolkata,22.610512,88.399234,Golbari (New Punjabi Hotel) (Near Dum Dum Park Bharat Chakra Durga Puja),Iconic Mughlai / Bengali,740,0.74,450,Kosha Mangsho & Roomali Roti,22.616581,88.402268
20,Dum Dum Park Bharat Chakra Durga Puja,North Kolkata,22.610512,88.399234,Nobin Chandra Das Sweets (Near Dum Dum Park Bharat Chakra Durga Puja),Sweet Shop,870,0.87,200,Abar Khaobo & Traditional Rosogolla,22.611294,88.39081
21,Dum Dum Park Sarbojanin Durga Puja,North Kolkata,22.630323,88.388545,Aheli Express (Near Dum Dum Park Sarbojanin Durga Puja),Bengali Fine Fast,960,0.96,700,Macher Paturi & Chingri Malai Curry,22.634737,88.396591
21,Dum Dum Park Sarbojanin Durga Puja,North Kolkata,22.630323,88.388545,Dilkhusa Cabin (Near Dum Dum Park Sarbojanin Durga Puja),Historic Cabin,760,0.76,250,Dimer Devil & Fish Roll,22.624935,88.383953
22,Goabagan Sarodatsav Sammilani Durga Puja,North Kolkata,22.592412,88.366934,Das Cabin (Near Goabagan Sarodatsav Sammilani Durga Puja),Cabin Snacks,870,0.87,250,Mutton Moglai & Kobiraji,22.58951,88.359066
22,Goabagan Sarodatsav Sammilani Durga Puja,North Kolkata,22.592412,88.366934,Allen Kitchen (Near Goabagan Sarodatsav Sammilani Durga Puja),Heritage Cabin,850,0.85,400,Prawn Cutlet (pure ghee fried),22.586222,88.371837
23,Golaghata Sammilani Durga Puja,North Kolkata,22.600234,88.377123,Dilkhusa Cabin (Near Golaghata Sammilani Durga Puja),Historic Cabin,580,0.58,250,Dimer Devil & Fish Roll,22.601064,88.382695
23,Golaghata Sammilani Durga Puja,North Kolkata,22.600234,88.377123,Allen Kitchen (Near Golaghata Sammilani Durga Puja),Heritage Cabin,680,0.68,400,Prawn Cutlet (pure ghee fried),22.595007,88.373637
23,Golaghata Sammilani Durga Puja,North Kolkata,22.600234,88.377123,Das Cabin (Near Golaghata Sammilani Durga Puja),Cabin Snacks,630,0.63,250,Mutton Moglai & Kobiraji,22.601294,88.383146
24,Grey Street Sarbojanin Durga Puja,North Kolkata,22.608012,88.363345,Nobin Chandra Das Sweets (Near Grey Street Sarbojanin Durga Puja),Sweet Shop,550,0.55,200,Abar Khaobo & Traditional Rosogolla,22.612547,88.365544
24,Grey Street Sarbojanin Durga Puja,North Kolkata,22.608012,88.363345,Aheli Express (Near Grey Street Sarbojanin Durga Puja),Bengali Fine Fast,530,0.53,700,Macher Paturi & Chingri Malai Curry,22.605692,88.367858
25,Halsibagan Sarbojanin Durgotsab,North Kolkata,22.591823,88.373512,Chittaranjan Mistanna Bhandar (Near Halsibagan Sarbojanin Durgotsab),Heritage Sweet Shop,740,0.74,180,White Rosogolla & Mishti Doi,22.585333,88.371755
25,Halsibagan Sarbojanin Durgotsab,North Kolkata,22.591823,88.373512,Aheli Express (Near Halsibagan Sarbojanin Durgotsab),Bengali Fine Fast,850,0.85,700,Macher Paturi & Chingri Malai Curry,22.597505,88.367942
26,Hari Ghosh Street Sarbojanin,North Kolkata,22.599645,88.359734,Arsalan (Near Hari Ghosh Street Sarbojanin),Mughlai,890,0.89,600,Mutton Biryani & Chicken Chaap,22.602589,88.367794
26,Hari Ghosh Street Sarbojanin,North Kolkata,22.599645,88.359734,Haji Biryani (Near Hari Ghosh Street Sarbojanin),Mughlai,560,0.56,400,Awadhi Mutton Biryani,22.595048,88.362021
26,Hari Ghosh Street Sarbojanin,North Kolkata,22.599645,88.359734,Dilkhusa Cabin (Near Hari Ghosh Street Sarbojanin),Historic Cabin,710,0.71,250,Dimer Devil & Fish Roll,22.593361,88.361155
27,Hatibagan Nabinpally Sarbojanin Durgotsav,North Kolkata,22.607412,88.369923,Aheli Express (Near Hatibagan Nabinpally Sarbojanin Durgotsav),Bengali Fine Fast,970,0.97,700,Macher Paturi & Chingri Malai Curry,22.61456,88.375395
27,Hatibagan Nabinpally Sarbojanin Durgotsav,North Kolkata,22.607412,88.369923,Das Cabin (Near Hatibagan Nabinpally Sarbojanin Durgotsav),Cabin Snacks,710,0.71,250,Mutton Moglai & Kobiraji,22.603995,88.375773
28,Jagat Mukherjee Park Durga Puja,North Kolkata,22.598234,88.362145,Arsalan (Near Jagat Mukherjee Park Durga Puja),Mughlai,610,0.61,600,Mutton Biryani & Chicken Chaap,22.593002,88.364028
28,Jagat Mukherjee Park Durga Puja,North Kolkata,22.598234,88.362145,Das Cabin (Near Jagat Mukherjee Park Durga Puja),Cabin Snacks,710,0.71,250,Mutton Moglai & Kobiraji,22.597089,88.368943
29,Jokermath Sarbojonin Durga Puja,North Kolkata,22.605212,88.372323,Basanta Cabin (Near Jokermath Sarbojonin Durga Puja),Heritage Cabin,720,0.72,220,Mughlai Paratha & Alur Dom,22.609405,88.366963
29,Jokermath Sarbojonin Durga Puja,North Kolkata,22.605212,88.372323,Golbari (New Punjabi Hotel) (Near Jokermath Sarbojonin Durga Puja),Iconic Mughlai / Bengali,770,0.77,450,Kosha Mangsho & Roomali Roti,22.611827,88.374665
30,Kailash Bose Street Durga Puja,North Kolkata,22.589045,88.365512,Golbari (New Punjabi Hotel) (Near Kailash Bose Street Durga Puja),Iconic Mughlai / Bengali,910,0.91,450,Kosha Mangsho & Roomali Roti,22.593176,88.37317
30,Kailash Bose Street Durga Puja,North Kolkata,22.589045,88.365512,Haji Biryani (Near Kailash Bose Street Durga Puja),Mughlai,740,0.74,400,Awadhi Mutton Biryani,22.590556,88.372526
31,Kankurgachi Sarbojanin Durgotsab,North Kolkata,22.586823,88.375734,Das Cabin (Near Kankurgachi Sarbojanin Durgotsab),Cabin Snacks,690,0.69,250,Mutton Moglai & Kobiraji,22.593037,88.375115
31,Kankurgachi Sarbojanin Durgotsab,North Kolkata,22.586823,88.375734,Mitra Cafe (Near Kankurgachi Sarbojanin Durgotsab),Historic Cabin / Bengali Snacks,640,0.64,350,Fish Kabiraji & Mutton Brain Chop,22.588053,88.369649
31,Kankurgachi Sarbojanin Durgotsab,North Kolkata,22.586823,88.375734,Girish Chandra Dey & Nakur Chandra Nandy (Near Kankurgachi Sarbojanin Durgotsab),Heritage Sweet Shop,730,0.73,200,Jolbhora Sandesh & Chocolate Sandesh,22.580979,88.379037
32,Kashi Bose Lane Durga Puja Committee,North Kolkata,22.589234,88.368123,Girish Chandra Dey & Nakur Chandra Nandy (Near Kashi Bose Lane Durga Puja Committee),Heritage Sweet Shop,620,0.62,200,Jolbhora Sandesh & Chocolate Sandesh,22.594467,88.37029
32,Kashi Bose Lane Durga Puja Committee,North Kolkata,22.589234,88.368123,Arsalan (Near Kashi Bose Lane Durga Puja Committee),Mughlai,860,0.86,600,Mutton Biryani & Chicken Chaap,22.596448,88.37125
32,Kashi Bose Lane Durga Puja Committee,North Kolkata,22.589234,88.368123,Chittaranjan Mistanna Bhandar (Near Kashi Bose Lane Durga Puja Committee),Heritage Sweet Shop,660,0.66,180,White Rosogolla & Mishti Doi,22.594909,88.370113
33,Kumartuli Park Sarbojanin Durgotsab Committee,North Kolkata,22.599512,88.360145,Allen Kitchen (Near Kumartuli Park Sarbojanin Durgotsab Committee),Heritage Cabin,590,0.59,400,Prawn Cutlet (pure ghee fried),22.604687,88.358745
33,Kumartuli Park Sarbojanin Durgotsab Committee,North Kolkata,22.599512,88.360145,Basanta Cabin (Near Kumartuli Park Sarbojanin Durgotsab Committee),Heritage Cabin,560,0.56,220,Mughlai Paratha & Alur Dom,22.601499,88.365157
33,Kumartuli Park Sarbojanin Durgotsab Committee,North Kolkata,22.599512,88.360145,Das Cabin (Near Kumartuli Park Sarbojanin Durgotsab Committee),Cabin Snacks,790,0.79,250,Mutton Moglai & Kobiraji,22.596277,88.353291
34,Kumartuli Sarbojanin Durgotsab,North Kolkata,22.598823,88.360534,Putiram Sweets (Near Kumartuli Sarbojanin Durgotsab),Traditional Bengali Breakfast,950,0.95,150,Radhaballabhi with Cholar Dal,22.591042,88.356615
34,Kumartuli Sarbojanin Durgotsab,North Kolkata,22.598823,88.360534,Golbari (New Punjabi Hotel) (Near Kumartuli Sarbojanin Durgotsab),Iconic Mughlai / Bengali,790,0.79,450,Kosha Mangsho & Roomali Roti,22.605746,88.362434
35,Lake View Park Sarbojanin Durgotsav Samity,North Kolkata,22.608245,88.370712,Putiram Sweets (Near Lake View Park Sarbojanin Durgotsav Samity),Traditional Bengali Breakfast,790,0.79,150,Radhaballabhi with Cholar Dal,22.601174,88.369615
35,Lake View Park Sarbojanin Durgotsav Samity,North Kolkata,22.608245,88.370712,Aheli Express (Near Lake View Park Sarbojanin Durgotsav Samity),Bengali Fine Fast,950,0.95,700,Macher Paturi & Chingri Malai Curry,22.61068,88.379577
36,Mahalla Sarbojanin Durgautsab Samity,North Kolkata,22.592012,88.356934,Arsalan (Near Mahalla Sarbojanin Durgautsab Samity),Mughlai,580,0.58,600,Mutton Biryani & Chicken Chaap,22.58881,88.352464
36,Mahalla Sarbojanin Durgautsab Samity,North Kolkata,22.592012,88.356934,Chittaranjan Mistanna Bhandar (Near Mahalla Sarbojanin Durgautsab Samity),Heritage Sweet Shop,730,0.73,180,White Rosogolla & Mishti Doi,22.597968,88.35387
36,Mahalla Sarbojanin Durgautsab Samity,North Kolkata,22.592012,88.356934,Putiram Sweets (Near Mahalla Sarbojanin Durgautsab Samity),Traditional Bengali Breakfast,960,0.96,150,Radhaballabhi with Cholar Dal,22.600589,88.357475
37,Mitali Kankurgachi Durga Puja,North Kolkata,22.589834,88.367123,Golbari (New Punjabi Hotel) (Near Mitali Kankurgachi Durga Puja),Iconic Mughlai / Bengali,620,0.62,450,Kosha Mangsho & Roomali Roti,22.589299,88.373128
37,Mitali Kankurgachi Durga Puja,North Kolkata,22.589834,88.367123,Allen Kitchen (Near Mitali Kankurgachi Durga Puja),Heritage Cabin,950,0.95,400,Prawn Cutlet (pure ghee fried),22.596129,88.360832
38,Nalin Sarkar Street Sarbojanin Durgotsab,North Kolkata,22.597612,88.377345,Paramount Sherbets & Syrups (Near Nalin Sarkar Street Sarbojanin Durgotsab),Heritage Beverage Cabin,590,0.59,220,Daab Sharbat & Cocoa Malai,22.600292,88.372381
38,Nalin Sarkar Street Sarbojanin Durgotsab,North Kolkata,22.597612,88.377345,Chittaranjan Mistanna Bhandar (Near Nalin Sarkar Street Sarbojanin Durgotsab),Heritage Sweet Shop,840,0.84,180,White Rosogolla & Mishti Doi,22.59181,88.372069
39,Nimtala Sarbojanin Durgotsab,North Kolkata,22.595434,88.355212,Aheli Express (Near Nimtala Sarbojanin Durgotsab),Bengali Fine Fast,780,0.78,700,Macher Paturi & Chingri Malai Curry,22.601849,88.352057
39,Nimtala Sarbojanin Durgotsab,North Kolkata,22.595434,88.355212,Basanta Cabin (Near Nimtala Sarbojanin Durgotsab),Heritage Cabin,570,0.57,220,Mughlai Paratha & Alur Dom,22.59915,88.351368
40,Sreebhumi Sporting Club Durga Puja,North Kolkata,22.599723,88.397612,Golbari (New Punjabi Hotel) (Near Sreebhumi Sporting Club Durga Puja),Iconic Mughlai / Bengali,770,0.77,450,Kosha Mangsho & Roomali Roti,22.598748,88.405031
40,Sreebhumi Sporting Club Durga Puja,North Kolkata,22.599723,88.397612,Das Cabin (Near Sreebhumi Sporting Club Durga Puja),Cabin Snacks,800,0.8,250,Mutton Moglai & Kobiraji,22.598261,88.389988
40,Sreebhumi Sporting Club Durga Puja,North Kolkata,22.599723,88.397612,Nobin Chandra Das Sweets (Near Sreebhumi Sporting Club Durga Puja),Sweet Shop,610,0.61,200,Abar Khaobo & Traditional Rosogolla,22.596055,88.393179
41,Tala Barowari Durgotsab,North Kolkata,22.607512,88.375234,Allen Kitchen (Near Tala Barowari Durgotsab),Heritage Cabin,940,0.94,400,Prawn Cutlet (pure ghee fried),22.612339,88.367705
41,Tala Barowari Durgotsab,North Kolkata,22.607512,88.375234,Dilkhusa Cabin (Near Tala Barowari Durgotsab),Historic Cabin,560,0.56,250,Dimer Devil & Fish Roll,22.60302,88.377751
41,Tala Barowari Durgotsab,North Kolkata,22.607512,88.375234,Chittaranjan Mistanna Bhandar (Near Tala Barowari Durgotsab),Heritage Sweet Shop,650,0.65,180,White Rosogolla & Mishti Doi,22.613389,88.375375
42,Tala Dakshin Pally Durgotsav Committee,North Kolkata,22.606823,88.375612,Aheli Express (Near Tala Dakshin Pally Durgotsav Committee),Bengali Fine Fast,590,0.59,700,Macher Paturi & Chingri Malai Curry,22.60184,88.377664
42,Tala Dakshin Pally Durgotsav Committee,North Kolkata,22.606823,88.375612,Chittaranjan Mistanna Bhandar (Near Tala Dakshin Pally Durgotsav Committee),Heritage Sweet Shop,840,0.84,180,White Rosogolla & Mishti Doi,22.599776,88.37256
43,Tala Park 15 Pally Durga Puja,North Kolkata,22.607145,88.374934,Golbari (New Punjabi Hotel) (Near Tala Park 15 Pally Durga Puja),Iconic Mughlai / Bengali,940,0.94,450,Kosha Mangsho & Roomali Roti,22.59899,88.37235
43,Tala Park 15 Pally Durga Puja,North Kolkata,22.607145,88.374934,Nobin Chandra Das Sweets (Near Tala Park 15 Pally Durga Puja),Sweet Shop,900,0.9,200,Abar Khaobo & Traditional Rosogolla,22.600075,88.370594
44,Telengabagan Sarbojanin Durgotsab,North Kolkata,22.593212,88.382123,Putiram Sweets (Near Telengabagan Sarbojanin Durgotsab),Traditional Bengali Breakfast,540,0.54,150,Radhaballabhi with Cholar Dal,22.58999,88.386072
44,Telengabagan Sarbojanin Durgotsab,North Kolkata,22.593212,88.382123,Girish Chandra Dey & Nakur Chandra Nandy (Near Telengabagan Sarbojanin Durgotsab),Heritage Sweet Shop,960,0.96,200,Jolbhora Sandesh & Chocolate Sandesh,22.601673,88.380516
45,Ultadanga Jagarani Sangha Durga Puja,North Kolkata,22.592534,88.382512,Das Cabin (Near Ultadanga Jagarani Sangha Durga Puja),Cabin Snacks,620,0.62,250,Mutton Moglai & Kobiraji,22.592551,88.388544
45,Ultadanga Jagarani Sangha Durga Puja,North Kolkata,22.592534,88.382512,Paramount Sherbets & Syrups (Near Ultadanga Jagarani Sangha Durga Puja),Heritage Beverage Cabin,570,0.57,220,Daab Sharbat & Cocoa Malai,22.593504,88.377065
46,Ultadanga Pallyshree Durga Puja,North Kolkata,22.592812,88.381834,Bhooter Raja Dilo Bor (Near Ultadanga Pallyshree Durga Puja),Traditional Bengali Dining,950,0.95,850,"Thali (Bhat, Sukto, Ilish, Mangsho)",22.593527,88.391045
46,Ultadanga Pallyshree Durga Puja,North Kolkata,22.592812,88.381834,Nobin Chandra Das Sweets (Near Ultadanga Pallyshree Durga Puja),Sweet Shop,590,0.59,200,Abar Khaobo & Traditional Rosogolla,22.594457,88.376373
46,Ultadanga Pallyshree Durga Puja,North Kolkata,22.592812,88.381834,Girish Chandra Dey & Nakur Chandra Nandy (Near Ultadanga Pallyshree Durga Puja),Heritage Sweet Shop,600,0.6,200,Jolbhora Sandesh & Chocolate Sandesh,22.588189,88.384891
47,Ultadanga Sangrami Durga Puja,North Kolkata,22.593045,88.382212,Nobin Chandra Das Sweets (Near Ultadanga Sangrami Durga Puja),Sweet Shop,880,0.88,200,Abar Khaobo & Traditional Rosogolla,22.58628,88.386722
47,Ultadanga Sangrami Durga Puja,North Kolkata,22.593045,88.382212,Paramount Sherbets & Syrups (Near Ultadanga Sangrami Durga Puja),Heritage Beverage Cabin,830,0.83,220,Daab Sharbat & Cocoa Malai,22.592341,88.374172
48,Young Citizens Club Durga Puja,North Kolkata,22.598623,88.372434,Chittaranjan Mistanna Bhandar (Near Young Citizens Club Durga Puja),Heritage Sweet Shop,880,0.88,180,White Rosogolla & Mishti Doi,22.604815,88.377813
48,Young Citizens Club Durga Puja,North Kolkata,22.598623,88.372434,Girish Chandra Dey & Nakur Chandra Nandy (Near Young Citizens Club Durga Puja),Heritage Sweet Shop,920,0.92,200,Jolbhora Sandesh & Chocolate Sandesh,22.60387,88.365486
49,21 Pally Sarbojanin Durgotsab Samiti,South Kolkata,22.528012,88.349023,Campari (Near 21 Pally Sarbojanin Durgotsab Samiti),Snack & Cutlet Joint,680,0.68,250,Fish Fry with Kasundi & Mutton Roll,22.530649,88.343049
49,21 Pally Sarbojanin Durgotsab Samiti,South Kolkata,22.528012,88.349023,Koshe Kosha (Near 21 Pally Sarbojanin Durgotsab Samiti),Authentic Bengali,920,0.92,700,Kosha Mangsho with Luchi,22.529421,88.357841
50,22 Palli Sarodotsav,South Kolkata,22.527334,88.349412,Roastery Coffee House (Near 22 Palli Sarodotsav),Cafe & Continental,650,0.65,800,Cranberry Cold Brew & Mac and Cheese,22.532662,88.352083
50,22 Palli Sarodotsav,South Kolkata,22.527334,88.349412,Bhojohori Manna (Near 22 Palli Sarodotsav),Traditional Bengali,880,0.88,750,"Ilish Bhapa, Kosha Mangsho & Basanti Pulao",22.52261,88.356299
51,25 Pally Durga Puja,South Kolkata,22.526645,88.348734,Bhojohori Manna (Near 25 Pally Durga Puja),Traditional Bengali,920,0.92,750,"Ilish Bhapa, Kosha Mangsho & Basanti Pulao",22.526059,88.357659
51,25 Pally Durga Puja,South Kolkata,22.526645,88.348734,6 Ballygunge Place (Near 25 Pally Durga Puja),Heritage Bengali,790,0.79,1100,Dab Chingri & Kosha Mangsho,22.533751,88.347941
51,25 Pally Durga Puja,South Kolkata,22.526645,88.348734,Kasturi Restaurant (Near 25 Pally Durga Puja),Dhakai Bangladeshi Bengali,540,0.54,650,Kochu Pata Diye Chingri Bhapa & Dhakai Mangsho,22.522633,88.345739
52,64 Pally Durgotsab Committee,South Kolkata,22.521012,88.347023,Bhojohori Manna (Near 64 Pally Durgotsab Committee),Traditional Bengali,970,0.97,750,"Ilish Bhapa, Kosha Mangsho & Basanti Pulao",22.527569,88.35329
52,64 Pally Durgotsab Committee,South Kolkata,22.521012,88.347023,Ganguram Sweets (Near 64 Pally Durgotsab Committee),Sweet Corner,930,0.93,180,Mishti Doi & Kesar Radhaballavi,22.524104,88.355434
52,64 Pally Durgotsab Committee,South Kolkata,22.521012,88.347023,Saptapadi (Near 64 Pally Durgotsab Committee),Bengali Fusion,540,0.54,800,Kacha Lonka Mangsho & Pulao Thali,22.516517,88.349076
53,66 Pally Sarbojanin Durgotsab Committee,South Kolkata,22.520712,88.346934,The Yellow Turtle (Near 66 Pally Sarbojanin Durgotsab Committee),Pan-Asian,550,0.55,850,Dim Sums & Hakka Noodles,22.51816,88.342343
53,66 Pally Sarbojanin Durgotsab Committee,South Kolkata,22.520712,88.346934,Ganguram Sweets (Near 66 Pally Sarbojanin Durgotsab Committee),Sweet Corner,670,0.67,180,Mishti Doi & Kesar Radhaballavi,22.518344,88.352931
54,70 Pally Sarbojanin Durga Puja,South Kolkata,22.521434,88.346312,Saptapadi (Near 70 Pally Sarbojanin Durga Puja),Bengali Fusion,830,0.83,800,Kacha Lonka Mangsho & Pulao Thali,22.517977,88.353476
54,70 Pally Sarbojanin Durga Puja,South Kolkata,22.521434,88.346312,Chowman (Near 70 Pally Sarbojanin Durga Puja),Chinese,840,0.84,700,Kolkata Style Chilli Chicken & Fried Rice,22.514277,88.343573
55,95 Pally Jodhpur Park Durga Puja,South Kolkata,22.502812,88.365023,Ganguram Sweets (Near 95 Pally Jodhpur Park Durga Puja),Sweet Corner,830,0.83,180,Mishti Doi & Kesar Radhaballavi,22.508962,88.360395
55,95 Pally Jodhpur Park Durga Puja,South Kolkata,22.502812,88.365023,Roastery Coffee House (Near 95 Pally Jodhpur Park Durga Puja),Cafe & Continental,800,0.8,800,Cranberry Cold Brew & Mac and Cheese,22.500535,88.372407
56,Abasar Sarbojanin Durgotsab Committee,South Kolkata,22.525034,88.345012,Saptapadi (Near Abasar Sarbojanin Durgotsab Committee),Bengali Fusion,620,0.62,800,Kacha Lonka Mangsho & Pulao Thali,22.526283,88.339134
56,Abasar Sarbojanin Durgotsab Committee,South Kolkata,22.525034,88.345012,Chowman (Near Abasar Sarbojanin Durgotsab Committee),Chinese,800,0.8,700,Kolkata Style Chilli Chicken & Fried Rice,22.521861,88.352004
57,Abasorika Durgotsav Committee,South Kolkata,22.524312,88.345434,Koshe Kosha (Near Abasorika Durgotsav Committee),Authentic Bengali,740,0.74,700,Kosha Mangsho with Luchi,22.529755,88.341247
57,Abasorika Durgotsav Committee,South Kolkata,22.524312,88.345434,Campari (Near Abasorika Durgotsav Committee),Snack & Cutlet Joint,890,0.89,250,Fish Fry with Kasundi & Mutton Roll,22.528203,88.353011
57,Abasorika Durgotsav Committee,South Kolkata,22.524312,88.345434,Bar-B-Q (Near Abasorika Durgotsav Committee),Classic Chinese,560,0.56,1200,Peking Duck & Crispy Chilli Pork,22.519271,88.344906
58,Adi Ballygunge Sarbojanin Durga Puja,South Kolkata,22.521823,88.363012,Balaram Mullick & Radharaman Mullick (Near Adi Ballygunge Sarbojanin Durga Puja),Iconic Mishti,660,0.66,250,Baked Rosogolla & Mango Sandesh,22.5239,88.356995
58,Adi Ballygunge Sarbojanin Durga Puja,South Kolkata,22.521823,88.363012,Bijoli Grill (Near Adi Ballygunge Sarbojanin Durga Puja),Bengali Seafood & Snacks,590,0.59,500,Bhetki Fish Batter Fry & Prawn Cutlet,22.526935,88.364655
58,Adi Ballygunge Sarbojanin Durga Puja,South Kolkata,22.521823,88.363012,Bhojohori Manna (Near Adi Ballygunge Sarbojanin Durga Puja),Traditional Bengali,970,0.97,750,"Ilish Bhapa, Kosha Mangsho & Basanti Pulao",22.515109,88.356941
59,Adi Dakshin Kalikata Barowari Samittee,South Kolkata,22.519045,88.344023,Koshe Kosha (Near Adi Dakshin Kalikata Barowari Samittee),Authentic Bengali,930,0.93,700,Kosha Mangsho with Luchi,22.511567,88.339883
59,Adi Dakshin Kalikata Barowari Samittee,South Kolkata,22.519045,88.344023,Ganguram Sweets (Near Adi Dakshin Kalikata Barowari Samittee),Sweet Corner,850,0.85,180,Mishti Doi & Kesar Radhaballavi,22.513312,88.349529
60,Agradut Udaya Sangha Durga Puja,South Kolkata,22.518312,88.344412,Bijoli Grill (Near Agradut Udaya Sangha Durga Puja),Bengali Seafood & Snacks,840,0.84,500,Bhetki Fish Batter Fry & Prawn Cutlet,22.524245,88.339311
60,Agradut Udaya Sangha Durga Puja,South Kolkata,22.518312,88.344412,Arsalan (Near Agradut Udaya Sangha Durga Puja),Mughlai,920,0.92,750,Mutton Special Biryani & Firni,22.524569,88.338515
60,Agradut Udaya Sangha Durga Puja,South Kolkata,22.518312,88.344412,Bhojohori Manna (Near Agradut Udaya Sangha Durga Puja),Traditional Bengali,880,0.88,750,"Ilish Bhapa, Kosha Mangsho & Basanti Pulao",22.51986,88.352806
61,Arunodaya Adhibashi Brinder Durga Puja,South Kolkata,22.517634,88.343734,Kasturi Restaurant (Near Arunodaya Adhibashi Brinder Durga Puja),Dhakai Bangladeshi Bengali,910,0.91,650,Kochu Pata Diye Chingri Bhapa & Dhakai Mangsho,22.50971,88.346125
61,Arunodaya Adhibashi Brinder Durga Puja,South Kolkata,22.517634,88.343734,Bijoli Grill (Near Arunodaya Adhibashi Brinder Durga Puja),Bengali Seafood & Snacks,890,0.89,500,Bhetki Fish Batter Fry & Prawn Cutlet,22.51365,88.336214
61,Arunodaya Adhibashi Brinder Durga Puja,South Kolkata,22.517634,88.343734,Koshe Kosha (Near Arunodaya Adhibashi Brinder Durga Puja),Authentic Bengali,970,0.97,700,Kosha Mangsho with Luchi,22.510393,88.33841
62,Babu Bagan Durga Puja,South Kolkata,22.504012,88.367023,Chowman (Near Babu Bagan Durga Puja),Chinese,940,0.94,700,Kolkata Style Chilli Chicken & Fried Rice,22.495997,88.37007
62,Babu Bagan Durga Puja,South Kolkata,22.504012,88.367023,Ganguram Sweets (Near Babu Bagan Durga Puja),Sweet Corner,590,0.59,180,Mishti Doi & Kesar Radhaballavi,22.507452,88.362637
62,Babu Bagan Durga Puja,South Kolkata,22.504012,88.367023,Banana Leaf (Near Babu Bagan Durga Puja),South Indian,730,0.73,350,Ghee Roast Masala Dosa & Filter Coffee,22.504086,88.359925
63,Badamtala Ashar Sangha Durga Puja,South Kolkata,22.520423,88.347812,Chowman (Near Badamtala Ashar Sangha Durga Puja),Chinese,630,0.63,700,Kolkata Style Chilli Chicken & Fried Rice,22.515127,88.350072
63,Badamtala Ashar Sangha Durga Puja,South Kolkata,22.520423,88.347812,Banana Leaf (Near Badamtala Ashar Sangha Durga Puja),South Indian,850,0.85,350,Ghee Roast Masala Dosa & Filter Coffee,22.521171,88.356039
63,Badamtala Ashar Sangha Durga Puja,South Kolkata,22.520423,88.347812,Bhojohori Manna (Near Badamtala Ashar Sangha Durga Puja),Traditional Bengali,670,0.67,750,"Ilish Bhapa, Kosha Mangsho & Basanti Pulao",22.525164,88.343755
64,Baghajatin B and C Block Durgotsav Committee,South Kolkata,22.485012,88.369023,Arsalan (Near Baghajatin B and C Block Durgotsav Committee),Mughlai,630,0.63,750,Mutton Special Biryani & Firni,22.483047,88.363274
64,Baghajatin B and C Block Durgotsav Committee,South Kolkata,22.485012,88.369023,Chowman (Near Baghajatin B and C Block Durgotsav Committee),Chinese,840,0.84,700,Kolkata Style Chilli Chicken & Fried Rice,22.491998,88.37223
65,Baghajatin Tarun Sangha Durgotsav,South Kolkata,22.484334,88.369412,Bhojohori Manna (Near Baghajatin Tarun Sangha Durgotsav),Traditional Bengali,550,0.55,750,"Ilish Bhapa, Kosha Mangsho & Basanti Pulao",22.486809,88.364774
65,Baghajatin Tarun Sangha Durgotsav,South Kolkata,22.484334,88.369412,Koshe Kosha (Near Baghajatin Tarun Sangha Durgotsav),Authentic Bengali,700,0.7,700,Kosha Mangsho with Luchi,22.485119,88.362659
65,Baghajatin Tarun Sangha Durgotsav,South Kolkata,22.484334,88.369412,Campari (Near Baghajatin Tarun Sangha Durgotsav),Snack & Cutlet Joint,970,0.97,250,Fish Fry with Kasundi & Mutton Roll,22.492951,88.370555
66,Baishnabghata Paschimpara Sarbojanin Durgotsab,South Kolkata,22.476012,88.371023,Banana Leaf (Near Baishnabghata Paschimpara Sarbojanin Durgotsab),South Indian,660,0.66,350,Ghee Roast Masala Dosa & Filter Coffee,22.471413,88.375113
66,Baishnabghata Paschimpara Sarbojanin Durgotsab,South Kolkata,22.476012,88.371023,6 Ballygunge Place (Near Baishnabghata Paschimpara Sarbojanin Durgotsab),Heritage Bengali,930,0.93,1100,Dab Chingri & Kosha Mangsho,22.480326,88.363262
66,Baishnabghata Paschimpara Sarbojanin Durgotsab,South Kolkata,22.476012,88.371023,Bedwin (Near Baishnabghata Paschimpara Sarbojanin Durgotsab),Fast Food Roll Corner,770,0.77,200,Kathi Chicken Egg Roll,22.475341,88.363572
67,Ballygunge Cultural Association Durga Puja,South Kolkata,22.519823,88.364012,Banana Leaf (Near Ballygunge Cultural Association Durga Puja),South Indian,650,0.65,350,Ghee Roast Masala Dosa & Filter Coffee,22.513968,88.364581
67,Ballygunge Cultural Association Durga Puja,South Kolkata,22.519823,88.364012,Bijoli Grill (Near Ballygunge Cultural Association Durga Puja),Bengali Seafood & Snacks,700,0.7,500,Bhetki Fish Batter Fry & Prawn Cutlet,22.516734,88.35807
68,Ballygunge Pally Sarbojanin Durgotsab Committee,South Kolkata,22.519145,88.364434,Bedwin (Near Ballygunge Pally Sarbojanin Durgotsab Committee),Fast Food Roll Corner,580,0.58,200,Kathi Chicken Egg Roll,22.515373,88.360515
68,Ballygunge Pally Sarbojanin Durgotsab Committee,South Kolkata,22.519145,88.364434,Koshe Kosha (Near Ballygunge Pally Sarbojanin Durgotsab Committee),Authentic Bengali,530,0.53,700,Kosha Mangsho with Luchi,22.515376,88.367618
68,Ballygunge Pally Sarbojanin Durgotsab Committee,South Kolkata,22.519145,88.364434,Banana Leaf (Near Ballygunge Pally Sarbojanin Durgotsab Committee),South Indian,780,0.78,350,Ghee Roast Masala Dosa & Filter Coffee,22.526097,88.365719
69,Bansdroni Sammilita Sarbojanin Durgotsab Committee,South Kolkata,22.468012,88.361023,Arsalan (Near Bansdroni Sammilita Sarbojanin Durgotsab Committee),Mughlai,540,0.54,750,Mutton Special Biryani & Firni,22.464471,88.364638
69,Bansdroni Sammilita Sarbojanin Durgotsab Committee,South Kolkata,22.468012,88.361023,Koshe Kosha (Near Bansdroni Sammilita Sarbojanin Durgotsab Committee),Authentic Bengali,620,0.62,700,Kosha Mangsho with Luchi,22.465409,88.366361
69,Bansdroni Sammilita Sarbojanin Durgotsab Committee,South Kolkata,22.468012,88.361023,Balaram Mullick & Radharaman Mullick (Near Bansdroni Sammilita Sarbojanin Durgotsab Committee),Iconic Mishti,870,0.87,250,Baked Rosogolla & Mango Sandesh,22.462306,88.366846
70,Bediadanga Sarbojanin Durgotsav Committee,South Kolkata,22.511012,88.381023,Bar-B-Q (Near Bediadanga Sarbojanin Durgotsav Committee),Classic Chinese,530,0.53,1200,Peking Duck & Crispy Chilli Pork,22.506365,88.37976
70,Bediadanga Sarbojanin Durgotsav Committee,South Kolkata,22.511012,88.381023,Balaram Mullick & Radharaman Mullick (Near Bediadanga Sarbojanin Durgotsav Committee),Iconic Mishti,980,0.98,250,Baked Rosogolla & Mango Sandesh,22.505804,88.388734
70,Bediadanga Sarbojanin Durgotsav Committee,South Kolkata,22.511012,88.381023,Bijoli Grill (Near Bediadanga Sarbojanin Durgotsav Committee),Bengali Seafood & Snacks,820,0.82,500,Bhetki Fish Batter Fry & Prawn Cutlet,22.512458,88.373202
71,Beltala Sarbojanin Durgotsab,South Kolkata,22.527012,88.347023,6 Ballygunge Place (Near Beltala Sarbojanin Durgotsab),Heritage Bengali,610,0.61,1100,Dab Chingri & Kosha Mangsho,22.532484,88.347781
71,Beltala Sarbojanin Durgotsab,South Kolkata,22.527012,88.347023,Bijoli Grill (Near Beltala Sarbojanin Durgotsab),Bengali Seafood & Snacks,590,0.59,500,Bhetki Fish Batter Fry & Prawn Cutlet,22.530756,88.351111
72,Bengal United Club Durga Puja,South Kolkata,22.526334,88.347412,Campari (Near Bengal United Club Durga Puja),Snack & Cutlet Joint,840,0.84,250,Fish Fry with Kasundi & Mutton Roll,22.527139,88.339289
72,Bengal United Club Durga Puja,South Kolkata,22.526334,88.347412,Koshe Kosha (Near Bengal United Club Durga Puja),Authentic Bengali,600,0.6,700,Kosha Mangsho with Luchi,22.522094,88.343771
73,Bhawanipore Mahapuja Samity,South Kolkata,22.535012,88.348023,Bedwin (Near Bhawanipore Mahapuja Samity),Fast Food Roll Corner,570,0.57,200,Kathi Chicken Egg Roll,22.5401,88.348914
73,Bhawanipore Mahapuja Samity,South Kolkata,22.535012,88.348023,Saptapadi (Near Bhawanipore Mahapuja Samity),Bengali Fusion,660,0.66,800,Kacha Lonka Mangsho & Pulao Thali,22.532381,88.342261
74,Bhowanipore De Bari Durga Puja,South Kolkata,22.534334,88.348412,Roastery Coffee House (Near Bhowanipore De Bari Durga Puja),Cafe & Continental,790,0.79,800,Cranberry Cold Brew & Mac and Cheese,22.537798,88.341692
74,Bhowanipore De Bari Durga Puja,South Kolkata,22.534334,88.348412,Campari (Near Bhowanipore De Bari Durga Puja),Snack & Cutlet Joint,630,0.63,250,Fish Fry with Kasundi & Mutton Roll,22.532478,88.342619
74,Bhowanipore De Bari Durga Puja,South Kolkata,22.534334,88.348412,Kasturi Restaurant (Near Bhowanipore De Bari Durga Puja),Dhakai Bangladeshi Bengali,660,0.66,650,Kochu Pata Diye Chingri Bhapa & Dhakai Mangsho,22.531938,88.342533
75,Bhowanipore Mitra Bari Durga Puja,South Kolkata,22.533645,88.347734,Kasturi Restaurant (Near Bhowanipore Mitra Bari Durga Puja),Dhakai Bangladeshi Bengali,770,0.77,650,Kochu Pata Diye Chingri Bhapa & Dhakai Mangsho,22.52997,88.341373
75,Bhowanipore Mitra Bari Durga Puja,South Kolkata,22.533645,88.347734,The Yellow Turtle (Near Bhowanipore Mitra Bari Durga Puja),Pan-Asian,550,0.55,850,Dim Sums & Hakka Noodles,22.53066,88.343456
76,Bhowanipur 75 Palli Durga Puja,South Kolkata,22.532012,88.347023,Ganguram Sweets (Near Bhowanipur 75 Palli Durga Puja),Sweet Corner,570,0.57,180,Mishti Doi & Kesar Radhaballavi,22.537011,88.345671
76,Bhowanipur 75 Palli Durga Puja,South Kolkata,22.532012,88.347023,Banana Leaf (Near Bhowanipur 75 Palli Durga Puja),South Indian,810,0.81,350,Ghee Roast Masala Dosa & Filter Coffee,22.535489,88.340089
77,Bhowanipur Muktadal Durga Puja,South Kolkata,22.531334,88.347412,Ganguram Sweets (Near Bhowanipur Muktadal Durga Puja),Sweet Corner,860,0.86,180,Mishti Doi & Kesar Radhaballavi,22.538929,88.345612
77,Bhowanipur Muktadal Durga Puja,South Kolkata,22.531334,88.347412,Bedwin (Near Bhowanipur Muktadal Durga Puja),Fast Food Roll Corner,640,0.64,200,Kathi Chicken Egg Roll,22.533404,88.341599
78,Bhowanipur Ritwik Club Durga Puja Committee,South Kolkata,22.530645,88.346734,Koshe Kosha (Near Bhowanipur Ritwik Club Durga Puja Committee),Authentic Bengali,860,0.86,700,Kosha Mangsho with Luchi,22.529748,88.355042
78,Bhowanipur Ritwik Club Durga Puja Committee,South Kolkata,22.530645,88.346734,Ganguram Sweets (Near Bhowanipur Ritwik Club Durga Puja Committee),Sweet Corner,910,0.91,180,Mishti Doi & Kesar Radhaballavi,22.534643,88.338998
78,Bhowanipur Ritwik Club Durga Puja Committee,South Kolkata,22.530645,88.346734,Banana Leaf (Near Bhowanipur Ritwik Club Durga Puja Committee),South Indian,560,0.56,350,Ghee Roast Masala Dosa & Filter Coffee,22.534372,88.343047
79,Bhowanipur Sarbojanin Durgotsav,South Kolkata,22.529012,88.346023,Koshe Kosha (Near Bhowanipur Sarbojanin Durgotsav),Authentic Bengali,670,0.67,700,Kosha Mangsho with Luchi,22.522957,88.346256
79,Bhowanipur Sarbojanin Durgotsav,South Kolkata,22.529012,88.346023,Roastery Coffee House (Near Bhowanipur Sarbojanin Durgotsav),Cafe & Continental,670,0.67,800,Cranberry Cold Brew & Mac and Cheese,22.522971,88.346532
80,Bhowanipur Students Club Sarbojanin Durga Puja,South Kolkata,22.528334,88.346412,Bar-B-Q (Near Bhowanipur Students Club Sarbojanin Durga Puja),Classic Chinese,920,0.92,1200,Peking Duck & Crispy Chilli Pork,22.525822,88.337882
80,Bhowanipur Students Club Sarbojanin Durga Puja,South Kolkata,22.528334,88.346412,Bhojohori Manna (Near Bhowanipur Students Club Sarbojanin Durga Puja),Traditional Bengali,650,0.65,750,"Ilish Bhapa, Kosha Mangsho & Basanti Pulao",22.5342,88.346815
80,Bhowanipur Students Club Sarbojanin Durga Puja,South Kolkata,22.528334,88.346412,Arsalan (Near Bhowanipur Students Club Sarbojanin Durga Puja),Mughlai,960,0.96,750,Mutton Special Biryani & Firni,22.53579,88.351195
81,Bhowanipur Swadhin Sangha Durga Puja,South Kolkata,22.527645,88.345734,Banana Leaf (Near Bhowanipur Swadhin Sangha Durga Puja),South Indian,740,0.74,350,Ghee Roast Masala Dosa & Filter Coffee,22.526056,88.338743
81,Bhowanipur Swadhin Sangha Durga Puja,South Kolkata,22.527645,88.345734,Bijoli Grill (Near Bhowanipur Swadhin Sangha Durga Puja),Bengali Seafood & Snacks,730,0.73,500,Bhetki Fish Batter Fry & Prawn Cutlet,22.534208,88.346502
81,Bhowanipur Swadhin Sangha Durga Puja,South Kolkata,22.527645,88.345734,The Yellow Turtle (Near Bhowanipur Swadhin Sangha Durga Puja),Pan-Asian,660,0.66,850,Dim Sums & Hakka Noodles,22.522721,88.349362
82,Bhowanipur Udayan Club Durga Puja,South Kolkata,22.526012,88.345023,Saptapadi (Near Bhowanipur Udayan Club Durga Puja),Bengali Fusion,740,0.74,800,Kacha Lonka Mangsho & Pulao Thali,22.519446,88.343634
82,Bhowanipur Udayan Club Durga Puja,South Kolkata,22.526012,88.345023,The Yellow Turtle (Near Bhowanipur Udayan Club Durga Puja),Pan-Asian,720,0.72,850,Dim Sums & Hakka Noodles,22.525846,88.338023
83,Chetla Agrani Club Durga Puja,South Kolkata,22.522234,88.339212,The Yellow Turtle (Near Chetla Agrani Club Durga Puja),Pan-Asian,660,0.66,850,Dim Sums & Hakka Noodles,22.522962,88.345582
83,Chetla Agrani Club Durga Puja,South Kolkata,22.522234,88.339212,Koshe Kosha (Near Chetla Agrani Club Durga Puja),Authentic Bengali,850,0.85,700,Kosha Mangsho with Luchi,22.519157,88.346787
83,Chetla Agrani Club Durga Puja,South Kolkata,22.522234,88.339212,Arsalan (Near Chetla Agrani Club Durga Puja),Mughlai,860,0.86,750,Mutton Special Biryani & Firni,22.529644,88.336671
84,Chetla Sarbasadharaner Durgotsab,South Kolkata,22.521512,88.339634,Campari (Near Chetla Sarbasadharaner Durgotsab),Snack & Cutlet Joint,860,0.86,250,Fish Fry with Kasundi & Mutton Roll,22.520223,88.347882
84,Chetla Sarbasadharaner Durgotsab,South Kolkata,22.521512,88.339634,Chowman (Near Chetla Sarbasadharaner Durgotsab),Chinese,790,0.79,700,Kolkata Style Chilli Chicken & Fried Rice,22.52197,88.331967
85,Dakshin Kolkata Sarbojanin Durgotsab,South Kolkata,22.518012,88.349023,Oudh 1590 (Near Dakshin Kolkata Sarbojanin Durgotsab),Awadhi Dining,620,0.62,1000,Raan Biryani & Galawati Kebab,22.520417,88.354469
85,Dakshin Kolkata Sarbojanin Durgotsab,South Kolkata,22.518012,88.349023,Campari (Near Dakshin Kolkata Sarbojanin Durgotsab),Snack & Cutlet Joint,530,0.53,250,Fish Fry with Kasundi & Mutton Roll,22.513329,88.347926
85,Dakshin Kolkata Sarbojanin Durgotsab,South Kolkata,22.518012,88.349023,Arsalan (Near Dakshin Kolkata Sarbojanin Durgotsab),Mughlai,650,0.65,750,Mutton Special Biryani & Firni,22.523814,88.348007
86,Deshapriya Park Durga Puja,South Kolkata,22.518123,88.354612,Arsalan (Near Deshapriya Park Durga Puja),Mughlai,920,0.92,750,Mutton Special Biryani & Firni,22.510688,88.350597
86,Deshapriya Park Durga Puja,South Kolkata,22.518123,88.354612,Banana Leaf (Near Deshapriya Park Durga Puja),South Indian,740,0.74,350,Ghee Roast Masala Dosa & Filter Coffee,22.511893,88.357241
86,Deshapriya Park Durga Puja,South Kolkata,22.518123,88.354612,Kasturi Restaurant (Near Deshapriya Park Durga Puja),Dhakai Bangladeshi Bengali,600,0.6,650,Kochu Pata Diye Chingri Bhapa & Dhakai Mangsho,22.523269,88.356463
87,Dhakuria Pragati Sangha Durga Puja,South Kolkata,22.506012,88.368023,Oudh 1590 (Near Dhakuria Pragati Sangha Durga Puja),Awadhi Dining,750,0.75,1000,Raan Biryani & Galawati Kebab,22.500008,88.36463
87,Dhakuria Pragati Sangha Durga Puja,South Kolkata,22.506012,88.368023,Balaram Mullick & Radharaman Mullick (Near Dhakuria Pragati Sangha Durga Puja),Iconic Mishti,840,0.84,250,Baked Rosogolla & Mango Sandesh,22.51041,88.374683
87,Dhakuria Pragati Sangha Durga Puja,South Kolkata,22.506012,88.368023,Campari (Near Dhakuria Pragati Sangha Durga Puja),Snack & Cutlet Joint,890,0.89,250,Fish Fry with Kasundi & Mutton Roll,22.513653,88.365304
88,Dhakuria Sarbojanin Durgotsab,South Kolkata,22.505334,88.368412,Bijoli Grill (Near Dhakuria Sarbojanin Durgotsab),Bengali Seafood & Snacks,780,0.78,500,Bhetki Fish Batter Fry & Prawn Cutlet,22.499236,88.372225
88,Dhakuria Sarbojanin Durgotsab,South Kolkata,22.505334,88.368412,Oudh 1590 (Near Dhakuria Sarbojanin Durgotsab),Awadhi Dining,790,0.79,1000,Raan Biryani & Galawati Kebab,22.500078,88.363209
89,Ekdalia Evergreen Club Durga Puja,South Kolkata,22.518612,88.366934,Koshe Kosha (Near Ekdalia Evergreen Club Durga Puja),Authentic Bengali,930,0.93,700,Kosha Mangsho with Luchi,22.526916,88.366374
89,Ekdalia Evergreen Club Durga Puja,South Kolkata,22.518612,88.366934,Chowman (Near Ekdalia Evergreen Club Durga Puja),Chinese,660,0.66,700,Kolkata Style Chilli Chicken & Fried Rice,22.514287,88.36251
89,Ekdalia Evergreen Club Durga Puja,South Kolkata,22.518612,88.366934,Arsalan (Near Ekdalia Evergreen Club Durga Puja),Mughlai,800,0.8,750,Mutton Special Biryani & Firni,22.518162,88.359169
90,Falguni Sangha Durga Puja,South Kolkata,22.516012,88.357023,Campari (Near Falguni Sangha Durga Puja),Snack & Cutlet Joint,820,0.82,250,Fish Fry with Kasundi & Mutton Roll,22.520101,88.363676
90,Falguni Sangha Durga Puja,South Kolkata,22.516012,88.357023,Bar-B-Q (Near Falguni Sangha Durga Puja),Classic Chinese,600,0.6,1200,Peking Duck & Crispy Chilli Pork,22.520846,88.359674
91,Garfa Sarbojanin Durgotsav,South Kolkata,22.501012,88.375023,Ganguram Sweets (Near Garfa Sarbojanin Durgotsav),Sweet Corner,840,0.84,180,Mishti Doi & Kesar Radhaballavi,22.493551,88.376558
91,Garfa Sarbojanin Durgotsav,South Kolkata,22.501012,88.375023,Koshe Kosha (Near Garfa Sarbojanin Durgotsav),Authentic Bengali,540,0.54,700,Kosha Mangsho with Luchi,22.499854,88.380124
92,Golpark Sarbojanin Durgotsab Committee,South Kolkata,22.514012,88.363023,Koshe Kosha (Near Golpark Sarbojanin Durgotsab Committee),Authentic Bengali,630,0.63,700,Kosha Mangsho with Luchi,22.513492,88.369124
92,Golpark Sarbojanin Durgotsab Committee,South Kolkata,22.514012,88.363023,Balaram Mullick & Radharaman Mullick (Near Golpark Sarbojanin Durgotsab Committee),Iconic Mishti,880,0.88,250,Baked Rosogolla & Mango Sandesh,22.507287,88.358447
92,Golpark Sarbojanin Durgotsab Committee,South Kolkata,22.514012,88.363023,Bhojohori Manna (Near Golpark Sarbojanin Durgotsab Committee),Traditional Bengali,890,0.89,750,"Ilish Bhapa, Kosha Mangsho & Basanti Pulao",22.516604,88.371217
93,Gopal Nagar Kalyan Sangha Durga Puja,South Kolkata,22.523012,88.334023,Bijoli Grill (Near Gopal Nagar Kalyan Sangha Durga Puja),Bengali Seafood & Snacks,940,0.94,500,Bhetki Fish Batter Fry & Prawn Cutlet,22.526949,88.325921
93,Gopal Nagar Kalyan Sangha Durga Puja,South Kolkata,22.523012,88.334023,Arsalan (Near Gopal Nagar Kalyan Sangha Durga Puja),Mughlai,550,0.55,750,Mutton Special Biryani & Firni,22.525519,88.338643
94,Harish Park Sarbojanin Durgotsab Samity,South Kolkata,22.531012,88.349023,Saptapadi (Near Harish Park Sarbojanin Durgotsab Samity),Bengali Fusion,740,0.74,800,Kacha Lonka Mangsho & Pulao Thali,22.528781,88.355808
94,Harish Park Sarbojanin Durgotsab Samity,South Kolkata,22.531012,88.349023,Koshe Kosha (Near Harish Park Sarbojanin Durgotsab Samity),Authentic Bengali,710,0.71,700,Kosha Mangsho with Luchi,22.530117,88.355861
94,Harish Park Sarbojanin Durgotsab Samity,South Kolkata,22.531012,88.349023,Kasturi Restaurant (Near Harish Park Sarbojanin Durgotsab Samity),Dhakai Bangladeshi Bengali,770,0.77,650,Kochu Pata Diye Chingri Bhapa & Dhakai Mangsho,22.524574,88.351877
95,Hindustan Pally Durga Puja Committee,South Kolkata,22.517012,88.361023,Ganguram Sweets (Near Hindustan Pally Durga Puja Committee),Sweet Corner,800,0.8,180,Mishti Doi & Kesar Radhaballavi,22.524152,88.362282
95,Hindustan Pally Durga Puja Committee,South Kolkata,22.517012,88.361023,Bhojohori Manna (Near Hindustan Pally Durga Puja Committee),Traditional Bengali,630,0.63,750,"Ilish Bhapa, Kosha Mangsho & Basanti Pulao",22.514403,88.355577
96,Jubamaitry Kalighat Durga Puja,South Kolkata,22.521212,88.345234,Bar-B-Q (Near Jubamaitry Kalighat Durga Puja),Classic Chinese,870,0.87,1200,Peking Duck & Crispy Chilli Pork,22.524776,88.352777
96,Jubamaitry Kalighat Durga Puja,South Kolkata,22.521212,88.345234,Kasturi Restaurant (Near Jubamaitry Kalighat Durga Puja),Dhakai Bangladeshi Bengali,760,0.76,650,Kochu Pata Diye Chingri Bhapa & Dhakai Mangsho,22.514787,88.347858
97,Kalighat Nepal Bhattacharjee Street Club,South Kolkata,22.520534,88.347212,Bedwin (Near Kalighat Nepal Bhattacharjee Street Club),Fast Food Roll Corner,890,0.89,200,Kathi Chicken Egg Roll,22.528431,88.34554
97,Kalighat Nepal Bhattacharjee Street Club,South Kolkata,22.520534,88.347212,Ganguram Sweets (Near Kalighat Nepal Bhattacharjee Street Club),Sweet Corner,740,0.74,180,Mishti Doi & Kesar Radhaballavi,22.514921,88.351131
97,Kalighat Nepal Bhattacharjee Street Club,South Kolkata,22.520534,88.347212,Bhojohori Manna (Near Kalighat Nepal Bhattacharjee Street Club),Traditional Bengali,670,0.67,750,"Ilish Bhapa, Kosha Mangsho & Basanti Pulao",22.525331,88.351192
98,Kasba R.K. Chatterjee Road Adhibasi Brinda Durga Puja,South Kolkata,22.513012,88.384023,Bhojohori Manna (Near Kasba R.K. Chatterjee Road Adhibasi Brinda Durga Puja),Traditional Bengali,840,0.84,750,"Ilish Bhapa, Kosha Mangsho & Basanti Pulao",22.511205,88.391957
98,Kasba R.K. Chatterjee Road Adhibasi Brinda Durga Puja,South Kolkata,22.513012,88.384023,Ganguram Sweets (Near Kasba R.K. Chatterjee Road Adhibasi Brinda Durga Puja),Sweet Corner,950,0.95,180,Mishti Doi & Kesar Radhaballavi,22.516353,88.375512
99,Kasba Renaissance Club,South Kolkata,22.512334,88.384412,Koshe Kosha (Near Kasba Renaissance Club),Authentic Bengali,660,0.66,700,Kosha Mangsho with Luchi,22.509682,88.390162
99,Kasba Renaissance Club,South Kolkata,22.512334,88.384412,Balaram Mullick & Radharaman Mullick (Near Kasba Renaissance Club),Iconic Mishti,970,0.97,250,Baked Rosogolla & Mango Sandesh,22.505104,88.389754
100,Kasba Shakti Sangha Pallybasi Durgotsav Samity,South Kolkata,22.511645,88.383734,Koshe Kosha (Near Kasba Shakti Sangha Pallybasi Durgotsav Samity),Authentic Bengali,540,0.54,700,Kosha Mangsho with Luchi,22.506794,88.383127
100,Kasba Shakti Sangha Pallybasi Durgotsav Samity,South Kolkata,22.511645,88.383734,Ganguram Sweets (Near Kasba Shakti Sangha Pallybasi Durgotsav Samity),Sweet Corner,810,0.81,180,Mishti Doi & Kesar Radhaballavi,22.50432,88.383809
101,Ketopole Sammilani Durga Puja,South Kolkata,22.508012,88.338023,Kasturi Restaurant (Near Ketopole Sammilani Durga Puja),Dhakai Bangladeshi Bengali,770,0.77,650,Kochu Pata Diye Chingri Bhapa & Dhakai Mangsho,22.514269,88.334736
101,Ketopole Sammilani Durga Puja,South Kolkata,22.508012,88.338023,Campari (Near Ketopole Sammilani Durga Puja),Snack & Cutlet Joint,720,0.72,250,Fish Fry with Kasundi & Mutton Roll,22.505932,88.331389
101,Ketopole Sammilani Durga Puja,South Kolkata,22.508012,88.338023,Arsalan (Near Ketopole Sammilani Durga Puja),Mughlai,580,0.58,750,Mutton Special Biryani & Firni,22.513183,88.337076
102,Keyatala Pally Samity Durga Puja,South Kolkata,22.513012,88.360023,Bedwin (Near Keyatala Pally Samity Durga Puja),Fast Food Roll Corner,770,0.77,200,Kathi Chicken Egg Roll,22.50642,88.357609
102,Keyatala Pally Samity Durga Puja,South Kolkata,22.513012,88.360023,Saptapadi (Near Keyatala Pally Samity Durga Puja),Bengali Fusion,560,0.56,800,Kacha Lonka Mangsho & Pulao Thali,22.51807,88.359758
103,Kheyali Sangha Durga Puja,South Kolkata,22.512334,88.360412,Koshe Kosha (Near Kheyali Sangha Durga Puja),Authentic Bengali,820,0.82,700,Kosha Mangsho with Luchi,22.516542,88.366978
103,Kheyali Sangha Durga Puja,South Kolkata,22.512334,88.360412,Oudh 1590 (Near Kheyali Sangha Durga Puja),Awadhi Dining,950,0.95,1000,Raan Biryani & Galawati Kebab,22.5101,88.369332
104,Khidderpore Sarbojanin Durgotsab,South Kolkata,22.538012,88.324023,Ganguram Sweets (Near Khidderpore Sarbojanin Durgotsab),Sweet Corner,630,0.63,180,Mishti Doi & Kesar Radhaballavi,22.532607,88.322083
104,Khidderpore Sarbojanin Durgotsab,South Kolkata,22.538012,88.324023,Banana Leaf (Near Khidderpore Sarbojanin Durgotsab),South Indian,700,0.7,350,Ghee Roast Masala Dosa & Filter Coffee,22.543595,88.320813
104,Khidderpore Sarbojanin Durgotsab,South Kolkata,22.538012,88.324023,Bijoli Grill (Near Khidderpore Sarbojanin Durgotsab),Bengali Seafood & Snacks,750,0.75,500,Bhetki Fish Batter Fry & Prawn Cutlet,22.542937,88.319007
105,Khidderpur 75 Pally Sarbojanin Durgotsab Committee,South Kolkata,22.537334,88.324412,Bar-B-Q (Near Khidderpur 75 Pally Sarbojanin Durgotsab Committee),Classic Chinese,680,0.68,1200,Peking Duck & Crispy Chilli Pork,22.538778,88.317983
105,Khidderpur 75 Pally Sarbojanin Durgotsab Committee,South Kolkata,22.537334,88.324412,Ganguram Sweets (Near Khidderpur 75 Pally Sarbojanin Durgotsab Committee),Sweet Corner,640,0.64,180,Mishti Doi & Kesar Radhaballavi,22.543121,88.324512
106,Kidderpore Jubaghosthi Durga Puja,South Kolkata,22.536645,88.323734,Banana Leaf (Near Kidderpore Jubaghosthi Durga Puja),South Indian,770,0.77,350,Ghee Roast Masala Dosa & Filter Coffee,22.532726,88.329925
106,Kidderpore Jubaghosthi Durga Puja,South Kolkata,22.536645,88.323734,Arsalan (Near Kidderpore Jubaghosthi Durga Puja),Mughlai,770,0.77,750,Mutton Special Biryani & Firni,22.529939,88.321716
106,Kidderpore Jubaghosthi Durga Puja,South Kolkata,22.536645,88.323734,Bijoli Grill (Near Kidderpore Jubaghosthi Durga Puja),Bengali Seafood & Snacks,730,0.73,500,Bhetki Fish Batter Fry & Prawn Cutlet,22.533768,88.330124
107,Kidderpore Pally Saradiya Durga Puja,South Kolkata,22.535012,88.323023,Bijoli Grill (Near Kidderpore Pally Saradiya Durga Puja),Bengali Seafood & Snacks,630,0.63,500,Bhetki Fish Batter Fry & Prawn Cutlet,22.535923,88.316975
107,Kidderpore Pally Saradiya Durga Puja,South Kolkata,22.535012,88.323023,Roastery Coffee House (Near Kidderpore Pally Saradiya Durga Puja),Cafe & Continental,540,0.54,800,Cranberry Cold Brew & Mac and Cheese,22.53485,88.317774
108,Lake Gardens Peoples Association Durga Puja,South Kolkata,22.507012,88.358023,Roastery Coffee House (Near Lake Gardens Peoples Association Durga Puja),Cafe & Continental,960,0.96,800,Cranberry Cold Brew & Mac and Cheese,22.513103,88.364675
108,Lake Gardens Peoples Association Durga Puja,South Kolkata,22.507012,88.358023,Arsalan (Near Lake Gardens Peoples Association Durga Puja),Mughlai,960,0.96,750,Mutton Special Biryani & Firni,22.502734,88.366146
108,Lake Gardens Peoples Association Durga Puja,South Kolkata,22.507012,88.358023,Bijoli Grill (Near Lake Gardens Peoples Association Durga Puja),Bengali Seafood & Snacks,570,0.57,500,Bhetki Fish Batter Fry & Prawn Cutlet,22.509911,88.35344
109,Lake Youth Corner Durga Puja,South Kolkata,22.506334,88.358412,Chowman (Near Lake Youth Corner Durga Puja),Chinese,530,0.53,700,Kolkata Style Chilli Chicken & Fried Rice,22.509292,88.362467
109,Lake Youth Corner Durga Puja,South Kolkata,22.506334,88.358412,Koshe Kosha (Near Lake Youth Corner Durga Puja),Authentic Bengali,920,0.92,700,Kosha Mangsho with Luchi,22.514506,88.356733
110,Mahamayatala Sarbojanin Durgotsab,South Kolkata,22.454012,88.381023,Banana Leaf (Near Mahamayatala Sarbojanin Durgotsab),South Indian,680,0.68,350,Ghee Roast Masala Dosa & Filter Coffee,22.451846,88.374837
110,Mahamayatala Sarbojanin Durgotsab,South Kolkata,22.454012,88.381023,Bar-B-Q (Near Mahamayatala Sarbojanin Durgotsab),Classic Chinese,820,0.82,1200,Peking Duck & Crispy Chilli Pork,22.458437,88.374627
111,Megacity Residents Puja Committee,South Kolkata,22.451012,88.385023,Bhojohori Manna (Near Megacity Residents Puja Committee),Traditional Bengali,770,0.77,750,"Ilish Bhapa, Kosha Mangsho & Basanti Pulao",22.44586,88.379987
111,Megacity Residents Puja Committee,South Kolkata,22.451012,88.385023,Banana Leaf (Near Megacity Residents Puja Committee),South Indian,630,0.63,350,Ghee Roast Masala Dosa & Filter Coffee,22.44873,88.379412
111,Megacity Residents Puja Committee,South Kolkata,22.451012,88.385023,Ganguram Sweets (Near Megacity Residents Puja Committee),Sweet Corner,650,0.65,180,Mishti Doi & Kesar Radhaballavi,22.451841,88.391278
112,Mohila Mahal Club Durga Puja,South Kolkata,22.511012,88.355023,Ganguram Sweets (Near Mohila Mahal Club Durga Puja),Sweet Corner,870,0.87,180,Mishti Doi & Kesar Radhaballavi,22.508764,88.346916
112,Mohila Mahal Club Durga Puja,South Kolkata,22.511012,88.355023,Oudh 1590 (Near Mohila Mahal Club Durga Puja),Awadhi Dining,570,0.57,1000,Raan Biryani & Galawati Kebab,22.513598,88.359818
113,Monohar Pukur Baisakhi Sangha,South Kolkata,22.518012,88.357023,6 Ballygunge Place (Near Monohar Pukur Baisakhi Sangha),Heritage Bengali,890,0.89,1100,Dab Chingri & Kosha Mangsho,22.515846,88.365358
113,Monohar Pukur Baisakhi Sangha,South Kolkata,22.518012,88.357023,Kasturi Restaurant (Near Monohar Pukur Baisakhi Sangha),Dhakai Bangladeshi Bengali,690,0.69,650,Kochu Pata Diye Chingri Bhapa & Dhakai Mangsho,22.521819,88.36234
113,Monohar Pukur Baisakhi Sangha,South Kolkata,22.518012,88.357023,Bedwin (Near Monohar Pukur Baisakhi Sangha),Fast Food Roll Corner,760,0.76,200,Kathi Chicken Egg Roll,22.51172,88.354048
114,Mudiali Club Sarbojanin Durga Puja,South Kolkata,22.513512,88.349634,Bedwin (Near Mudiali Club Sarbojanin Durga Puja),Fast Food Roll Corner,560,0.56,200,Kathi Chicken Egg Roll,22.516998,88.345684
114,Mudiali Club Sarbojanin Durga Puja,South Kolkata,22.513512,88.349634,Chowman (Near Mudiali Club Sarbojanin Durga Puja),Chinese,810,0.81,700,Kolkata Style Chilli Chicken & Fried Rice,22.513934,88.357498
115,N.S.C. Sports Club Durga Puja,South Kolkata,22.510012,88.350023,Bijoli Grill (Near N.S.C. Sports Club Durga Puja),Bengali Seafood & Snacks,810,0.81,500,Bhetki Fish Batter Fry & Prawn Cutlet,22.502922,88.352002
115,N.S.C. Sports Club Durga Puja,South Kolkata,22.510012,88.350023,Koshe Kosha (Near N.S.C. Sports Club Durga Puja),Authentic Bengali,830,0.83,700,Kosha Mangsho with Luchi,22.516054,88.345234
116,Naktala Udayan Sangha Durga Puja,South Kolkata,22.472712,88.364423,Saptapadi (Near Naktala Udayan Sangha Durga Puja),Bengali Fusion,720,0.72,800,Kacha Lonka Mangsho & Pulao Thali,22.469033,88.370198
116,Naktala Udayan Sangha Durga Puja,South Kolkata,22.472712,88.364423,Bedwin (Near Naktala Udayan Sangha Durga Puja),Fast Food Roll Corner,790,0.79,200,Kathi Chicken Egg Roll,22.468121,88.358538
116,Naktala Udayan Sangha Durga Puja,South Kolkata,22.472712,88.364423,Kasturi Restaurant (Near Naktala Udayan Sangha Durga Puja),Dhakai Bangladeshi Bengali,720,0.72,650,Kochu Pata Diye Chingri Bhapa & Dhakai Mangsho,22.472708,88.371422
117,Naskarpara Sarbojanin Durgotsav,South Kolkata,22.469012,88.366023,Campari (Near Naskarpara Sarbojanin Durgotsav),Snack & Cutlet Joint,740,0.74,250,Fish Fry with Kasundi & Mutton Roll,22.469549,88.373193
117,Naskarpara Sarbojanin Durgotsav,South Kolkata,22.469012,88.366023,Roastery Coffee House (Near Naskarpara Sarbojanin Durgotsav),Cafe & Continental,780,0.78,800,Cranberry Cold Brew & Mac and Cheese,22.462723,88.362589
117,Naskarpara Sarbojanin Durgotsav,South Kolkata,22.469012,88.366023,Ganguram Sweets (Near Naskarpara Sarbojanin Durgotsav),Sweet Corner,980,0.98,180,Mishti Doi & Kesar Radhaballavi,22.466527,88.375168
118,New Alipore Suruchi Sangha Durga Puja,South Kolkata,22.517345,88.330823,Bar-B-Q (Near New Alipore Suruchi Sangha Durga Puja),Classic Chinese,920,0.92,1200,Peking Duck & Crispy Chilli Pork,22.518817,88.322018
118,New Alipore Suruchi Sangha Durga Puja,South Kolkata,22.517345,88.330823,6 Ballygunge Place (Near New Alipore Suruchi Sangha Durga Puja),Heritage Bengali,970,0.97,1100,Dab Chingri & Kosha Mangsho,22.52477,88.3258
118,New Alipore Suruchi Sangha Durga Puja,South Kolkata,22.517345,88.330823,Saptapadi (Near New Alipore Suruchi Sangha Durga Puja),Bengali Fusion,860,0.86,800,Kacha Lonka Mangsho & Pulao Thali,22.521213,88.323567
119,New Santoshpur Adi Durgotsab,South Kolkata,22.492012,88.378023,Bijoli Grill (Near New Santoshpur Adi Durgotsab),Bengali Seafood & Snacks,810,0.81,500,Bhetki Fish Batter Fry & Prawn Cutlet,22.4867,88.3726
119,New Santoshpur Adi Durgotsab,South Kolkata,22.492012,88.378023,The Yellow Turtle (Near New Santoshpur Adi Durgotsab),Pan-Asian,830,0.83,850,Dim Sums & Hakka Noodles,22.490648,88.370087
119,New Santoshpur Adi Durgotsab,South Kolkata,22.492012,88.378023,Oudh 1590 (Near New Santoshpur Adi Durgotsab),Awadhi Dining,820,0.82,1000,Raan Biryani & Galawati Kebab,22.49592,88.371247
120,Paddapukur Barwari Samity,South Kolkata,22.533012,88.351023,Kasturi Restaurant (Near Paddapukur Barwari Samity),Dhakai Bangladeshi Bengali,880,0.88,650,Kochu Pata Diye Chingri Bhapa & Dhakai Mangsho,22.540796,88.352804
120,Paddapukur Barwari Samity,South Kolkata,22.533012,88.351023,Saptapadi (Near Paddapukur Barwari Samity),Bengali Fusion,690,0.69,800,Kacha Lonka Mangsho & Pulao Thali,22.537243,88.355955
121,Paddapukur Youth Association Durga Puja,South Kolkata,22.532334,88.351412,Bhojohori Manna (Near Paddapukur Youth Association Durga Puja),Traditional Bengali,610,0.61,750,"Ilish Bhapa, Kosha Mangsho & Basanti Pulao",22.533589,88.345635
121,Paddapukur Youth Association Durga Puja,South Kolkata,22.532334,88.351412,Ganguram Sweets (Near Paddapukur Youth Association Durga Puja),Sweet Corner,920,0.92,180,Mishti Doi & Kesar Radhaballavi,22.526798,88.358092
121,Paddapukur Youth Association Durga Puja,South Kolkata,22.532334,88.351412,Balaram Mullick & Radharaman Mullick (Near Paddapukur Youth Association Durga Puja),Iconic Mishti,750,0.75,250,Baked Rosogolla & Mango Sandesh,22.531377,88.358633
122,Pally Mangal Samity,South Kolkata,22.531645,88.350734,Bar-B-Q (Near Pally Mangal Samity),Classic Chinese,960,0.96,1200,Peking Duck & Crispy Chilli Pork,22.529215,88.359697
122,Pally Mangal Samity,South Kolkata,22.531645,88.350734,Banana Leaf (Near Pally Mangal Samity),South Indian,920,0.92,350,Ghee Roast Masala Dosa & Filter Coffee,22.534426,88.342301
123,Panchanna Gram Adhibasibrinda,South Kolkata,22.508012,88.391023,Balaram Mullick & Radharaman Mullick (Near Panchanna Gram Adhibasibrinda),Iconic Mishti,960,0.96,250,Baked Rosogolla & Mango Sandesh,22.513552,88.383836
123,Panchanna Gram Adhibasibrinda,South Kolkata,22.508012,88.391023,Arsalan (Near Panchanna Gram Adhibasibrinda),Mughlai,850,0.85,750,Mutton Special Biryani & Firni,22.515638,88.389984
123,Panchanna Gram Adhibasibrinda,South Kolkata,22.508012,88.391023,Roastery Coffee House (Near Panchanna Gram Adhibasibrinda),Cafe & Continental,960,0.96,800,Cranberry Cold Brew & Mac and Cheese,22.510932,88.382232
124,Paschim Putiary Sarbojanin Nabo Durgotsav,South Kolkata,22.473012,88.348023,Balaram Mullick & Radharaman Mullick (Near Paschim Putiary Sarbojanin Nabo Durgotsav),Iconic Mishti,640,0.64,250,Baked Rosogolla & Mango Sandesh,22.477141,88.352383
124,Paschim Putiary Sarbojanin Nabo Durgotsav,South Kolkata,22.473012,88.348023,Roastery Coffee House (Near Paschim Putiary Sarbojanin Nabo Durgotsav),Cafe & Continental,690,0.69,800,Cranberry Cold Brew & Mac and Cheese,22.472973,88.341315
124,Paschim Putiary Sarbojanin Nabo Durgotsav,South Kolkata,22.473012,88.348023,6 Ballygunge Place (Near Paschim Putiary Sarbojanin Nabo Durgotsav),Heritage Bengali,640,0.64,1100,Dab Chingri & Kosha Mangsho,22.468767,88.352253
125,Patuli Sarbojanin Durgotsab,South Kolkata,22.468012,88.382023,Oudh 1590 (Near Patuli Sarbojanin Durgotsab),Awadhi Dining,530,0.53,1000,Raan Biryani & Galawati Kebab,22.471592,88.378597
125,Patuli Sarbojanin Durgotsab,South Kolkata,22.468012,88.382023,Bijoli Grill (Near Patuli Sarbojanin Durgotsab),Bengali Seafood & Snacks,780,0.78,500,Bhetki Fish Batter Fry & Prawn Cutlet,22.47409,88.378174
125,Patuli Sarbojanin Durgotsab,South Kolkata,22.468012,88.382023,Banana Leaf (Near Patuli Sarbojanin Durgotsab),South Indian,620,0.62,350,Ghee Roast Masala Dosa & Filter Coffee,22.473183,88.384355
126,Peyarabagan Sarbojanin Durgotsab,South Kolkata,22.515012,88.363023,Saptapadi (Near Peyarabagan Sarbojanin Durgotsab),Bengali Fusion,580,0.58,800,Kacha Lonka Mangsho & Pulao Thali,22.519961,88.361155
126,Peyarabagan Sarbojanin Durgotsab,South Kolkata,22.515012,88.363023,Ganguram Sweets (Near Peyarabagan Sarbojanin Durgotsab),Sweet Corner,660,0.66,180,Mishti Doi & Kesar Radhaballavi,22.50905,88.36332
126,Peyarabagan Sarbojanin Durgotsab,South Kolkata,22.515012,88.363023,Kasturi Restaurant (Near Peyarabagan Sarbojanin Durgotsab),Dhakai Bangladeshi Bengali,560,0.56,650,Kochu Pata Diye Chingri Bhapa & Dhakai Mangsho,22.518858,88.35948
127,Picnic Sunrise Club,South Kolkata,22.514012,88.388023,Roastery Coffee House (Near Picnic Sunrise Club),Cafe & Continental,690,0.69,800,Cranberry Cold Brew & Mac and Cheese,22.519939,88.385925
127,Picnic Sunrise Club,South Kolkata,22.514012,88.388023,Koshe Kosha (Near Picnic Sunrise Club),Authentic Bengali,840,0.84,700,Kosha Mangsho with Luchi,22.506656,88.385982
128,Pragati Sangha Durga Puja,South Kolkata,22.513334,88.388412,Ganguram Sweets (Near Pragati Sangha Durga Puja),Sweet Corner,900,0.9,180,Mishti Doi & Kesar Radhaballavi,22.507251,88.382597
128,Pragati Sangha Durga Puja,South Kolkata,22.513334,88.388412,Oudh 1590 (Near Pragati Sangha Durga Puja),Awadhi Dining,950,0.95,1000,Raan Biryani & Galawati Kebab,22.511738,88.397489
129,Pragati Sangha Durgotsab Committee,South Kolkata,22.512645,88.387734,Campari (Near Pragati Sangha Durgotsab Committee),Snack & Cutlet Joint,960,0.96,250,Fish Fry with Kasundi & Mutton Roll,22.517986,88.380374
129,Pragati Sangha Durgotsab Committee,South Kolkata,22.512645,88.387734,Koshe Kosha (Near Pragati Sangha Durgotsab Committee),Authentic Bengali,570,0.57,700,Kosha Mangsho with Luchi,22.510618,88.382638
129,Pragati Sangha Durgotsab Committee,South Kolkata,22.512645,88.387734,Bijoli Grill (Near Pragati Sangha Durgotsab Committee),Bengali Seafood & Snacks,770,0.77,500,Bhetki Fish Batter Fry & Prawn Cutlet,22.519541,88.386695
130,Purbachal Residents Sarbojanin Durgotsav,South Kolkata,22.478012,88.378023,Kasturi Restaurant (Near Purbachal Residents Sarbojanin Durgotsav),Dhakai Bangladeshi Bengali,610,0.61,650,Kochu Pata Diye Chingri Bhapa & Dhakai Mangsho,22.481982,88.382141
130,Purbachal Residents Sarbojanin Durgotsav,South Kolkata,22.478012,88.378023,Roastery Coffee House (Near Purbachal Residents Sarbojanin Durgotsav),Cafe & Continental,910,0.91,800,Cranberry Cold Brew & Mac and Cheese,22.470113,88.380506
130,Purbachal Residents Sarbojanin Durgotsav,South Kolkata,22.478012,88.378023,Arsalan (Near Purbachal Residents Sarbojanin Durgotsav),Mughlai,820,0.82,750,Mutton Special Biryani & Firni,22.473346,88.371827
131,Putiary Sarbojanin Durgotsab Committee,South Kolkata,22.472012,88.347023,Kasturi Restaurant (Near Putiary Sarbojanin Durgotsab Committee),Dhakai Bangladeshi Bengali,630,0.63,650,Kochu Pata Diye Chingri Bhapa & Dhakai Mangsho,22.476017,88.351379
131,Putiary Sarbojanin Durgotsab Committee,South Kolkata,22.472012,88.347023,Bhojohori Manna (Near Putiary Sarbojanin Durgotsab Committee),Traditional Bengali,780,0.78,750,"Ilish Bhapa, Kosha Mangsho & Basanti Pulao",22.478421,88.350191
132,Ramgarh Satapally Sarbojanin Durgotsav Committee,South Kolkata,22.481012,88.372023,Campari (Near Ramgarh Satapally Sarbojanin Durgotsav Committee),Snack & Cutlet Joint,670,0.67,250,Fish Fry with Kasundi & Mutton Roll,22.484648,88.377233
132,Ramgarh Satapally Sarbojanin Durgotsav Committee,South Kolkata,22.481012,88.372023,Bijoli Grill (Near Ramgarh Satapally Sarbojanin Durgotsav Committee),Bengali Seafood & Snacks,940,0.94,500,Bhetki Fish Batter Fry & Prawn Cutlet,22.489421,88.372184
133,Rashbehari Suhrid Sangha,South Kolkata,22.518012,88.351023,Arsalan (Near Rashbehari Suhrid Sangha),Mughlai,890,0.89,750,Mutton Special Biryani & Firni,22.524216,88.356537
133,Rashbehari Suhrid Sangha,South Kolkata,22.518012,88.351023,Bar-B-Q (Near Rashbehari Suhrid Sangha),Classic Chinese,920,0.92,1200,Peking Duck & Crispy Chilli Pork,22.523638,88.357614
134,Russa Madhyapally Sarbojanin Durgotsav,South Kolkata,22.493012,88.353023,Bijoli Grill (Near Russa Madhyapally Sarbojanin Durgotsav),Bengali Seafood & Snacks,600,0.6,500,Bhetki Fish Batter Fry & Prawn Cutlet,22.498147,88.354909
134,Russa Madhyapally Sarbojanin Durgotsav,South Kolkata,22.493012,88.353023,Bhojohori Manna (Near Russa Madhyapally Sarbojanin Durgotsav),Traditional Bengali,860,0.86,750,"Ilish Bhapa, Kosha Mangsho & Basanti Pulao",22.485339,88.351659
134,Russa Madhyapally Sarbojanin Durgotsav,South Kolkata,22.493012,88.353023,6 Ballygunge Place (Near Russa Madhyapally Sarbojanin Durgotsav),Heritage Bengali,860,0.86,1100,Dab Chingri & Kosha Mangsho,22.485321,88.354266
135,Sahapur Suhrid Sangha Durga Puja Committee,South Kolkata,22.503012,88.328023,Chowman (Near Sahapur Suhrid Sangha Durga Puja Committee),Chinese,750,0.75,700,Kolkata Style Chilli Chicken & Fried Rice,22.5094,88.325571
135,Sahapur Suhrid Sangha Durga Puja Committee,South Kolkata,22.503012,88.328023,Oudh 1590 (Near Sahapur Suhrid Sangha Durga Puja Committee),Awadhi Dining,540,0.54,1000,Raan Biryani & Galawati Kebab,22.504024,88.322886
135,Sahapur Suhrid Sangha Durga Puja Committee,South Kolkata,22.503012,88.328023,Bijoli Grill (Near Sahapur Suhrid Sangha Durga Puja Committee),Bengali Seafood & Snacks,930,0.93,500,Bhetki Fish Batter Fry & Prawn Cutlet,22.494767,88.326821
136,Sammilani Durga Puja,South Kolkata,22.502334,88.328412,6 Ballygunge Place (Near Sammilani Durga Puja),Heritage Bengali,910,0.91,1100,Dab Chingri & Kosha Mangsho,22.494972,88.332366
136,Sammilani Durga Puja,South Kolkata,22.502334,88.328412,Kasturi Restaurant (Near Sammilani Durga Puja),Dhakai Bangladeshi Bengali,570,0.57,650,Kochu Pata Diye Chingri Bhapa & Dhakai Mangsho,22.501128,88.323024
136,Sammilani Durga Puja,South Kolkata,22.502334,88.328412,Bijoli Grill (Near Sammilani Durga Puja),Bengali Seafood & Snacks,720,0.72,500,Bhetki Fish Batter Fry & Prawn Cutlet,22.507584,88.324271
137,Sanghasree Kalighat Durga Puja,South Kolkata,22.522012,88.347023,Arsalan (Near Sanghasree Kalighat Durga Puja),Mughlai,650,0.65,750,Mutton Special Biryani & Firni,22.518072,88.342332
137,Sanghasree Kalighat Durga Puja,South Kolkata,22.522012,88.347023,Balaram Mullick & Radharaman Mullick (Near Sanghasree Kalighat Durga Puja),Iconic Mishti,770,0.77,250,Baked Rosogolla & Mango Sandesh,22.518843,88.353691
137,Sanghasree Kalighat Durga Puja,South Kolkata,22.522012,88.347023,Banana Leaf (Near Sanghasree Kalighat Durga Puja),South Indian,990,0.99,350,Ghee Roast Masala Dosa & Filter Coffee,22.513312,88.345204
138,Santoshpur Avenue South,South Kolkata,22.495012,88.376023,Chowman (Near Santoshpur Avenue South),Chinese,880,0.88,700,Kolkata Style Chilli Chicken & Fried Rice,22.501001,88.381658
138,Santoshpur Avenue South,South Kolkata,22.495012,88.376023,Ganguram Sweets (Near Santoshpur Avenue South),Sweet Corner,820,0.82,180,Mishti Doi & Kesar Radhaballavi,22.500344,88.370482
138,Santoshpur Avenue South,South Kolkata,22.495012,88.376023,Kasturi Restaurant (Near Santoshpur Avenue South),Dhakai Bangladeshi Bengali,770,0.77,650,Kochu Pata Diye Chingri Bhapa & Dhakai Mangsho,22.499633,88.370423
139,Santoshpur Lake Pally Durga Puja,South Kolkata,22.494334,88.376412,Koshe Kosha (Near Santoshpur Lake Pally Durga Puja),Authentic Bengali,680,0.68,700,Kosha Mangsho with Luchi,22.488445,88.378316
139,Santoshpur Lake Pally Durga Puja,South Kolkata,22.494334,88.376412,Bijoli Grill (Near Santoshpur Lake Pally Durga Puja),Bengali Seafood & Snacks,710,0.71,500,Bhetki Fish Batter Fry & Prawn Cutlet,22.499643,88.380295
139,Santoshpur Lake Pally Durga Puja,South Kolkata,22.494334,88.376412,Campari (Near Santoshpur Lake Pally Durga Puja),Snack & Cutlet Joint,720,0.72,250,Fish Fry with Kasundi & Mutton Roll,22.491023,88.370384
140,Santoshpur Trikon Park Durgotsab,South Kolkata,22.493645,88.375734,Arsalan (Near Santoshpur Trikon Park Durgotsab),Mughlai,560,0.56,750,Mutton Special Biryani & Firni,22.497998,88.378516
140,Santoshpur Trikon Park Durgotsab,South Kolkata,22.493645,88.375734,Banana Leaf (Near Santoshpur Trikon Park Durgotsab),South Indian,720,0.72,350,Ghee Roast Masala Dosa & Filter Coffee,22.493424,88.368738
140,Santoshpur Trikon Park Durgotsab,South Kolkata,22.493645,88.375734,Kasturi Restaurant (Near Santoshpur Trikon Park Durgotsab),Dhakai Bangladeshi Bengali,690,0.69,650,Kochu Pata Diye Chingri Bhapa & Dhakai Mangsho,22.497913,88.380628
141,Shibmandir Sarbojanin Durgotsab Samiti,South Kolkata,22.515234,88.350845,Bhojohori Manna (Near Shibmandir Sarbojanin Durgotsab Samiti),Traditional Bengali,710,0.71,750,"Ilish Bhapa, Kosha Mangsho & Basanti Pulao",22.519734,88.34592
141,Shibmandir Sarbojanin Durgotsab Samiti,South Kolkata,22.515234,88.350845,Oudh 1590 (Near Shibmandir Sarbojanin Durgotsab Samiti),Awadhi Dining,950,0.95,1000,Raan Biryani & Galawati Kebab,22.50763,88.355145
142,Singhi Park Sarbojanin Durga Puja,South Kolkata,22.519323,88.365412,Saptapadi (Near Singhi Park Sarbojanin Durga Puja),Bengali Fusion,680,0.68,800,Kacha Lonka Mangsho & Pulao Thali,22.513896,88.362302
142,Singhi Park Sarbojanin Durga Puja,South Kolkata,22.519323,88.365412,Chowman (Near Singhi Park Sarbojanin Durga Puja),Chinese,620,0.62,700,Kolkata Style Chilli Chicken & Fried Rice,22.516222,88.360389
143,Sonarpur Sarbojanin Durgotsav Puja Committee,South Kolkata,22.443012,88.428023,Oudh 1590 (Near Sonarpur Sarbojanin Durgotsav Puja Committee),Awadhi Dining,910,0.91,1000,Raan Biryani & Galawati Kebab,22.437471,88.434562
143,Sonarpur Sarbojanin Durgotsav Puja Committee,South Kolkata,22.443012,88.428023,The Yellow Turtle (Near Sonarpur Sarbojanin Durgotsav Puja Committee),Pan-Asian,870,0.87,850,Dim Sums & Hakka Noodles,22.435981,88.424227
144,Sri Sri Sarbojanin Durga Puja,South Kolkata,22.520012,88.346023,6 Ballygunge Place (Near Sri Sri Sarbojanin Durga Puja),Heritage Bengali,600,0.6,1100,Dab Chingri & Kosha Mangsho,22.518423,88.340444
144,Sri Sri Sarbojanin Durga Puja,South Kolkata,22.520012,88.346023,Bar-B-Q (Near Sri Sri Sarbojanin Durga Puja),Classic Chinese,660,0.66,1200,Peking Duck & Crispy Chilli Pork,22.516819,88.351446
144,Sri Sri Sarbojanin Durga Puja,South Kolkata,22.520012,88.346023,Chowman (Near Sri Sri Sarbojanin Durga Puja),Chinese,520,0.52,700,Kolkata Style Chilli Chicken & Fried Rice,22.523228,88.342334
145,Surya Nagar Sarbojanin Durga Puja,South Kolkata,22.464012,88.372023,Balaram Mullick & Radharaman Mullick (Near Surya Nagar Sarbojanin Durga Puja),Iconic Mishti,810,0.81,250,Baked Rosogolla & Mango Sandesh,22.471202,88.37353
145,Surya Nagar Sarbojanin Durga Puja,South Kolkata,22.464012,88.372023,Arsalan (Near Surya Nagar Sarbojanin Durga Puja),Mughlai,860,0.86,750,Mutton Special Biryani & Firni,22.465702,88.380183
145,Surya Nagar Sarbojanin Durga Puja,South Kolkata,22.464012,88.372023,The Yellow Turtle (Near Surya Nagar Sarbojanin Durga Puja),Pan-Asian,710,0.71,850,Dim Sums & Hakka Noodles,22.460541,88.377829
146,Tridhara Sammilani Durga Puja,South Kolkata,22.519745,88.355123,Saptapadi (Near Tridhara Sammilani Durga Puja),Bengali Fusion,950,0.95,800,Kacha Lonka Mangsho & Pulao Thali,22.512676,88.349872
146,Tridhara Sammilani Durga Puja,South Kolkata,22.519745,88.355123,Bhojohori Manna (Near Tridhara Sammilani Durga Puja),Traditional Bengali,930,0.93,750,"Ilish Bhapa, Kosha Mangsho & Basanti Pulao",22.524447,88.362622
146,Tridhara Sammilani Durga Puja,South Kolkata,22.519745,88.355123,Roastery Coffee House (Near Tridhara Sammilani Durga Puja),Cafe & Continental,870,0.87,800,Cranberry Cold Brew & Mac and Cheese,22.527232,88.357725
147,Tulipians Durgotsav,South Kolkata,22.519012,88.348023,Bar-B-Q (Near Tulipians Durgotsav),Classic Chinese,820,0.82,1200,Peking Duck & Crispy Chilli Pork,22.511626,88.34874
147,Tulipians Durgotsav,South Kolkata,22.519012,88.348023,Koshe Kosha (Near Tulipians Durgotsav),Authentic Bengali,720,0.72,700,Kosha Mangsho with Luchi,22.518068,88.354951
148,Udayan Kidderpore Durga Puja,South Kolkata,22.534012,88.322023,The Yellow Turtle (Near Udayan Kidderpore Durga Puja),Pan-Asian,570,0.57,850,Dim Sums & Hakka Noodles,22.531765,88.317034
148,Udayan Kidderpore Durga Puja,South Kolkata,22.534012,88.322023,Ganguram Sweets (Near Udayan Kidderpore Durga Puja),Sweet Corner,790,0.79,180,Mishti Doi & Kesar Radhaballavi,22.52697,88.320729
149,Upohar Utsav Committee,South Kolkata,22.466012,88.384023,Kasturi Restaurant (Near Upohar Utsav Committee),Dhakai Bangladeshi Bengali,970,0.97,650,Kochu Pata Diye Chingri Bhapa & Dhakai Mangsho,22.47427,88.387205
149,Upohar Utsav Committee,South Kolkata,22.466012,88.384023,Bijoli Grill (Near Upohar Utsav Committee),Bengali Seafood & Snacks,610,0.61,500,Bhetki Fish Batter Fry & Prawn Cutlet,22.471206,88.382026
149,Upohar Utsav Committee,South Kolkata,22.466012,88.384023,Campari (Near Upohar Utsav Committee),Snack & Cutlet Joint,870,0.87,250,Fish Fry with Kasundi & Mutton Roll,22.466711,88.375599
150,VIP Nagar Sarbojanin Durga Puja Committee,South Kolkata,22.516012,88.395023,Bhojohori Manna (Near VIP Nagar Sarbojanin Durga Puja Committee),Traditional Bengali,750,0.75,750,"Ilish Bhapa, Kosha Mangsho & Basanti Pulao",22.509863,88.398101
150,VIP Nagar Sarbojanin Durga Puja Committee,South Kolkata,22.516012,88.395023,Oudh 1590 (Near VIP Nagar Sarbojanin Durga Puja Committee),Awadhi Dining,580,0.58,1000,Raan Biryani & Galawati Kebab,22.510876,88.393876
150,VIP Nagar Sarbojanin Durga Puja Committee,South Kolkata,22.516012,88.395023,6 Ballygunge Place (Near VIP Nagar Sarbojanin Durga Puja Committee),Heritage Bengali,630,0.63,1100,Dab Chingri & Kosha Mangsho,22.510698,88.392813
151,Westend Park Sarbojanin Durga Puja,South Kolkata,22.521012,88.343023,Balaram Mullick & Radharaman Mullick (Near Westend Park Sarbojanin Durga Puja),Iconic Mishti,860,0.86,250,Baked Rosogolla & Mango Sandesh,22.513851,88.346286
151,Westend Park Sarbojanin Durga Puja,South Kolkata,22.521012,88.343023,Roastery Coffee House (Near Westend Park Sarbojanin Durga Puja),Cafe & Continental,730,0.73,800,Cranberry Cold Brew & Mac and Cheese,22.526839,88.346359
151,Westend Park Sarbojanin Durga Puja,South Kolkata,22.521012,88.343023,Ganguram Sweets (Near Westend Park Sarbojanin Durga Puja),Sweet Corner,660,0.66,180,Mishti Doi & Kesar Radhaballavi,22.515623,88.345782
152,14 Pally Udayan Sangha,Central Kolkata,22.579012,88.358023,Indian Coffee House (Near 14 Pally Udayan Sangha),Iconic Cultural Cafe,650,0.65,250,"Mutton Infusion, Cold Coffee & Chicken Cutlet",22.574149,88.361576
152,14 Pally Udayan Sangha,Central Kolkata,22.579012,88.358023,Anadi Cabin (Near 14 Pally Udayan Sangha),Heritage Cabin,960,0.96,250,Famous Mughlai Paratha with Duck Egg,22.583105,88.36626
152,14 Pally Udayan Sangha,Central Kolkata,22.579012,88.358023,Kusum Rolls (Near 14 Pally Udayan Sangha),Rolls & Street Eats,970,0.97,250,Double Egg Double Chicken Roll,22.570601,88.36034
153,37 Pally Sarbojanin Durgotsab,Central Kolkata,22.578334,88.358412,Mocambo (Near 37 Pally Sarbojanin Durgotsab),Heritage Continental,630,0.63,1300,Devilled Crab & Chicken Tetrazzini,22.573502,88.355165
153,37 Pally Sarbojanin Durgotsab,Central Kolkata,22.578334,88.358412,Kusum Rolls (Near 37 Pally Sarbojanin Durgotsab),Rolls & Street Eats,760,0.76,250,Double Egg Double Chicken Roll,22.572883,88.362916
153,37 Pally Sarbojanin Durgotsab,Central Kolkata,22.578334,88.358412,Eau Chew (Near 37 Pally Sarbojanin Durgotsab),Historic Hakka Chinese,660,0.66,900,Josephine Noodles & Chimney Soup,22.575151,88.363844
154,47 Pally Jubak Brinda Durga Puja,Central Kolkata,22.577645,88.357734,Bhim Chandra Nag (Near 47 Pally Jubak Brinda Durga Puja),Centuries Old Sweet Shop,750,0.75,200,Sandesh & Manohara,22.58276,88.362526
154,47 Pally Jubak Brinda Durga Puja,Central Kolkata,22.577645,88.357734,Flurys (Near 47 Pally Jubak Brinda Durga Puja),Heritage Tea Room & Bakery,750,0.75,900,"English Breakfast, Rum Ball & Peach Melba",22.583277,88.353668
154,47 Pally Jubak Brinda Durga Puja,Central Kolkata,22.577645,88.357734,Mocambo (Near 47 Pally Jubak Brinda Durga Puja),Heritage Continental,680,0.68,1300,Devilled Crab & Chicken Tetrazzini,22.576774,88.351185
155,Central Calcutta Youth Association,Central Kolkata,22.569012,88.358023,Shiraz Golden Restaurant (Near Central Calcutta Youth Association),Kolkata Mughlai,590,0.59,700,"Mutton Biryani, Chaap & Shahi Tukda",22.570748,88.36345
155,Central Calcutta Youth Association,Central Kolkata,22.569012,88.358023,Mocambo (Near Central Calcutta Youth Association),Heritage Continental,800,0.8,1300,Devilled Crab & Chicken Tetrazzini,22.569476,88.350257
156,College Square Sarbojanin Durgotsav,Central Kolkata,22.573912,88.363845,Flurys (Near College Square Sarbojanin Durgotsav),Heritage Tea Room & Bakery,810,0.81,900,"English Breakfast, Rum Ball & Peach Melba",22.566774,88.365615
156,College Square Sarbojanin Durgotsav,Central Kolkata,22.573912,88.363845,Bhim Chandra Nag (Near College Square Sarbojanin Durgotsav),Centuries Old Sweet Shop,780,0.78,200,Sandesh & Manohara,22.567719,88.360212
157,Entally Matribhumi Durga Puja,Central Kolkata,22.564012,88.372023,Eau Chew (Near Entally Matribhumi Durga Puja),Historic Hakka Chinese,590,0.59,900,Josephine Noodles & Chimney Soup,22.568864,88.374411
157,Entally Matribhumi Durga Puja,Central Kolkata,22.564012,88.372023,Anadi Cabin (Near Entally Matribhumi Durga Puja),Heritage Cabin,720,0.72,250,Famous Mughlai Paratha with Duck Egg,22.56189,88.378645
157,Entally Matribhumi Durga Puja,Central Kolkata,22.564012,88.372023,Nizam's (Near Entally Matribhumi Durga Puja),Street Pioneer / Mughlai,650,0.65,300,Original Kathi Kebab Roll & Beef Roll,22.569528,88.374209
158,Entally Sarbojanin Sri Sri Durga Puja,Central Kolkata,22.563334,88.372412,Aminia (Near Entally Sarbojanin Sri Sri Durga Puja),Heritage Mughlai,730,0.73,650,Mutton Awadhi Biryani & Rezala,22.569519,88.374897
158,Entally Sarbojanin Sri Sri Durga Puja,Central Kolkata,22.563334,88.372412,Tiretta Chinese Food Kiosk (Near Entally Sarbojanin Sri Sri Durga Puja),Authentic Chinese Breakfast,900,0.9,250,Steamed Pork Bao & Wonton Soup,22.570546,88.376471
159,Interact Club of Chowringhee High School Sarbojanin Durga Puja,Central Kolkata,22.556012,88.353023,Kewpie's Kitchen (Near Interact Club of Chowringhee High School Sarbojanin Durga Puja),Authentic Bengali Dining,750,0.75,1000,Mahabhoj Fish & Mangsho Thali,22.549415,88.354717
159,Interact Club of Chowringhee High School Sarbojanin Durga Puja,Central Kolkata,22.556012,88.353023,Eau Chew (Near Interact Club of Chowringhee High School Sarbojanin Durga Puja),Historic Hakka Chinese,770,0.77,900,Josephine Noodles & Chimney Soup,22.557821,88.34579
160,Kanai Dhar Lane Adhibasi Brinda,Central Kolkata,22.568012,88.361023,Tiretta Chinese Food Kiosk (Near Kanai Dhar Lane Adhibasi Brinda),Authentic Chinese Breakfast,780,0.78,250,Steamed Pork Bao & Wonton Soup,22.570681,88.368047
160,Kanai Dhar Lane Adhibasi Brinda,Central Kolkata,22.568012,88.361023,Bhim Chandra Nag (Near Kanai Dhar Lane Adhibasi Brinda),Centuries Old Sweet Shop,800,0.8,200,Sandesh & Manohara,22.560777,88.360956
161,Machua Bazar Sarbajanik Durga Puja Samity,Central Kolkata,22.581012,88.360023,Tiretta Chinese Food Kiosk (Near Machua Bazar Sarbajanik Durga Puja Samity),Authentic Chinese Breakfast,890,0.89,250,Steamed Pork Bao & Wonton Soup,22.585212,88.352637
161,Machua Bazar Sarbajanik Durga Puja Samity,Central Kolkata,22.581012,88.360023,Mocambo (Near Machua Bazar Sarbajanik Durga Puja Samity),Heritage Continental,970,0.97,1300,Devilled Crab & Chicken Tetrazzini,22.588582,88.364793
162,Md. Ali Park Durga Puja,Central Kolkata,22.578623,88.360124,Peter Cat (Near Md. Ali Park Durga Puja),Continental / Heritage,850,0.85,1200,Cheelo Kebab & Iranian Cocktails,22.586298,88.359656
162,Md. Ali Park Durga Puja,Central Kolkata,22.578623,88.360124,Shiraz Golden Restaurant (Near Md. Ali Park Durga Puja),Kolkata Mughlai,760,0.76,700,"Mutton Biryani, Chaap & Shahi Tukda",22.573322,88.355418
163,New Market Sarbojanin Sri Sri Durga Puja,Central Kolkata,22.560012,88.353023,Nizam's (Near New Market Sarbojanin Sri Sri Durga Puja),Street Pioneer / Mughlai,710,0.71,300,Original Kathi Kebab Roll & Beef Roll,22.556627,88.358892
163,New Market Sarbojanin Sri Sri Durga Puja,Central Kolkata,22.560012,88.353023,Aminia (Near New Market Sarbojanin Sri Sri Durga Puja),Heritage Mughlai,800,0.8,650,Mutton Awadhi Biryani & Rezala,22.561777,88.345476
163,New Market Sarbojanin Sri Sri Durga Puja,Central Kolkata,22.560012,88.353023,Kusum Rolls (Near New Market Sarbojanin Sri Sri Durga Puja),Rolls & Street Eats,820,0.82,250,Double Egg Double Chicken Roll,22.566801,88.356233
164,Pallir Yubak Brinda Durga Puja,Central Kolkata,22.559334,88.353412,Tung Fong Restaurant (Near Pallir Yubak Brinda Durga Puja),Chinese,700,0.7,1100,Chilli Garlic Prawns & Crispy Lamb,22.559255,88.360221
164,Pallir Yubak Brinda Durga Puja,Central Kolkata,22.559334,88.353412,Anadi Cabin (Near Pallir Yubak Brinda Durga Puja),Heritage Cabin,910,0.91,250,Famous Mughlai Paratha with Duck Egg,22.567359,88.351449
165,Santosh Mitra Square Durga Puja,Central Kolkata,22.567834,88.365912,Nizam's (Near Santosh Mitra Square Durga Puja),Street Pioneer / Mughlai,790,0.79,300,Original Kathi Kebab Roll & Beef Roll,22.572339,88.371877
165,Santosh Mitra Square Durga Puja,Central Kolkata,22.567834,88.365912,Mocambo (Near Santosh Mitra Square Durga Puja),Heritage Continental,680,0.68,1300,Devilled Crab & Chicken Tetrazzini,22.573857,88.364579
166,Shishu Palan Foundation,Central Kolkata,22.577012,88.359023,Flurys (Near Shishu Palan Foundation),Heritage Tea Room & Bakery,950,0.95,900,"English Breakfast, Rum Ball & Peach Melba",22.57387,88.367625
166,Shishu Palan Foundation,Central Kolkata,22.577012,88.359023,Kewpie's Kitchen (Near Shishu Palan Foundation),Authentic Bengali Dining,690,0.69,1000,Mahabhoj Fish & Mangsho Thali,22.578627,88.352539
166,Shishu Palan Foundation,Central Kolkata,22.577012,88.359023,Indian Coffee House (Near Shishu Palan Foundation),Iconic Cultural Cafe,890,0.89,250,"Mutton Infusion, Cold Coffee & Chicken Cutlet",22.57314,88.351432
167,Wellington Nagarik Kalyan Samity Durga Puja,Central Kolkata,22.563012,88.358023,Anadi Cabin (Near Wellington Nagarik Kalyan Samity Durga Puja),Heritage Cabin,710,0.71,250,Famous Mughlai Paratha with Duck Egg,22.558863,88.363294
167,Wellington Nagarik Kalyan Samity Durga Puja,Central Kolkata,22.563012,88.358023,Eau Chew (Near Wellington Nagarik Kalyan Samity Durga Puja),Historic Hakka Chinese,690,0.69,900,Josephine Noodles & Chimney Soup,22.56566,88.364101
168,Shimla Byam Samity,Central Kolkata,22.585012,88.364023,Nizam's (Near Shimla Byam Samity),Street Pioneer / Mughlai,740,0.74,300,Original Kathi Kebab Roll & Beef Roll,22.585995,88.371145
168,Shimla Byam Samity,Central Kolkata,22.585012,88.364023,Bhim Chandra Nag (Near Shimla Byam Samity),Centuries Old Sweet Shop,580,0.58,200,Sandesh & Manohara,22.589653,88.366653
169,Singhi Bagan Durga Puja,Central Kolkata,22.584334,88.364412,Tung Fong Restaurant (Near Singhi Bagan Durga Puja),Chinese,770,0.77,1100,Chilli Garlic Prawns & Crispy Lamb,22.583838,88.35694
169,Singhi Bagan Durga Puja,Central Kolkata,22.584334,88.364412,Bhim Chandra Nag (Near Singhi Bagan Durga Puja),Centuries Old Sweet Shop,760,0.76,200,Sandesh & Manohara,22.580722,88.358121
170,Beliaghata 33 Palli Durga Puja,Central Kolkata,22.568012,88.384023,Kewpie's Kitchen (Near Beliaghata 33 Palli Durga Puja),Authentic Bengali Dining,590,0.59,1000,Mahabhoj Fish & Mangsho Thali,22.570258,88.389229
170,Beliaghata 33 Palli Durga Puja,Central Kolkata,22.568012,88.384023,Kusum Rolls (Near Beliaghata 33 Palli Durga Puja),Rolls & Street Eats,840,0.84,250,Double Egg Double Chicken Roll,22.562632,88.378254
171,Entally Sarbojanin,Central Kolkata,22.562012,88.373023,Indian Coffee House (Near Entally Sarbojanin),Iconic Cultural Cafe,540,0.54,250,"Mutton Infusion, Cold Coffee & Chicken Cutlet",22.558799,88.376979
171,Entally Sarbojanin,Central Kolkata,22.562012,88.373023,Tiretta Chinese Food Kiosk (Near Entally Sarbojanin),Authentic Chinese Breakfast,850,0.85,250,Steamed Pork Bao & Wonton Soup,22.569559,88.371453
172,AJ Block Durga Puja,East Kolkata & Salt Lake,22.588012,88.411023,Gupta Brothers (Near AJ Block Durga Puja),North Indian & Sweets,630,0.63,400,Chole Bhature & Rasmalai,22.593577,88.409708
172,AJ Block Durga Puja,East Kolkata & Salt Lake,22.588012,88.411023,Fly Kouzina (Near AJ Block Durga Puja),Vegetarian Fine Dining,880,0.88,850,Crispy Corn & Sizzling Brownie,22.594565,88.406165
172,AJ Block Durga Puja,East Kolkata & Salt Lake,22.588012,88.411023,Chowman (Near AJ Block Durga Puja),Chinese,610,0.61,700,Kung Pao Chicken & Hakka Noodles,22.58561,88.40568
173,BD Block Sarbojanin Durgotsab Committee,East Kolkata & Salt Lake,22.587334,88.411412,Gupta Brothers (Near BD Block Sarbojanin Durgotsab Committee),North Indian & Sweets,700,0.7,400,Chole Bhature & Rasmalai,22.581097,88.410243
173,BD Block Sarbojanin Durgotsab Committee,East Kolkata & Salt Lake,22.587334,88.411412,Chowman (Near BD Block Sarbojanin Durgotsab Committee),Chinese,960,0.96,700,Kung Pao Chicken & Hakka Noodles,22.590876,88.402885
173,BD Block Sarbojanin Durgotsab Committee,East Kolkata & Salt Lake,22.587334,88.411412,Kasturi (Near BD Block Sarbojanin Durgotsab Committee),Bengali & Dhakai,890,0.89,650,Chingri Malai & Bhetki Paturi,22.592527,88.418028
174,BJ Block Saradotsav Committee,East Kolkata & Salt Lake,22.584312,88.417823,Santa's Fantasea (Near BJ Block Saradotsav Committee),Tribal & Coastal Seafood,690,0.69,800,Banshpoda Mangsho & Seafood Rice,22.590028,88.41513
174,BJ Block Saradotsav Committee,East Kolkata & Salt Lake,22.584312,88.417823,Gupta Brothers (Near BJ Block Saradotsav Committee),North Indian & Sweets,850,0.85,400,Chole Bhature & Rasmalai,22.576663,88.416998
174,BJ Block Saradotsav Committee,East Kolkata & Salt Lake,22.584312,88.417823,Kasturi (Near BJ Block Saradotsav Committee),Bengali & Dhakai,580,0.58,650,Chingri Malai & Bhetki Paturi,22.588846,88.420661
175,BL Block Durga Puja,East Kolkata & Salt Lake,22.586645,88.410734,Chowman (Near BL Block Durga Puja),Chinese,940,0.94,700,Kung Pao Chicken & Hakka Noodles,22.591756,88.418042
175,BL Block Durga Puja,East Kolkata & Salt Lake,22.586645,88.410734,Gupta Brothers (Near BL Block Durga Puja),North Indian & Sweets,720,0.72,400,Chole Bhature & Rasmalai,22.592791,88.40842
176,EKTP Phase 2 Abasik Puja Samity,East Kolkata & Salt Lake,22.548012,88.402023,Gupta Brothers (Near EKTP Phase 2 Abasik Puja Samity),North Indian & Sweets,950,0.95,400,Chole Bhature & Rasmalai,22.54062,88.406732
176,EKTP Phase 2 Abasik Puja Samity,East Kolkata & Salt Lake,22.548012,88.402023,Bhoj Company (Near EKTP Phase 2 Abasik Puja Samity),Bengali Homestyle,700,0.7,750,Kochi Panthar Jhol & Chingri Malaikari,22.543565,88.406869
177,Jawpur Bayam Samity Durga Puja,East Kolkata & Salt Lake,22.618012,88.386023,Arsalan (Near Jawpur Bayam Samity Durga Puja),Mughlai,530,0.53,700,Mutton Biryani & Murgh Rezala,22.62236,88.383851
177,Jawpur Bayam Samity Durga Puja,East Kolkata & Salt Lake,22.618012,88.386023,Bhoj Company (Near Jawpur Bayam Samity Durga Puja),Bengali Homestyle,910,0.91,750,Kochi Panthar Jhol & Chingri Malaikari,22.613173,88.37886
177,Jawpur Bayam Samity Durga Puja,East Kolkata & Salt Lake,22.618012,88.386023,Haji Saheb (Near Jawpur Bayam Samity Durga Puja),Mughlai,880,0.88,650,Special Mutton Biryani & Murgh Bhuna,22.623177,88.392538
178,Judge Bagan Sarbojanin Durgotsab,East Kolkata & Salt Lake,22.582012,88.405023,Gupta Brothers (Near Judge Bagan Sarbojanin Durgotsab),North Indian & Sweets,840,0.84,400,Chole Bhature & Rasmalai,22.574808,88.407617
178,Judge Bagan Sarbojanin Durgotsab,East Kolkata & Salt Lake,22.582012,88.405023,Oudh 1590 (Near Judge Bagan Sarbojanin Durgotsab),Awadhi,520,0.52,950,Murgh Sugandhi Kebab & Awadhi Handi Biryani,22.586144,88.407439
178,Judge Bagan Sarbojanin Durgotsab,East Kolkata & Salt Lake,22.582012,88.405023,Kasturi (Near Judge Bagan Sarbojanin Durgotsab),Bengali & Dhakai,640,0.64,650,Chingri Malai & Bhetki Paturi,22.584957,88.399663
179,Kanjial Para Puja Samity Durga Puja,East Kolkata & Salt Lake,22.581334,88.405412,Arsalan (Near Kanjial Para Puja Samity Durga Puja),Mughlai,660,0.66,700,Mutton Biryani & Murgh Rezala,22.587036,88.40731
179,Kanjial Para Puja Samity Durga Puja,East Kolkata & Salt Lake,22.581334,88.405412,Chowman (Near Kanjial Para Puja Samity Durga Puja),Chinese,710,0.71,700,Kung Pao Chicken & Hakka Noodles,22.583083,88.398766
179,Kanjial Para Puja Samity Durga Puja,East Kolkata & Salt Lake,22.581334,88.405412,Haji Saheb (Near Kanjial Para Puja Samity Durga Puja),Mughlai,730,0.73,650,Special Mutton Biryani & Murgh Bhuna,22.586398,88.409969
180,Nabapally Adhibashi Brinda Durga Puja,East Kolkata & Salt Lake,22.580645,88.404734,Haji Saheb (Near Nabapally Adhibashi Brinda Durga Puja),Mughlai,760,0.76,650,Special Mutton Biryani & Murgh Bhuna,22.580993,88.412119
180,Nabapally Adhibashi Brinda Durga Puja,East Kolkata & Salt Lake,22.580645,88.404734,Santa's Fantasea (Near Nabapally Adhibashi Brinda Durga Puja),Tribal & Coastal Seafood,590,0.59,800,Banshpoda Mangsho & Seafood Rice,22.575828,88.407203
180,Nabapally Adhibashi Brinda Durga Puja,East Kolkata & Salt Lake,22.580645,88.404734,Bhoj Company (Near Nabapally Adhibashi Brinda Durga Puja),Bengali Homestyle,800,0.8,750,Kochi Panthar Jhol & Chingri Malaikari,22.581074,88.412503
181,Netaji Sporting Club Durga Puja,East Kolkata & Salt Lake,22.579012,88.404023,Oudh 1590 (Near Netaji Sporting Club Durga Puja),Awadhi,970,0.97,950,Murgh Sugandhi Kebab & Awadhi Handi Biryani,22.587003,88.407916
181,Netaji Sporting Club Durga Puja,East Kolkata & Salt Lake,22.579012,88.404023,Arsalan (Near Netaji Sporting Club Durga Puja),Mughlai,760,0.76,700,Mutton Biryani & Murgh Rezala,22.572146,88.403683
181,Netaji Sporting Club Durga Puja,East Kolkata & Salt Lake,22.579012,88.404023,Chowman (Near Netaji Sporting Club Durga Puja),Chinese,970,0.97,700,Kung Pao Chicken & Hakka Noodles,22.570742,88.400874
182,Prafulla Kanan Sarbojanin Durgotsab,East Kolkata & Salt Lake,22.605012,88.423023,Gupta Brothers (Near Prafulla Kanan Sarbojanin Durgotsab),North Indian & Sweets,700,0.7,400,Chole Bhature & Rasmalai,22.600584,88.427891
182,Prafulla Kanan Sarbojanin Durgotsab,East Kolkata & Salt Lake,22.605012,88.423023,Santa's Fantasea (Near Prafulla Kanan Sarbojanin Durgotsab),Tribal & Coastal Seafood,860,0.86,800,Banshpoda Mangsho & Seafood Rice,22.600165,88.429567
182,Prafulla Kanan Sarbojanin Durgotsab,East Kolkata & Salt Lake,22.605012,88.423023,Bhoj Company (Near Prafulla Kanan Sarbojanin Durgotsab),Bengali Homestyle,550,0.55,750,Kochi Panthar Jhol & Chingri Malaikari,22.605289,88.428367
183,Purba Kalikata Sarbojanin Durgotsav,East Kolkata & Salt Lake,22.571012,88.388023,Bhoj Company (Near Purba Kalikata Sarbojanin Durgotsav),Bengali Homestyle,540,0.54,750,Kochi Panthar Jhol & Chingri Malaikari,22.566331,88.386525
183,Purba Kalikata Sarbojanin Durgotsav,East Kolkata & Salt Lake,22.571012,88.388023,Oudh 1590 (Near Purba Kalikata Sarbojanin Durgotsav),Awadhi,890,0.89,950,Murgh Sugandhi Kebab & Awadhi Handi Biryani,22.574662,88.39574
184,Purbanchal Prabhati Sangha Durga Puja,East Kolkata & Salt Lake,22.570334,88.388412,Gupta Brothers (Near Purbanchal Prabhati Sangha Durga Puja),North Indian & Sweets,580,0.58,400,Chole Bhature & Rasmalai,22.569223,88.382898
184,Purbanchal Prabhati Sangha Durga Puja,East Kolkata & Salt Lake,22.570334,88.388412,Oudh 1590 (Near Purbanchal Prabhati Sangha Durga Puja),Awadhi,960,0.96,950,Murgh Sugandhi Kebab & Awadhi Handi Biryani,22.578695,88.39054
184,Purbanchal Prabhati Sangha Durga Puja,East Kolkata & Salt Lake,22.570334,88.388412,Kasturi (Near Purbanchal Prabhati Sangha Durga Puja),Bengali & Dhakai,610,0.61,650,Chingri Malai & Bhetki Paturi,22.571743,88.382675
185,Sixemes Cooperative Housing Durgotsav,East Kolkata & Salt Lake,22.585012,88.415023,Bhoj Company (Near Sixemes Cooperative Housing Durgotsav),Bengali Homestyle,760,0.76,750,Kochi Panthar Jhol & Chingri Malaikari,22.591869,88.414518
185,Sixemes Cooperative Housing Durgotsav,East Kolkata & Salt Lake,22.585012,88.415023,Chowman (Near Sixemes Cooperative Housing Durgotsav),Chinese,770,0.77,700,Kung Pao Chicken & Hakka Noodles,22.584867,88.422513
186,"Sree Sree Durga Puja Committee, Rabindrapally",East Kolkata & Salt Lake,22.602012,88.426023,"Chowman (Near Sree Sree Durga Puja Committee, Rabindrapally)",Chinese,920,0.92,700,Kung Pao Chicken & Hakka Noodles,22.60996,88.428672
186,"Sree Sree Durga Puja Committee, Rabindrapally",East Kolkata & Salt Lake,22.602012,88.426023,"Bhoj Company (Near Sree Sree Durga Puja Committee, Rabindrapally)",Bengali Homestyle,820,0.82,750,Kochi Panthar Jhol & Chingri Malaikari,22.600934,88.433917
187,New Town Sarbojanin,East Kolkata & Salt Lake,22.586012,88.462023,Kasturi (Near New Town Sarbojanin),Bengali & Dhakai,720,0.72,650,Chingri Malai & Bhetki Paturi,22.592282,88.460131
187,New Town Sarbojanin,East Kolkata & Salt Lake,22.586012,88.462023,Haji Saheb (Near New Town Sarbojanin),Mughlai,680,0.68,650,Special Mutton Biryani & Murgh Bhuna,22.58839,88.468124
187,New Town Sarbojanin,East Kolkata & Salt Lake,22.586012,88.462023,Bhoj Company (Near New Town Sarbojanin),Bengali Homestyle,840,0.84,750,Kochi Panthar Jhol & Chingri Malaikari,22.580905,88.468073
188,AK Block Salt Lake,East Kolkata & Salt Lake,22.589012,88.412023,Arsalan (Near AK Block Salt Lake),Mughlai,720,0.72,700,Mutton Biryani & Murgh Rezala,22.59552,88.411807
188,AK Block Salt Lake,East Kolkata & Salt Lake,22.589012,88.412023,Kasturi (Near AK Block Salt Lake),Bengali & Dhakai,600,0.6,650,Chingri Malai & Bhetki Paturi,22.587539,88.417641
188,AK Block Salt Lake,East Kolkata & Salt Lake,22.589012,88.412023,Santa's Fantasea (Near AK Block Salt Lake),Tribal & Coastal Seafood,570,0.57,800,Banshpoda Mangsho & Seafood Rice,22.586588,88.416917
189,Mitali Sangha Kankurgachi,East Kolkata & Salt Lake,22.588012,88.382023,Chowman (Near Mitali Sangha Kankurgachi),Chinese,850,0.85,700,Kung Pao Chicken & Hakka Noodles,22.591856,88.389184
189,Mitali Sangha Kankurgachi,East Kolkata & Salt Lake,22.588012,88.382023,Gupta Brothers (Near Mitali Sangha Kankurgachi),North Indian & Sweets,720,0.72,400,Chole Bhature & Rasmalai,22.581857,88.384308
189,Mitali Sangha Kankurgachi,East Kolkata & Salt Lake,22.588012,88.382023,Haji Saheb (Near Mitali Sangha Kankurgachi),Mughlai,850,0.85,650,Special Mutton Biryani & Murgh Bhuna,22.594544,88.377662
190,2 No Basudebpur Sarbojanin Durga Puja,Behala,22.496012,88.312023,Chowman (Near 2 No Basudebpur Sarbojanin Durga Puja),Chinese,550,0.55,650,Drums of Heaven & Mixed Fried Rice,22.492782,88.307956
190,2 No Basudebpur Sarbojanin Durga Puja,Behala,22.496012,88.312023,Mithai Ghar (Near 2 No Basudebpur Sarbojanin Durga Puja),Sweets & Morning Snacks,690,0.69,160,Radhaballabhi & Pantua,22.497981,88.305657
190,2 No Basudebpur Sarbojanin Durga Puja,Behala,22.496012,88.312023,Bhojohori Manna (Near 2 No Basudebpur Sarbojanin Durga Puja),Traditional Bengali,830,0.83,750,Ilish Bhapa & Kochi Panthar Jhol,22.50319,88.309664
191,7er Pally Sarbojanin Durga Puja Committee,Behala,22.495334,88.312412,Campari Corner (Near 7er Pally Sarbojanin Durga Puja Committee),Classic Cutlets,830,0.83,260,Diamond Fish Fry & Mutton Cutlet,22.488387,88.315469
191,7er Pally Sarbojanin Durga Puja Committee,Behala,22.495334,88.312412,Kasturi Restaurant (Near 7er Pally Sarbojanin Durga Puja Committee),Bangladeshi / Bengali,580,0.58,650,Kachupata Chingri Bhapa & Bhetki Paturi,22.495795,88.318029
192,Acharya Prafulla Sangha,Behala,22.494645,88.311734,Chowman (Near Acharya Prafulla Sangha),Chinese,530,0.53,650,Drums of Heaven & Mixed Fried Rice,22.497378,88.315967
192,Acharya Prafulla Sangha,Behala,22.494645,88.311734,Oudh 1590 (Near Acharya Prafulla Sangha),Awadhi,730,0.73,950,Galawati Kebab & Shahi Biryani,22.490097,88.316878
192,Acharya Prafulla Sangha,Behala,22.494645,88.311734,Kasturi Restaurant (Near Acharya Prafulla Sangha),Bangladeshi / Bengali,720,0.72,650,Kachupata Chingri Bhapa & Bhetki Paturi,22.500411,88.314986
193,Ajeya Sanghati Durga Puja,Behala,22.493012,88.311023,Kasturi Restaurant (Near Ajeya Sanghati Durga Puja),Bangladeshi / Bengali,700,0.7,650,Kachupata Chingri Bhapa & Bhetki Paturi,22.489277,88.305528
193,Ajeya Sanghati Durga Puja,Behala,22.493012,88.311023,Chowman (Near Ajeya Sanghati Durga Puja),Chinese,630,0.63,650,Drums of Heaven & Mixed Fried Rice,22.497322,88.315029
194,Barisha Kumarpara Youngs' Club Durga Puja,Behala,22.483012,88.311023,Oudh 1590 (Near Barisha Kumarpara Youngs' Club Durga Puja),Awadhi,700,0.7,950,Galawati Kebab & Shahi Biryani,22.477151,88.308451
194,Barisha Kumarpara Youngs' Club Durga Puja,Behala,22.483012,88.311023,Kasturi Restaurant (Near Barisha Kumarpara Youngs' Club Durga Puja),Bangladeshi / Bengali,640,0.64,650,Kachupata Chingri Bhapa & Bhetki Paturi,22.482638,88.317232
195,Barisha Maitree Sangha Durgotsab,Behala,22.482334,88.311412,Arsalan (Near Barisha Maitree Sangha Durgotsab),Mughlai,840,0.84,700,Mutton Awadhi Biryani & Firni,22.48993,88.311342
195,Barisha Maitree Sangha Durgotsab,Behala,22.482334,88.311412,Kasturi Restaurant (Near Barisha Maitree Sangha Durgotsab),Bangladeshi / Bengali,610,0.61,650,Kachupata Chingri Bhapa & Bhetki Paturi,22.485963,88.315878
195,Barisha Maitree Sangha Durgotsab,Behala,22.482334,88.311412,Chowman (Near Barisha Maitree Sangha Durgotsab),Chinese,550,0.55,650,Drums of Heaven & Mixed Fried Rice,22.484657,88.31614
196,Barisha Milani Sangha Durga Puja,Behala,22.481645,88.310734,Bhojohori Manna (Near Barisha Milani Sangha Durga Puja),Traditional Bengali,830,0.83,750,Ilish Bhapa & Kochi Panthar Jhol,22.479757,88.302924
196,Barisha Milani Sangha Durga Puja,Behala,22.481645,88.310734,Mithai Ghar (Near Barisha Milani Sangha Durga Puja),Sweets & Morning Snacks,770,0.77,160,Radhaballabhi & Pantua,22.479898,88.31798
196,Barisha Milani Sangha Durga Puja,Behala,22.481645,88.310734,Chowman (Near Barisha Milani Sangha Durga Puja),Chinese,660,0.66,650,Drums of Heaven & Mixed Fried Rice,22.484922,88.316097
197,Barisha Netaji Sangha Durga Puja,Behala,22.480012,88.310023,Campari Corner (Near Barisha Netaji Sangha Durga Puja),Classic Cutlets,750,0.75,260,Diamond Fish Fry & Mutton Cutlet,22.484917,88.31506
197,Barisha Netaji Sangha Durga Puja,Behala,22.480012,88.310023,Chowman (Near Barisha Netaji Sangha Durga Puja),Chinese,610,0.61,650,Drums of Heaven & Mixed Fried Rice,22.483558,88.314566
198,Barisha Sarbojanin Durgotsab,Behala,22.479334,88.310412,Bhojohori Manna (Near Barisha Sarbojanin Durgotsab),Traditional Bengali,780,0.78,750,Ilish Bhapa & Kochi Panthar Jhol,22.472427,88.311954
198,Barisha Sarbojanin Durgotsab,Behala,22.479334,88.310412,Chowman (Near Barisha Sarbojanin Durgotsab),Chinese,970,0.97,650,Drums of Heaven & Mixed Fried Rice,22.485348,88.317277
198,Barisha Sarbojanin Durgotsab,Behala,22.479334,88.310412,Kasturi Restaurant (Near Barisha Sarbojanin Durgotsab),Bangladeshi / Bengali,930,0.93,650,Kachupata Chingri Bhapa & Bhetki Paturi,22.487037,88.314042
199,Barisha Saterpalli Sammilani Durga Puja,Behala,22.478645,88.309734,Mithai Ghar (Near Barisha Saterpalli Sammilani Durga Puja),Sweets & Morning Snacks,760,0.76,160,Radhaballabhi & Pantua,22.479471,88.302399
199,Barisha Saterpalli Sammilani Durga Puja,Behala,22.478645,88.309734,Campari Corner (Near Barisha Saterpalli Sammilani Durga Puja),Classic Cutlets,900,0.9,260,Diamond Fish Fry & Mutton Cutlet,22.485926,88.313645
199,Barisha Saterpalli Sammilani Durga Puja,Behala,22.478645,88.309734,Oudh 1590 (Near Barisha Saterpalli Sammilani Durga Puja),Awadhi,970,0.97,950,Galawati Kebab & Shahi Biryani,22.473153,88.30238
200,Behala 11 Pally Durga Puja,Behala,22.492012,88.315023,Oudh 1590 (Near Behala 11 Pally Durga Puja),Awadhi,680,0.68,950,Galawati Kebab & Shahi Biryani,22.496441,88.310436
200,Behala 11 Pally Durga Puja,Behala,22.492012,88.315023,Mithai Ghar (Near Behala 11 Pally Durga Puja),Sweets & Morning Snacks,880,0.88,160,Radhaballabhi & Pantua,22.486931,88.308438
200,Behala 11 Pally Durga Puja,Behala,22.492012,88.315023,Kasturi Restaurant (Near Behala 11 Pally Durga Puja),Bangladeshi / Bengali,600,0.6,650,Kachupata Chingri Bhapa & Bhetki Paturi,22.497317,88.313796
201,Haridevpur 41 Palli,Haridevpur,22.480534,88.337512,Gariahat Fast Food (Near Haridevpur 41 Palli),Kolkata Street Rolls,760,0.76,200,Double Mutton Roll & Chicken Pakora,22.478241,88.344477
201,Haridevpur 41 Palli,Haridevpur,22.480534,88.337512,Koshe Kosha (Near Haridevpur 41 Palli),Authentic Bengali,590,0.59,700,Kasha Mangsho & Radhaballavi,22.485427,88.335225
201,Haridevpur 41 Palli,Haridevpur,22.480534,88.337512,Maa Tara Cabin (Near Haridevpur 41 Palli),Bengali Snacks Cabin,620,0.62,220,Fish Fry with Mustard Kasundi,22.485839,88.335559
202,Vivekananda Park Athletic Club Durga Puja,Haridevpur,22.479812,88.337934,Koshe Kosha (Near Vivekananda Park Athletic Club Durga Puja),Authentic Bengali,810,0.81,700,Kasha Mangsho & Radhaballavi,22.472857,88.335461
202,Vivekananda Park Athletic Club Durga Puja,Haridevpur,22.479812,88.337934,Haji Biryani (Near Vivekananda Park Athletic Club Durga Puja),Budget Mughlai Biryani,580,0.58,350,Kolkata Mutton Dum Biryani,22.478103,88.343265
202,Vivekananda Park Athletic Club Durga Puja,Haridevpur,22.479812,88.337934,Chowman (Near Vivekananda Park Athletic Club Durga Puja),Chinese,770,0.77,650,Crispy Honey Chilli Chicken & Hakka Noodles,22.472849,88.337813
203,Haridevpur Nabinsathi Club,Haridevpur,22.479134,88.337212,Gariahat Fast Food (Near Haridevpur Nabinsathi Club),Kolkata Street Rolls,590,0.59,200,Double Mutton Roll & Chicken Pakora,22.476239,88.332394
203,Haridevpur Nabinsathi Club,Haridevpur,22.479134,88.337212,Maa Tara Cabin (Near Haridevpur Nabinsathi Club),Bengali Snacks Cabin,850,0.85,220,Fish Fry with Mustard Kasundi,22.473064,88.332142
204,Sodepur Jatiya Sangha Durga Puja,Haridevpur,22.477012,88.336023,Koshe Kosha (Near Sodepur Jatiya Sangha Durga Puja),Authentic Bengali,540,0.54,700,Kasha Mangsho & Radhaballavi,22.473934,88.331948
204,Sodepur Jatiya Sangha Durga Puja,Haridevpur,22.477012,88.336023,Maa Tara Cabin (Near Sodepur Jatiya Sangha Durga Puja),Bengali Snacks Cabin,790,0.79,220,Fish Fry with Mustard Kasundi,22.472854,88.329778
205,Adarsha Samiti Club Durga Puja,Haridevpur,22.476334,88.336412,Gariahat Fast Food (Near Adarsha Samiti Club Durga Puja),Kolkata Street Rolls,930,0.93,200,Double Mutton Roll & Chicken Pakora,22.468266,88.333858
205,Adarsha Samiti Club Durga Puja,Haridevpur,22.476334,88.336412,Koshe Kosha (Near Adarsha Samiti Club Durga Puja),Authentic Bengali,820,0.82,700,Kasha Mangsho & Radhaballavi,22.47395,88.34396
205,Adarsha Samiti Club Durga Puja,Haridevpur,22.476334,88.336412,Balaram Mullick (Near Adarsha Samiti Club Durga Puja),Mishti,630,0.63,220,Baked Rosogolla & Kheer Kadam,22.478343,88.330681
206,Haridevpur Vivekananda Park,Haridevpur,22.475645,88.335734,Haji Biryani (Near Haridevpur Vivekananda Park),Budget Mughlai Biryani,840,0.84,350,Kolkata Mutton Dum Biryani,22.479793,88.342576
206,Haridevpur Vivekananda Park,Haridevpur,22.475645,88.335734,Balaram Mullick (Near Haridevpur Vivekananda Park),Mishti,710,0.71,220,Baked Rosogolla & Kheer Kadam,22.469384,88.337263
206,Haridevpur Vivekananda Park,Haridevpur,22.475645,88.335734,Koshe Kosha (Near Haridevpur Vivekananda Park),Authentic Bengali,680,0.68,700,Kasha Mangsho & Radhaballavi,22.479455,88.340923
207,Haridevpur Friends Club Durga Puja,Haridevpur,22.474012,88.335023,Maa Tara Cabin (Near Haridevpur Friends Club Durga Puja),Bengali Snacks Cabin,580,0.58,220,Fish Fry with Mustard Kasundi,22.470408,88.33912
207,Haridevpur Friends Club Durga Puja,Haridevpur,22.474012,88.335023,Haji Biryani (Near Haridevpur Friends Club Durga Puja),Budget Mughlai Biryani,780,0.78,350,Kolkata Mutton Dum Biryani,22.471044,88.341902
207,Haridevpur Friends Club Durga Puja,Haridevpur,22.474012,88.335023,Balaram Mullick (Near Haridevpur Friends Club Durga Puja),Mishti,730,0.73,220,Baked Rosogolla & Kheer Kadam,22.473289,88.342077
208,Haridevpur Paschimpara Sarbojanin,Haridevpur,22.473334,88.335412,Chowman (Near Haridevpur Paschimpara Sarbojanin),Chinese,540,0.54,650,Crispy Honey Chilli Chicken & Hakka Noodles,22.477933,88.333646
208,Haridevpur Paschimpara Sarbojanin,Haridevpur,22.473334,88.335412,Koshe Kosha (Near Haridevpur Paschimpara Sarbojanin),Authentic Bengali,920,0.92,700,Kasha Mangsho & Radhaballavi,22.46609,88.339812
209,Haridevpur New Sporting Club,Haridevpur,22.472645,88.334734,Haji Biryani (Near Haridevpur New Sporting Club),Budget Mughlai Biryani,850,0.85,350,Kolkata Mutton Dum Biryani,22.475482,88.342414
209,Haridevpur New Sporting Club,Haridevpur,22.472645,88.334734,Gariahat Fast Food (Near Haridevpur New Sporting Club),Kolkata Street Rolls,590,0.59,200,Double Mutton Roll & Chicken Pakora,22.477979,88.334589
210,Dum Dum Park Tarun Sangha,Dum Dum / South Dumdum,22.611123,88.398545,Nakur Chandra Sweets Outlet (Near Dum Dum Park Tarun Sangha),Bengali Sweets,530,0.53,200,Ghol & Jolbhora Sandesh,22.615635,88.396805
210,Dum Dum Park Tarun Sangha,Dum Dum / South Dumdum,22.611123,88.398545,Dada Boudi Biryani Outlet (Near Dum Dum Park Tarun Sangha),Famous Biryani,750,0.75,550,Signature Mutton Biryani with Big Aloo,22.617758,88.397028
210,Dum Dum Park Tarun Sangha,Dum Dum / South Dumdum,22.611123,88.398545,Mithai Sweets (Near Dum Dum Park Tarun Sangha),Sweets,620,0.62,180,Mishti Doi & Chanar Payesh,22.607745,88.403361
211,Dum Dum Park Bharat Chakra,Dum Dum / South Dumdum,22.610512,88.399234,Dada Boudi Biryani Outlet (Near Dum Dum Park Bharat Chakra),Famous Biryani,790,0.79,550,Signature Mutton Biryani with Big Aloo,22.614448,88.392818
211,Dum Dum Park Bharat Chakra,Dum Dum / South Dumdum,22.610512,88.399234,Nakur Chandra Sweets Outlet (Near Dum Dum Park Bharat Chakra),Bengali Sweets,830,0.83,200,Ghol & Jolbhora Sandesh,22.60884,88.407108
212,Dum Dum Park Yubak Brinda,Dum Dum / South Dumdum,22.609834,88.399612,Mithai Sweets (Near Dum Dum Park Yubak Brinda),Sweets,720,0.72,180,Mishti Doi & Chanar Payesh,22.614649,88.394895
212,Dum Dum Park Yubak Brinda,Dum Dum / South Dumdum,22.609834,88.399612,Arsalan (Near Dum Dum Park Yubak Brinda),Mughlai,850,0.85,700,Special Mutton Biryani & Chicken Chaap,22.610502,88.391372
213,Dum Dum Park Sarbojanin Durga Puja Samity,Dum Dum / South Dumdum,22.609145,88.398934,Arsalan (Near Dum Dum Park Sarbojanin Durga Puja Samity),Mughlai,780,0.78,700,Special Mutton Biryani & Chicken Chaap,22.611549,88.40607
213,Dum Dum Park Sarbojanin Durga Puja Samity,Dum Dum / South Dumdum,22.609145,88.398934,Nakur Chandra Sweets Outlet (Near Dum Dum Park Sarbojanin Durga Puja Samity),Bengali Sweets,770,0.77,200,Ghol & Jolbhora Sandesh,22.615379,88.402274
213,Dum Dum Park Sarbojanin Durga Puja Samity,Dum Dum / South Dumdum,22.609145,88.398934,Mithai Sweets (Near Dum Dum Park Sarbojanin Durga Puja Samity),Sweets,750,0.75,180,Mishti Doi & Chanar Payesh,22.609758,88.391666
214,Dakshindari Youth,Dum Dum / South Dumdum,22.603012,88.394023,Mithai Sweets (Near Dakshindari Youth),Sweets,570,0.57,180,Mishti Doi & Chanar Payesh,22.608104,88.393158
214,Dakshindari Youth,Dum Dum / South Dumdum,22.603012,88.394023,Bhojohori Manna (Near Dakshindari Youth),Bengali Traditional,700,0.7,700,Chingri Malaikari & Kasha Mangsho,22.604774,88.387481
214,Dakshindari Youth,Dum Dum / South Dumdum,22.603012,88.394023,Royal Bengal Fast Food (Near Dakshindari Youth),Fast Food,680,0.68,220,Kolkata Egg Chicken Roll & Moglai Paratha,22.608715,88.391547
215,Dum Dum Tarun Dal,Dum Dum / South Dumdum,22.621012,88.379023,Chowman (Near Dum Dum Tarun Dal),Chinese,750,0.75,650,Chilli Garlic Noodles & Chicken Manchurian,22.614229,88.379019
215,Dum Dum Tarun Dal,Dum Dum / South Dumdum,22.621012,88.379023,Bhojohori Manna (Near Dum Dum Tarun Dal),Bengali Traditional,540,0.54,700,Chingri Malaikari & Kasha Mangsho,22.624194,88.383009
216,Dum Dum Tarun Sangha,Dum Dum / South Dumdum,22.620334,88.379412,Mithai Sweets (Near Dum Dum Tarun Sangha),Sweets,730,0.73,180,Mishti Doi & Chanar Payesh,22.61515,88.375013
216,Dum Dum Tarun Sangha,Dum Dum / South Dumdum,22.620334,88.379412,Nakur Chandra Sweets Outlet (Near Dum Dum Tarun Sangha),Bengali Sweets,760,0.76,200,Ghol & Jolbhora Sandesh,22.6171,88.385938
216,Dum Dum Tarun Sangha,Dum Dum / South Dumdum,22.620334,88.379412,Bhojohori Manna (Near Dum Dum Tarun Sangha),Bengali Traditional,800,0.8,700,Chingri Malaikari & Kasha Mangsho,22.624114,88.38605
217,Dum Dum Motijheel College Para Durga Puja,Dum Dum / South Dumdum,22.623012,88.382023,Bhojohori Manna (Near Dum Dum Motijheel College Para Durga Puja),Bengali Traditional,900,0.9,700,Chingri Malaikari & Kasha Mangsho,22.61504,88.380255
217,Dum Dum Motijheel College Para Durga Puja,Dum Dum / South Dumdum,22.623012,88.382023,Dada Boudi Biryani Outlet (Near Dum Dum Motijheel College Para Durga Puja),Famous Biryani,850,0.85,550,Signature Mutton Biryani with Big Aloo,22.620646,88.389894
217,Dum Dum Motijheel College Para Durga Puja,Dum Dum / South Dumdum,22.623012,88.382023,Mithai Sweets (Near Dum Dum Motijheel College Para Durga Puja),Sweets,900,0.9,180,Mishti Doi & Chanar Payesh,22.617502,88.388469
218,Dum Dum Park Bharat Mata Puja,Dum Dum / South Dumdum,22.610012,88.398023,Nakur Chandra Sweets Outlet (Near Dum Dum Park Bharat Mata Puja),Bengali Sweets,660,0.66,200,Ghol & Jolbhora Sandesh,22.614814,88.394208
218,Dum Dum Park Bharat Mata Puja,Dum Dum / South Dumdum,22.610012,88.398023,Bhojohori Manna (Near Dum Dum Park Bharat Mata Puja),Bengali Traditional,920,0.92,700,Chingri Malaikari & Kasha Mangsho,22.604288,88.391525
219,Nagerbazar Sarbojanin Durga Puja,Dum Dum / South Dumdum,22.628012,88.391023,Dada Boudi Biryani Outlet (Near Nagerbazar Sarbojanin Durga Puja),Famous Biryani,790,0.79,550,Signature Mutton Biryani with Big Aloo,22.626735,88.383458
219,Nagerbazar Sarbojanin Durga Puja,Dum Dum / South Dumdum,22.628012,88.391023,Royal Bengal Fast Food (Near Nagerbazar Sarbojanin Durga Puja),Fast Food,790,0.79,220,Kolkata Egg Chicken Roll & Moglai Paratha,22.631434,88.397772
219,Nagerbazar Sarbojanin Durga Puja,Dum Dum / South Dumdum,22.628012,88.391023,Bhojohori Manna (Near Nagerbazar Sarbojanin Durga Puja),Bengali Traditional,810,0.81,700,Chingri Malaikari & Kasha Mangsho,22.622664,88.385636
220,New Town Sarbojanin Durga Puja,New Town,22.586012,88.462023,Arsalan (Near New Town Sarbojanin Durga Puja),Mughlai,630,0.63,700,Mutton Biryani & Mutton Chaap,22.580897,88.459324
220,New Town Sarbojanin Durga Puja,New Town,22.586012,88.462023,Café Ekante (Near New Town Sarbojanin Durga Puja),Bengali Waterfront Dining,840,0.84,900,Bhetki Paturi & Posto Bora,22.588774,88.469636
220,New Town Sarbojanin Durga Puja,New Town,22.586012,88.462023,The Yellow Chilli (Near New Town Sarbojanin Durga Puja),North Indian,720,0.72,1100,Shaam Savera & Lalla Mussa Dal,22.58033,88.465445
221,"New Town Durga Puja Committee, BG Block",New Town,22.585334,88.462412,"Bhojohori Manna (Near New Town Durga Puja Committee, BG Block)",Bengali,880,0.88,750,Kosha Mangsho & Basanti Pulao,22.592321,88.458312
221,"New Town Durga Puja Committee, BG Block",New Town,22.585334,88.462412,"Haldiram's Bhujiawala (Near New Town Durga Puja Committee, BG Block)",North Indian & Snacks,920,0.92,400,Raj Kachori & Chole Bhature,22.584595,88.453496
221,"New Town Durga Puja Committee, BG Block",New Town,22.585334,88.462412,"Aminia (Near New Town Durga Puja Committee, BG Block)",Mughlai,550,0.55,650,Chicken Awadhi Biryani & Firni,22.588551,88.466494
222,AA 1D Sarbojanin Durga Puja,New Town,22.584645,88.461734,The Yellow Chilli (Near AA 1D Sarbojanin Durga Puja),North Indian,740,0.74,1100,Shaam Savera & Lalla Mussa Dal,22.579859,88.466766
222,AA 1D Sarbojanin Durga Puja,New Town,22.584645,88.461734,Haldiram's Bhujiawala (Near AA 1D Sarbojanin Durga Puja),North Indian & Snacks,970,0.97,400,Raj Kachori & Chole Bhature,22.57624,88.464076
223,BD Block Durga Puja,New Town,22.587012,88.465023,The Yellow Chilli (Near BD Block Durga Puja),North Indian,830,0.83,1100,Shaam Savera & Lalla Mussa Dal,22.589495,88.457402
223,BD Block Durga Puja,New Town,22.587012,88.465023,Haldiram's Bhujiawala (Near BD Block Durga Puja),North Indian & Snacks,640,0.64,400,Raj Kachori & Chole Bhature,22.581253,88.465641
223,BD Block Durga Puja,New Town,22.587012,88.465023,Café Ekante (Near BD Block Durga Puja),Bengali Waterfront Dining,960,0.96,900,Bhetki Paturi & Posto Bora,22.585438,88.474209
224,CD Block Durga Puja,New Town,22.586334,88.465412,Bhojohori Manna (Near CD Block Durga Puja),Bengali,840,0.84,750,Kosha Mangsho & Basanti Pulao,22.583548,88.457809
224,CD Block Durga Puja,New Town,22.586334,88.465412,Arsalan (Near CD Block Durga Puja),Mughlai,740,0.74,700,Mutton Biryani & Mutton Chaap,22.579695,88.466323
224,CD Block Durga Puja,New Town,22.586334,88.465412,Café Ekante (Near CD Block Durga Puja),Bengali Waterfront Dining,780,0.78,900,Bhetki Paturi & Posto Bora,22.592799,88.462376
225,DB Block Durga Puja,New Town,22.585645,88.464734,Aminia (Near DB Block Durga Puja),Mughlai,830,0.83,650,Chicken Awadhi Biryani & Firni,22.580183,88.470273
225,DB Block Durga Puja,New Town,22.585645,88.464734,Echoes Kolkata (Near DB Block Durga Puja),Modern Indian / Continental,970,0.97,1100,Cream Cheese Tikkas & Mocktails,22.589299,88.456154
225,DB Block Durga Puja,New Town,22.585645,88.464734,Haldiram's Bhujiawala (Near DB Block Durga Puja),North Indian & Snacks,960,0.96,400,Raj Kachori & Chole Bhature,22.588566,88.455938
226,BA Block Durga Puja,New Town,22.584012,88.464023,Echoes Kolkata (Near BA Block Durga Puja),Modern Indian / Continental,560,0.56,1100,Cream Cheese Tikkas & Mocktails,22.58851,88.461519
226,BA Block Durga Puja,New Town,22.584012,88.464023,Arsalan (Near BA Block Durga Puja),Mughlai,820,0.82,700,Mutton Biryani & Mutton Chaap,22.583888,88.456046
226,BA Block Durga Puja,New Town,22.584012,88.464023,The Yellow Chilli (Near BA Block Durga Puja),North Indian,620,0.62,1100,Shaam Savera & Lalla Mussa Dal,22.58665,88.4587
227,CG Block Durga Puja,New Town,22.583334,88.464412,Aminia (Near CG Block Durga Puja),Mughlai,800,0.8,650,Chicken Awadhi Biryani & Firni,22.577149,88.460373
227,CG Block Durga Puja,New Town,22.583334,88.464412,Chowman (Near CG Block Durga Puja),Chinese,630,0.63,700,Manchow Soup & Kung Pao Chicken,22.580584,88.459044
227,CG Block Durga Puja,New Town,22.583334,88.464412,Echoes Kolkata (Near CG Block Durga Puja),Modern Indian / Continental,760,0.76,1100,Cream Cheese Tikkas & Mocktails,22.578885,88.458776
228,B Block Durga Puja,New Town,22.582645,88.463734,Chowman (Near B Block Durga Puja),Chinese,670,0.67,700,Manchow Soup & Kung Pao Chicken,22.576677,88.464859
228,B Block Durga Puja,New Town,22.582645,88.463734,Bhojohori Manna (Near B Block Durga Puja),Bengali,830,0.83,750,Kosha Mangsho & Basanti Pulao,22.587521,88.469873
229,New Town Action Area 1 Puja Committee,New Town,22.581012,88.463023,Café Ekante (Near New Town Action Area 1 Puja Committee),Bengali Waterfront Dining,950,0.95,900,Bhetki Paturi & Posto Bora,22.587216,88.456629
229,New Town Action Area 1 Puja Committee,New Town,22.581012,88.463023,The Yellow Chilli (Near New Town Action Area 1 Puja Committee),North Indian,740,0.74,1100,Shaam Savera & Lalla Mussa Dal,22.583102,88.469862
230,AK Block Salt Lake Durga Puja,Salt Lake,22.589012,88.412023,Bhojohori Manna (Near AK Block Salt Lake Durga Puja),Bengali Cuisine,550,0.55,750,Bhetki Macher Paturi & Chitol Muitha,22.589596,88.406709
230,AK Block Salt Lake Durga Puja,Salt Lake,22.589012,88.412023,Oudh 1590 (Near AK Block Salt Lake Durga Puja),Awadhi,820,0.82,950,Awadhi Handi Biryani & Galawati Kebab,22.589839,88.419951
230,AK Block Salt Lake Durga Puja,Salt Lake,22.589012,88.412023,Balaram Mullick (Near AK Block Salt Lake Durga Puja),Iconic Sweets,860,0.86,250,Baked Mihidana & Steamed Sandesh,22.593597,88.405264
231,BD Block Sarbojanin Durgotsab,Salt Lake,22.587334,88.411412,Oudh 1590 (Near BD Block Sarbojanin Durgotsab),Awadhi,930,0.93,950,Awadhi Handi Biryani & Galawati Kebab,22.591115,88.419494
231,BD Block Sarbojanin Durgotsab,Salt Lake,22.587334,88.411412,Fly Kouzina (Near BD Block Sarbojanin Durgotsab),Vegetarian Continental,950,0.95,850,Crispy Corn & Pasta Alfredo,22.595834,88.411249
232,BJ Block Saradotsav,Salt Lake,22.584312,88.417823,Balaram Mullick (Near BJ Block Saradotsav),Iconic Sweets,960,0.96,250,Baked Mihidana & Steamed Sandesh,22.592073,88.413637
232,BJ Block Saradotsav,Salt Lake,22.584312,88.417823,Arsalan (Near BJ Block Saradotsav),Mughlai,930,0.93,700,Mutton Biryani & Murgh Rezala,22.592618,88.418344
232,BJ Block Saradotsav,Salt Lake,22.584312,88.417823,Bhojohori Manna (Near BJ Block Saradotsav),Bengali Cuisine,780,0.78,750,Bhetki Macher Paturi & Chitol Muitha,22.589823,88.42256
233,FD Block Durga Puja,Salt Lake,22.576534,88.411223,Chowman (Near FD Block Durga Puja),Chinese,770,0.77,700,Shanghai Chilli Chicken & Fried Rice,22.569575,88.411509
233,FD Block Durga Puja,Salt Lake,22.576534,88.411223,Fly Kouzina (Near FD Block Durga Puja),Vegetarian Continental,950,0.95,850,Crispy Corn & Pasta Alfredo,22.58163,88.403782
233,FD Block Durga Puja,Salt Lake,22.576534,88.411223,Bhojohori Manna (Near FD Block Durga Puja),Bengali Cuisine,740,0.74,750,Bhetki Macher Paturi & Chitol Muitha,22.578887,88.417962
234,HB Block Durga Puja,Salt Lake,22.582012,88.416023,Bhojohori Manna (Near HB Block Durga Puja),Bengali Cuisine,860,0.86,750,Bhetki Macher Paturi & Chitol Muitha,22.577373,88.409307
234,HB Block Durga Puja,Salt Lake,22.582012,88.416023,Arsalan (Near HB Block Durga Puja),Mughlai,850,0.85,700,Mutton Biryani & Murgh Rezala,22.589669,88.416754
235,EC Block Durga Puja,Salt Lake,22.581334,88.416412,Chowman (Near EC Block Durga Puja),Chinese,870,0.87,700,Shanghai Chilli Chicken & Fried Rice,22.584884,88.423966
235,EC Block Durga Puja,Salt Lake,22.581334,88.416412,Balaram Mullick (Near EC Block Durga Puja),Iconic Sweets,910,0.91,250,Baked Mihidana & Steamed Sandesh,22.587901,88.411076
235,EC Block Durga Puja,Salt Lake,22.581334,88.416412,Bhojohori Manna (Near EC Block Durga Puja),Bengali Cuisine,910,0.91,750,Bhetki Macher Paturi & Chitol Muitha,22.573232,88.415573
236,EE Block Durga Puja,Salt Lake,22.580645,88.415734,Gupta Brothers (Near EE Block Durga Puja),Sweets & North Indian,560,0.56,380,Kesaria Jalebi & Chole Bhature,22.585676,88.415108
236,EE Block Durga Puja,Salt Lake,22.580645,88.415734,Bhojohori Manna (Near EE Block Durga Puja),Bengali Cuisine,740,0.74,750,Bhetki Macher Paturi & Chitol Muitha,22.586801,88.412909
237,Salt Lake Labony Estate Durga Puja,Salt Lake,22.585012,88.414023,Chowman (Near Salt Lake Labony Estate Durga Puja),Chinese,630,0.63,700,Shanghai Chilli Chicken & Fried Rice,22.585146,88.407895
237,Salt Lake Labony Estate Durga Puja,Salt Lake,22.585012,88.414023,Fly Kouzina (Near Salt Lake Labony Estate Durga Puja),Vegetarian Continental,960,0.96,850,Crispy Corn & Pasta Alfredo,22.582228,88.42287
238,Behala Nutan Dal Durga Puja,Behala,22.489012,88.318023,Chowman (Near Behala Nutan Dal Durga Puja),Chinese,690,0.69,650,Drums of Heaven & Mixed Fried Rice,22.489548,88.324707
238,Behala Nutan Dal Durga Puja,Behala,22.489012,88.318023,Mithai Ghar (Near Behala Nutan Dal Durga Puja),Sweets & Morning Snacks,830,0.83,160,Radhaballabhi & Pantua,22.481682,88.319764
239,Behala Friends Durga Puja,Behala,22.493012,88.316023,Oudh 1590 (Near Behala Friends Durga Puja),Awadhi,750,0.75,950,Galawati Kebab & Shahi Biryani,22.498375,88.311558
239,Behala Friends Durga Puja,Behala,22.493012,88.316023,Mithai Ghar (Near Behala Friends Durga Puja),Sweets & Morning Snacks,840,0.84,160,Radhaballabhi & Pantua,22.490172,88.323598
240,Behala Club Durga Puja,Behala,22.492334,88.316412,Mithai Ghar (Near Behala Club Durga Puja),Sweets & Morning Snacks,690,0.69,160,Radhaballabhi & Pantua,22.493471,88.323008
240,Behala Club Durga Puja,Behala,22.492334,88.316412,Chowman (Near Behala Club Durga Puja),Chinese,970,0.97,650,Drums of Heaven & Mixed Fried Rice,22.483733,88.317688
241,Behala Young Men's Association Durga Puja,Behala,22.491645,88.315734,Mithai Ghar (Near Behala Young Men's Association Durga Puja),Sweets & Morning Snacks,710,0.71,160,Radhaballabhi & Pantua,22.485529,88.313632
241,Behala Young Men's Association Durga Puja,Behala,22.491645,88.315734,Kasturi Restaurant (Near Behala Young Men's Association Durga Puja),Bangladeshi / Bengali,740,0.74,650,Kachupata Chingri Bhapa & Bhetki Paturi,22.485138,88.314054
241,Behala Young Men's Association Durga Puja,Behala,22.491645,88.315734,Chowman (Near Behala Young Men's Association Durga Puja),Chinese,830,0.83,650,Drums of Heaven & Mixed Fried Rice,22.493125,88.323645
242,Barisha Club Durga Puja,Behala,22.482123,88.312034,Mithai Ghar (Near Barisha Club Durga Puja),Sweets & Morning Snacks,920,0.92,160,Radhaballabhi & Pantua,22.489366,88.316435
242,Barisha Club Durga Puja,Behala,22.482123,88.312034,Kasturi Restaurant (Near Barisha Club Durga Puja),Bangladeshi / Bengali,730,0.73,650,Kachupata Chingri Bhapa & Bhetki Paturi,22.480232,88.305234
243,Barisha Janakalyan Sangha Durga Puja,Behala,22.480012,88.309023,Kasturi Restaurant (Near Barisha Janakalyan Sangha Durga Puja),Bangladeshi / Bengali,550,0.55,650,Kachupata Chingri Bhapa & Bhetki Paturi,22.475259,88.307446
243,Barisha Janakalyan Sangha Durga Puja,Behala,22.480012,88.309023,Bhojohori Manna (Near Barisha Janakalyan Sangha Durga Puja),Traditional Bengali,750,0.75,750,Ilish Bhapa & Kochi Panthar Jhol,22.473925,88.305807
244,Mudiali Club Durga Puja,South Kolkata,22.513512,88.349634,Bedwin (Near Mudiali Club Durga Puja),Fast Food Roll Corner,910,0.91,200,Kathi Chicken Egg Roll,22.505826,88.352796
244,Mudiali Club Durga Puja,South Kolkata,22.513512,88.349634,Bhojohori Manna (Near Mudiali Club Durga Puja),Traditional Bengali,830,0.83,750,"Ilish Bhapa, Kosha Mangsho & Basanti Pulao",22.511963,88.341737
245,Hazra Park Sarbojanin Durga Puja,South Kolkata,22.524012,88.346023,Balaram Mullick & Radharaman Mullick (Near Hazra Park Sarbojanin Durga Puja),Iconic Mishti,550,0.55,250,Baked Rosogolla & Mango Sandesh,22.527372,88.349966
245,Hazra Park Sarbojanin Durga Puja,South Kolkata,22.524012,88.346023,Koshe Kosha (Near Hazra Park Sarbojanin Durga Puja),Authentic Bengali,710,0.71,700,Kosha Mangsho with Luchi,22.518102,88.343324
245,Hazra Park Sarbojanin Durga Puja,South Kolkata,22.524012,88.346023,Roastery Coffee House (Near Hazra Park Sarbojanin Durga Puja),Cafe & Continental,780,0.78,800,Cranberry Cold Brew & Mac and Cheese,22.520722,88.339313
246,Bosepukur Sitala Mandir Durga Puja,South Kolkata,22.515512,88.384234,6 Ballygunge Place (Near Bosepukur Sitala Mandir Durga Puja),Heritage Bengali,900,0.9,1100,Dab Chingri & Kosha Mangsho,22.515297,88.375485
246,Bosepukur Sitala Mandir Durga Puja,South Kolkata,22.515512,88.384234,Roastery Coffee House (Near Bosepukur Sitala Mandir Durga Puja),Cafe & Continental,790,0.79,800,Cranberry Cold Brew & Mac and Cheese,22.522369,88.386391
246,Bosepukur Sitala Mandir Durga Puja,South Kolkata,22.515512,88.384234,Arsalan (Near Bosepukur Sitala Mandir Durga Puja),Mughlai,680,0.68,750,Mutton Special Biryani & Firni,22.521175,88.386813
247,Rajdanga Naba Udayan Sangha Durga Puja,South Kolkata,22.511012,88.389023,Balaram Mullick & Radharaman Mullick (Near Rajdanga Naba Udayan Sangha Durga Puja),Iconic Mishti,530,0.53,250,Baked Rosogolla & Mango Sandesh,22.506983,88.391815
247,Rajdanga Naba Udayan Sangha Durga Puja,South Kolkata,22.511012,88.389023,Banana Leaf (Near Rajdanga Naba Udayan Sangha Durga Puja),South Indian,870,0.87,350,Ghee Roast Masala Dosa & Filter Coffee,22.511793,88.380605
248,Shibmandir Durga Puja,South Kolkata,22.515234,88.350845,The Yellow Turtle (Near Shibmandir Durga Puja),Pan-Asian,920,0.92,850,Dim Sums & Hakka Noodles,22.522167,88.345899
248,Shibmandir Durga Puja,South Kolkata,22.515234,88.350845,Roastery Coffee House (Near Shibmandir Durga Puja),Cafe & Continental,690,0.69,800,Cranberry Cold Brew & Mac and Cheese,22.512674,88.344726
248,Shibmandir Durga Puja,South Kolkata,22.515234,88.350845,Bijoli Grill (Near Shibmandir Durga Puja),Bengali Seafood & Snacks,820,0.82,500,Bhetki Fish Batter Fry & Prawn Cutlet,22.508043,88.348896
