pandal_id,pandal_name,region,established_era,pandal_art_type,art_philosophy,recent_and_current_themes,past_notable_themes,idol_sculpture_style,craftsmanship_and_materials,detailed_cultural_description,awards_and_accolades,latitude,longitude,facebook_page_url,instagram_handle,nearest_metro_station,special_attractions,visitor_tips_and_timing
1,Ahiritola Jubak Brinda Durga Puja,North Kolkata,1971 (Over 50 Years),Narrative Folk & Contemporary Theme,"Bridging North Kolkata historical heritage with deeply progressive socio-cultural dialogues, using light and shadow as visual metaphors of human enlightenment.",2025: Roshnai (The Soul of Light & Shadow) | 2024: Somoyer Chonde (Rhythms of Time) | 2023: Banglar Lok Shilpo (Bengal Folk Art),2025: Roshnai | 2024: Somoyer Chonde | 2023: Banglar Lok Shilpo | 2022: Antarshakti | 2018: Street Wall Graffiti on Water Scarcity,"Contemporary clay idol sculpted by master artists like Naba Kumar Paul, balancing classical iconography with expressive theatrical features.","Dynamic kinetic lighting installations, bamboo framework, hand-painted murals, jute fibers, and recycled urban textures.","Situated right next to the Ahiritola Ghat in the historic riverside district, Ahiritola Jubak Brinda seamlessly blends neighbourhood intimacy with expansive public art installations. Their pandals frequently spotlight pressing social concerns such as environmental sustainability, women empowerment, and Bengal's living folk artisan heritage.","Asian Paints Sharad Samman, Biswa Bangla Sharad Samman (Best Theme & Execution)",22.596201,88.358241,https://www.facebook.com/AhiritolaJubakBrinda/,@ahiritolajubakbrindadurg_kolkata,Shobhabazar Sutanuti,"Live demonstrations by rural Bengal folk craftspeople, sustainable natural installations (Dokra, Terracotta, Handloom), and rustic atmospheric village ambiance.","Visit during daytime (11:00 AM - 3:00 PM) to appreciate the natural colors, textures, and daylight detailing of the handicrafts."
2,Amherst Sarbojanin Durgotsab,North Kolkata,1972 (Over 54 Years),Grand Architectural Temple Replica,Bringing timeless sacred architecture from across the Indian subcontinent to Kolkata’s doorstep through meticulous sculptural imitation and light engineering.,2025: Grand Dravidian Temple of South India | 2024: Khajuraho Stone Carving Replica | 2023: Jagannath Puri Shrimandir Architecture,2025: Dravidian Temple | 2024: Khajuraho | 2023: Puri Shrimandir | 2022: Sun Temple Modhera | 2021: Golden Temple Amritsar,Majestic classical clay idol draped in opulent brocade and Benarasi silks with handcrafted filigree crowns.,"Thermocol relief panels, plaster carvings, fiberglass moldings, and extensive computer-controlled Chandannagar illumination gates.","Amherst Sarbojanin Durgotsab in North Kolkata dazzles festive crowds with its monumental architectural reproductions. Recreating historic temples and palaces down to the finest stone carving detail, it stands as a visual marvel that draws visitors from across Bengal.",Biswa Bangla Sharad Samman (Best Pandal Architecture & Lighting),22.584012,88.367345,https://www.facebook.com/AmherstSarbojaninDurgotsabKolkata/,@amherstsarbojanindurgots_kolkata,Mahatma Gandhi Road,"Colossal monumental architectural facade, dazzling 3D illuminated lighting gates by Chandannagar electrical artisans, and gold/jewel-adorned divine idol.",Expect very high footfall; visit during late midnight (1:30 AM to 4:30 AM) on Tritiya or Chaturthi to marvel at the exterior lighting with shorter lines.
3,Aswiningar Sarbojanin Durgotsav,North Kolkata,1983 (Over 43 Years),Handloom & Traditional Handicraft Showcase,"Reviving endangered handloom weaves, bell-metal artistry, and indigenous handcraft traditions into a tactile visual sanctuary.",2025: Tant-O-Tanti (Tribute to Bengal Handloom Weavers) | 2024: Dokra O Pittol (Lost-Wax Bell Metal Magic) | 2023: Kantha-Stitch & Jamdani Odyssey,2025: Tant-O-Tanti | 2024: Dokra O Pittol | 2023: Kantha-Stitch Odyssey | 2022: Purulia Chhau Art | 2021: Shantiniketan Leather Craft,Artisan clay sculpture draped in authentic hand-woven Jamdani and Baluchari silk with bell-metal jewelry.,"Handloom wooden shuttle looms, thousands of yarn spools, Dokra brass castings, natural dyed cotton, and soft ambient flute ragas.","Aswiningar Sarbojanin Durgotsav in North Kolkata transforms its puja pavilion into an ode to Bengal’s hereditary weavers and metalworkers. Every nook of the pandal features genuine handcrafted textures, providing livelihoods to rural craftspeople and enchanting visitors with textile elegance.",Biswa Bangla Sharad Samman (Best Handicraft Craftsmanship),22.612234,88.365123,https://www.facebook.com/AswiningarSarbojaninDurgotsavKolkata/,@aswiningarsarbojanindurg_kolkata,Shyambazar,"Heritage Ekchala Pratima with authentic Sholar/Daker Saaj, traditional Kumari Puja, grand Bijoya Dashami Sindur Khela, and royal Dhunuchi Nach.",Visit early morning around 7:00 AM - 10:00 AM during Pushpanjali or late afternoon to experience tranquil heritage rituals without massive theme queues.
4,Baghbazar Palli Puja O Pradarshani,North Kolkata,1919 (Century-old heritage),Heritage Traditional Sabeki,"Uncompromising adherence to classical Bengal barowari aesthetic; rejects modern conceptual installations in favor of immortal serenity, pristine white Sholar Saaj, and timeless devotional purity.","Everlasting Sabeki Pratima, Traditional Chandimandap Architecture, and Immortal Bengal Iconography.",2024: Century of Sabeki Heritage | 2023: Eternal Bengal Classical Splendor | 2022: Centennial Devotion & Sholar Saaj | Past: Pure Traditional Bengali Barowari,"Classic Ekchala Pratima adorned in intricate Sholar Saaj (pith work) and silver ornaments, with almond-shaped Trayanani eyes and majestic feline lion.","Clay sourced from the holy Ganges, organic chalk base paints, pure Shola (pith) filigree craft, and classical brass mangal-ghats.","Baghbazar Sarbojanin represents the soul of North Kolkata barowari culture. Established in 1919, it was one of the earliest community pujas associated with freedom fighters including Netaji Subhas Chandra Bose. The puja is globally renowned for its grand sabeki immersion procession on Dashami, the spectacular Sindur Khela, and the massive Birashtami exhibition ground beside the Hooghly river.","Biswa Bangla Sharad Samman (Heritage Category), All-Time Kolkata Heritage Icon",22.603345,88.366289,https://www.facebook.com/baghbazarsarbojanin/,@baghbazarpallipujaoprada_kolkata,Shyambazar,"Heritage Ekchala Pratima with authentic Sholar/Daker Saaj, traditional Kumari Puja, grand Bijoya Dashami Sindur Khela, and royal Dhunuchi Nach.",Visit early morning around 7:00 AM - 10:00 AM during Pushpanjali or late afternoon to experience tranquil heritage rituals without massive theme queues.
5,Bandhudal Durgotsob,North Kolkata,2005 (Over 21 Years),Thought-Provoking Social Theme Installation,"Using the public pandal as a canvas for social awakening, mental health discourse, environmental preservation, and women’s empowerment.",2025: Muktir Alo (Light of Liberation & Mental Well-being) | 2024: Jal-Dharoni (Water Conservation & Future Generations) | 2023: Nari Shakti (The Divine Feminine in Modern Times),2025: Muktir Alo | 2024: Jal-Dharoni | 2023: Nari Shakti | 2022: Somoyer Ayna | 2021: Punorutthan,Modern contemporary clay idol sculpted with empathetic figurative expressions that reflect the resilience of modern women.,"Recycled metal wires, earthen kulhars, distressed wood planks, kinetic light installations, and thematic voiceover soundscapes.","Bandhudal Durgotsob in North Kolkata stands out for its bold, socially conscious conceptual installations. The puja committee uses modern installation art to provoke thought on contemporary humanitarian and environmental issues while maintaining deep spiritual reverence.","Asian Paints Sharad Samman (Creative Concept), Biswa Bangla Social Awareness Award",22.603812,88.361534,https://www.facebook.com/BandhudalDurgotsobKolkata/,@bandhudaldurgotsob_kolkata,Shyambazar,"Experimental contemporary installation art, immersive spatial audio-visual storytelling, conceptual clay sculptures, and social reflection galleries.",Best experienced in the evening between 8:00 PM and midnight when thematic illumination and ambient acoustic soundscapes create an immersive sensory experience.
6,Beadon Street Sarbojanin Durgotsav,North Kolkata,1951 (Over 75 Years),Eco-Friendly Vernacular Folk Art,Celebration of Bengal’s rural artisanal heritage and ecological harmony; utilizing sustainable organic raw materials to recreate village courtyards and tribal sanctuaries.,"2025: Banglar Mati, Banglar Haat (Folk Bazaar of Bengal) | 2024: Shobujer Prarthana (Ode to Green Earth) | 2023: Lok-Shilpo O Gramin Jibon",2025: Banglar Mati | 2024: Shobujer Prarthana | 2023: Lok-Shilpo | 2022: Patachitra Akhyan | 2021: Matir Gandho,"Terracotta-finished earthen clay idol with serene rustic expressions, painted with organic turmeric and chalk pigments.","Untreated bamboo strips, natural jute burlap, Bankura terracotta tiles, dry date-palm weaves, and warm incandescent glow.","Beadon Street Sarbojanin Durgotsav in North Kolkata is renowned for its organic, sustainable theme approach. Embracing rural folk heritage, the pandal transports urban visitors into the peaceful sanctuary of a Bengal village, highlighting forgotten indigenous crafts and eco-friendly craftsmanship.",Biswa Bangla Sharad Samman (Eco-Friendly / Handicraft Category),22.611623,88.371745,https://www.facebook.com/BeadonStreetSarbojaninDurgotsavKolkata/,@beadonstreetsarbojanindu_kolkata,Shyambazar,"Live demonstrations by rural Bengal folk craftspeople, sustainable natural installations (Dokra, Terracotta, Handloom), and rustic atmospheric village ambiance.","Visit during daytime (11:00 AM - 3:00 PM) to appreciate the natural colors, textures, and daylight detailing of the handicrafts."
7,Belgachia Sadharan Durgotsab,North Kolkata,1962 (Over 64 Years),Grand Architectural Temple Replica,Bringing timeless sacred architecture from across the Indian subcontinent to Kolkata’s doorstep through meticulous sculptural imitation and light engineering.,2025: Grand Dravidian Temple of South India | 2024: Khajuraho Stone Carving Replica | 2023: Jagannath Puri Shrimandir Architecture,2025: Dravidian Temple | 2024: Khajuraho | 2023: Puri Shrimandir | 2022: Sun Temple Modhera | 2021: Golden Temple Amritsar,Majestic classical clay idol draped in opulent brocade and Benarasi silks with handcrafted filigree crowns.,"Thermocol relief panels, plaster carvings, fiberglass moldings, and extensive computer-controlled Chandannagar illumination gates.","Belgachia Sadharan Durgotsab in North Kolkata dazzles festive crowds with its monumental architectural reproductions. Recreating historic temples and palaces down to the finest stone carving detail, it stands as a visual marvel that draws visitors from across Bengal.",Biswa Bangla Sharad Samman (Best Pandal Architecture & Lighting),22.595412,88.381923,https://www.facebook.com/BelgachiaSadharanDurgotsabKolkata/,@belgachiasadharandurgots_kolkata,Shyambazar,"Colossal monumental architectural facade, dazzling 3D illuminated lighting gates by Chandannagar electrical artisans, and gold/jewel-adorned divine idol.",Expect very high footfall; visit during late midnight (1:30 AM to 4:30 AM) on Tritiya or Chaturthi to marvel at the exterior lighting with shorter lines.
8,Belgachia Yuba Sammilani Durga Puja,North Kolkata,1973 (Over 53 Years),Handloom & Traditional Handicraft Showcase,"Reviving endangered handloom weaves, bell-metal artistry, and indigenous handcraft traditions into a tactile visual sanctuary.",2025: Tant-O-Tanti (Tribute to Bengal Handloom Weavers) | 2024: Dokra O Pittol (Lost-Wax Bell Metal Magic) | 2023: Kantha-Stitch & Jamdani Odyssey,2025: Tant-O-Tanti | 2024: Dokra O Pittol | 2023: Kantha-Stitch Odyssey | 2022: Purulia Chhau Art | 2021: Shantiniketan Leather Craft,Artisan clay sculpture draped in authentic hand-woven Jamdani and Baluchari silk with bell-metal jewelry.,"Handloom wooden shuttle looms, thousands of yarn spools, Dokra brass castings, natural dyed cotton, and soft ambient flute ragas.","Belgachia Yuba Sammilani Durga Puja in North Kolkata transforms its puja pavilion into an ode to Bengal’s hereditary weavers and metalworkers. Every nook of the pandal features genuine handcrafted textures, providing livelihoods to rural craftspeople and enchanting visitors with textile elegance.",Biswa Bangla Sharad Samman (Best Handicraft Craftsmanship),22.603234,88.368145,https://www.facebook.com/BelgachiaYubaSammilaniDurgaPujaKolkata/,@belgachiayubasammilanidu_kolkata,Shyambazar,"Heritage Ekchala Pratima with authentic Sholar/Daker Saaj, traditional Kumari Puja, grand Bijoya Dashami Sindur Khela, and royal Dhunuchi Nach.",Visit early morning around 7:00 AM - 10:00 AM during Pushpanjali or late afternoon to experience tranquil heritage rituals without massive theme queues.
9,Bhagabati Park Durga Puja Committee,North Kolkata,1984 (Over 42 Years),Heritage Traditional Sabeki,"Preservation of classical 19th-century zamindari and colonial Bengal devotional aesthetics, championing timeless Ekchala purity over modern conceptual gimmicks.",Timeless Sabeki Ekchala Protima with traditional Chandimandap architecture and thakur-dalan ambiance.,Nine decades of uncompromised classical Ekchala barowari traditions and devotion.,"Classic Ekchala idol adorned in shimmering Daker Saaj (pith and silver foil work), sporting fish-shaped elongated Trayanani eyes and royal lion mount.","Hooghly river clay, sholapith filigree work, beaten brass vessels, handcrafted wooden pillars, and traditional chandeliers.","Bhagabati Park Durga Puja Committee in North Kolkata is a proud custodian of traditional Sabeki heritage. Eschewing transient modern themes, it preserves the authentic spiritual ambiance of classic Bengal, marked by reverberating dhak beats, fragrant dhuno incense, and family-centered community devotion.",Biswa Bangla Sharad Samman (Heritage Tradition Category),22.611012,88.378323,https://www.facebook.com/BhagabatiParkDurgaPujaCommitteeKolkata/,@bhagabatiparkdurgapujaco_kolkata,Shyambazar,"Heritage Ekchala Pratima with authentic Sholar/Daker Saaj, traditional Kumari Puja, grand Bijoya Dashami Sindur Khela, and royal Dhunuchi Nach.",Visit early morning around 7:00 AM - 10:00 AM during Pushpanjali or late afternoon to experience tranquil heritage rituals without massive theme queues.
10,Bharatiya Tarun Sangha Durga Puja,North Kolkata,1995 (Over 31 Years),Thought-Provoking Social Theme Installation,"Using the public pandal as a canvas for social awakening, mental health discourse, environmental preservation, and women’s empowerment.",2025: Muktir Alo (Light of Liberation & Mental Well-being) | 2024: Jal-Dharoni (Water Conservation & Future Generations) | 2023: Nari Shakti (The Divine Feminine in Modern Times),2025: Muktir Alo | 2024: Jal-Dharoni | 2023: Nari Shakti | 2022: Somoyer Ayna | 2021: Punorutthan,Modern contemporary clay idol sculpted with empathetic figurative expressions that reflect the resilience of modern women.,"Recycled metal wires, earthen kulhars, distressed wood planks, kinetic light installations, and thematic voiceover soundscapes.","Bharatiya Tarun Sangha Durga Puja in North Kolkata stands out for its bold, socially conscious conceptual installations. The puja committee uses modern installation art to provoke thought on contemporary humanitarian and environmental issues while maintaining deep spiritual reverence.","Asian Paints Sharad Samman (Creative Concept), Biswa Bangla Social Awareness Award",22.594823,88.364534,https://www.facebook.com/BharatiyaTarunSanghaDurgaPujaKolkata/,@bharatiyatarunsanghadurg_kolkata,Shyambazar,"Experimental contemporary installation art, immersive spatial audio-visual storytelling, conceptual clay sculptures, and social reflection galleries.",Best experienced in the evening between 8:00 PM and midnight when thematic illumination and ambient acoustic soundscapes create an immersive sensory experience.
11,Brindaban Matri Mandir Durga Puja,North Kolkata,2006 (Over 20 Years),Eco-Friendly Vernacular Folk Art,Celebration of Bengal’s rural artisanal heritage and ecological harmony; utilizing sustainable organic raw materials to recreate village courtyards and tribal sanctuaries.,"2025: Banglar Mati, Banglar Haat (Folk Bazaar of Bengal) | 2024: Shobujer Prarthana (Ode to Green Earth) | 2023: Lok-Shilpo O Gramin Jibon",2025: Banglar Mati | 2024: Shobujer Prarthana | 2023: Lok-Shilpo | 2022: Patachitra Akhyan | 2021: Matir Gandho,"Terracotta-finished earthen clay idol with serene rustic expressions, painted with organic turmeric and chalk pigments.","Untreated bamboo strips, natural jute burlap, Bankura terracotta tiles, dry date-palm weaves, and warm incandescent glow.","Brindaban Matri Mandir Durga Puja in North Kolkata is renowned for its organic, sustainable theme approach. Embracing rural folk heritage, the pandal transports urban visitors into the peaceful sanctuary of a Bengal village, highlighting forgotten indigenous crafts and eco-friendly craftsmanship.",Biswa Bangla Sharad Samman (Eco-Friendly / Handicraft Category),22.602645,88.374712,https://www.facebook.com/BrindabanMatriMandirDurgaPujaKolkata/,@brindabanmatrimandirdurg_kolkata,Shyambazar,"Live demonstrations by rural Bengal folk craftspeople, sustainable natural installations (Dokra, Terracotta, Handloom), and rustic atmospheric village ambiance.","Visit during daytime (11:00 AM - 3:00 PM) to appreciate the natural colors, textures, and daylight detailing of the handicrafts."
12,Calcutta Youth Forum,North Kolkata,1952 (Over 74 Years),Grand Architectural Temple Replica,Bringing timeless sacred architecture from across the Indian subcontinent to Kolkata’s doorstep through meticulous sculptural imitation and light engineering.,2025: Grand Dravidian Temple of South India | 2024: Khajuraho Stone Carving Replica | 2023: Jagannath Puri Shrimandir Architecture,2025: Dravidian Temple | 2024: Khajuraho | 2023: Puri Shrimandir | 2022: Sun Temple Modhera | 2021: Golden Temple Amritsar,Majestic classical clay idol draped in opulent brocade and Benarasi silks with handcrafted filigree crowns.,"Thermocol relief panels, plaster carvings, fiberglass moldings, and extensive computer-controlled Chandannagar illumination gates.","Calcutta Youth Forum in North Kolkata dazzles festive crowds with its monumental architectural reproductions. Recreating historic temples and palaces down to the finest stone carving detail, it stands as a visual marvel that draws visitors from across Bengal.",Biswa Bangla Sharad Samman (Best Pandal Architecture & Lighting),22.610412,88.360934,https://www.facebook.com/CalcuttaYouthForumKolkata/,@calcuttayouthforum_kolkata,Shyambazar,"Colossal monumental architectural facade, dazzling 3D illuminated lighting gates by Chandannagar electrical artisans, and gold/jewel-adorned divine idol.",Expect very high footfall; visit during late midnight (1:30 AM to 4:30 AM) on Tritiya or Chaturthi to marvel at the exterior lighting with shorter lines.
13,Campbagan Sadharan Durgotsav,North Kolkata,1963 (Over 63 Years),Handloom & Traditional Handicraft Showcase,"Reviving endangered handloom weaves, bell-metal artistry, and indigenous handcraft traditions into a tactile visual sanctuary.",2025: Tant-O-Tanti (Tribute to Bengal Handloom Weavers) | 2024: Dokra O Pittol (Lost-Wax Bell Metal Magic) | 2023: Kantha-Stitch & Jamdani Odyssey,2025: Tant-O-Tanti | 2024: Dokra O Pittol | 2023: Kantha-Stitch Odyssey | 2022: Purulia Chhau Art | 2021: Shantiniketan Leather Craft,Artisan clay sculpture draped in authentic hand-woven Jamdani and Baluchari silk with bell-metal jewelry.,"Handloom wooden shuttle looms, thousands of yarn spools, Dokra brass castings, natural dyed cotton, and soft ambient flute ragas.","Campbagan Sadharan Durgotsav in North Kolkata transforms its puja pavilion into an ode to Bengal’s hereditary weavers and metalworkers. Every nook of the pandal features genuine handcrafted textures, providing livelihoods to rural craftspeople and enchanting visitors with textile elegance.",Biswa Bangla Sharad Samman (Best Handicraft Craftsmanship),22.594234,88.371123,https://www.facebook.com/CampbaganSadharanDurgotsavKolkata/,@campbagansadharandurgots_kolkata,Shyambazar,"Heritage Ekchala Pratima with authentic Sholar/Daker Saaj, traditional Kumari Puja, grand Bijoya Dashami Sindur Khela, and royal Dhunuchi Nach.",Visit early morning around 7:00 AM - 10:00 AM during Pushpanjali or late afternoon to experience tranquil heritage rituals without massive theme queues.
14,Chaltabagan Lohapatty Durga Puja,North Kolkata,1943,"Communal Harmony, Glass & Brass Craftsmanship","Spreading interfaith harmony, peace, and universal brotherhood through mesmerizing light art and intricate industrial handcraft.",2025: Shanti Tirtha (Shrine of Universal Peace) | 2024: Glass & Brass Symphony | 2023: Solar Harmony & Renewable Spirit,2025: Shanti Tirtha | 2024: Glass & Brass Symphony | 2023: Solar Energy | 2022: 80th Year Celebration | 2020: Dhak & Brass Bells,"Traditional North Kolkata Durga idol with benevolent expressive eyes, adorned in brass and crystal embellishments.","Hand-cut stained glass, antique brass bells, recycled iron sheets from Lohapatty trade, and Chandannagar chandeliers.","Founded in 1943 during World War II, Manicktala Chaltabagan Lohapatty puja has long been a symbol of communal amity. Famous for hosting traditional Dhunuchi Nach competitions with diplomatic dignitaries, it unites local merchant craft with grand festive exuberance.","Biswa Bangla Sharad Samman (Communal Harmony & Craft), Asian Paints Sharad Samman",22.584123,88.369512,https://www.facebook.com/manicktalamanicktala/,@chaltabaganlohapattydurg_kolkata,Girish Park,"Experimental contemporary installation art, immersive spatial audio-visual storytelling, conceptual clay sculptures, and social reflection galleries.",Best experienced in the evening between 8:00 PM and midnight when thematic illumination and ambient acoustic soundscapes create an immersive sensory experience.
15,Chorebagan Sarbojanin Durgotsab Samity,North Kolkata,1985 (Over 41 Years),Thought-Provoking Social Theme Installation,"Using the public pandal as a canvas for social awakening, mental health discourse, environmental preservation, and women’s empowerment.",2025: Muktir Alo (Light of Liberation & Mental Well-being) | 2024: Jal-Dharoni (Water Conservation & Future Generations) | 2023: Nari Shakti (The Divine Feminine in Modern Times),2025: Muktir Alo | 2024: Jal-Dharoni | 2023: Nari Shakti | 2022: Somoyer Ayna | 2021: Punorutthan,Modern contemporary clay idol sculpted with empathetic figurative expressions that reflect the resilience of modern women.,"Recycled metal wires, earthen kulhars, distressed wood planks, kinetic light installations, and thematic voiceover soundscapes.","Chorebagan Sarbojanin Durgotsab Samity in North Kolkata stands out for its bold, socially conscious conceptual installations. The puja committee uses modern installation art to provoke thought on contemporary humanitarian and environmental issues while maintaining deep spiritual reverence.","Asian Paints Sharad Samman (Creative Concept), Biswa Bangla Social Awareness Award",22.609845,88.367523,https://www.facebook.com/ChorebaganSarbojaninDurgotsabSamityKolkata/,@chorebagansarbojanindurg_kolkata,Shyambazar,"Experimental contemporary installation art, immersive spatial audio-visual storytelling, conceptual clay sculptures, and social reflection galleries.",Best experienced in the evening between 8:00 PM and midnight when thematic illumination and ambient acoustic soundscapes create an immersive sensory experience.
16,Cossipore Shakti Sangha Durga Puja,North Kolkata,1996 (Over 30 Years),Eco-Friendly Vernacular Folk Art,Celebration of Bengal’s rural artisanal heritage and ecological harmony; utilizing sustainable organic raw materials to recreate village courtyards and tribal sanctuaries.,"2025: Banglar Mati, Banglar Haat (Folk Bazaar of Bengal) | 2024: Shobujer Prarthana (Ode to Green Earth) | 2023: Lok-Shilpo O Gramin Jibon",2025: Banglar Mati | 2024: Shobujer Prarthana | 2023: Lok-Shilpo | 2022: Patachitra Akhyan | 2021: Matir Gandho,"Terracotta-finished earthen clay idol with serene rustic expressions, painted with organic turmeric and chalk pigments.","Untreated bamboo strips, natural jute burlap, Bankura terracotta tiles, dry date-palm weaves, and warm incandescent glow.","Cossipore Shakti Sangha Durga Puja in North Kolkata is renowned for its organic, sustainable theme approach. Embracing rural folk heritage, the pandal transports urban visitors into the peaceful sanctuary of a Bengal village, highlighting forgotten indigenous crafts and eco-friendly craftsmanship.",Biswa Bangla Sharad Samman (Eco-Friendly / Handicraft Category),22.593612,88.377734,https://www.facebook.com/CossiporeShaktiSanghaDurgaPujaKolkata/,@cossiporeshaktisanghadur_kolkata,Shyambazar,"Live demonstrations by rural Bengal folk craftspeople, sustainable natural installations (Dokra, Terracotta, Handloom), and rustic atmospheric village ambiance.","Visit during daytime (11:00 AM - 3:00 PM) to appreciate the natural colors, textures, and daylight detailing of the handicrafts."
17,Dakshin Rabindrapally Sarbojanin Durga Puja,North Kolkata,2007 (Over 19 Years),Grand Architectural Temple Replica,Bringing timeless sacred architecture from across the Indian subcontinent to Kolkata’s doorstep through meticulous sculptural imitation and light engineering.,2025: Grand Dravidian Temple of South India | 2024: Khajuraho Stone Carving Replica | 2023: Jagannath Puri Shrimandir Architecture,2025: Dravidian Temple | 2024: Khajuraho | 2023: Puri Shrimandir | 2022: Sun Temple Modhera | 2021: Golden Temple Amritsar,Majestic classical clay idol draped in opulent brocade and Benarasi silks with handcrafted filigree crowns.,"Thermocol relief panels, plaster carvings, fiberglass moldings, and extensive computer-controlled Chandannagar illumination gates.","Dakshin Rabindrapally Sarbojanin Durga Puja in North Kolkata dazzles festive crowds with its monumental architectural reproductions. Recreating historic temples and palaces down to the finest stone carving detail, it stands as a visual marvel that draws visitors from across Bengal.",Biswa Bangla Sharad Samman (Best Pandal Architecture & Lighting),22.601423,88.363945,https://www.facebook.com/DakshinRabindrapallySarbojaninDurgaPujaKolkata/,@dakshinrabindrapallysarb_kolkata,Shyambazar,"Colossal monumental architectural facade, dazzling 3D illuminated lighting gates by Chandannagar electrical artisans, and gold/jewel-adorned divine idol.",Expect very high footfall; visit during late midnight (1:30 AM to 4:30 AM) on Tritiya or Chaturthi to marvel at the exterior lighting with shorter lines.
18,Darjeepara Sarbojanin Durgotsab Samity,North Kolkata,1953 (Over 73 Years),Handloom & Traditional Handicraft Showcase,"Reviving endangered handloom weaves, bell-metal artistry, and indigenous handcraft traditions into a tactile visual sanctuary.",2025: Tant-O-Tanti (Tribute to Bengal Handloom Weavers) | 2024: Dokra O Pittol (Lost-Wax Bell Metal Magic) | 2023: Kantha-Stitch & Jamdani Odyssey,2025: Tant-O-Tanti | 2024: Dokra O Pittol | 2023: Kantha-Stitch Odyssey | 2022: Purulia Chhau Art | 2021: Shantiniketan Leather Craft,Artisan clay sculpture draped in authentic hand-woven Jamdani and Baluchari silk with bell-metal jewelry.,"Handloom wooden shuttle looms, thousands of yarn spools, Dokra brass castings, natural dyed cotton, and soft ambient flute ragas.","Darjeepara Sarbojanin Durgotsab Samity in North Kolkata transforms its puja pavilion into an ode to Bengal’s hereditary weavers and metalworkers. Every nook of the pandal features genuine handcrafted textures, providing livelihoods to rural craftspeople and enchanting visitors with textile elegance.",Biswa Bangla Sharad Samman (Best Handicraft Craftsmanship),22.609212,88.374123,https://www.facebook.com/DarjeeparaSarbojaninDurgotsabSamityKolkata/,@darjeeparasarbojanindurg_kolkata,Shyambazar,"Heritage Ekchala Pratima with authentic Sholar/Daker Saaj, traditional Kumari Puja, grand Bijoya Dashami Sindur Khela, and royal Dhunuchi Nach.",Visit early morning around 7:00 AM - 10:00 AM during Pushpanjali or late afternoon to experience tranquil heritage rituals without massive theme queues.
19,Deshbandhunagar Sarbojanin Durgotsab,North Kolkata,1964 (Over 62 Years),Heritage Traditional Sabeki,"Preservation of classical 19th-century zamindari and colonial Bengal devotional aesthetics, championing timeless Ekchala purity over modern conceptual gimmicks.",Timeless Sabeki Ekchala Protima with traditional Chandimandap architecture and thakur-dalan ambiance.,Nine decades of uncompromised classical Ekchala barowari traditions and devotion.,"Classic Ekchala idol adorned in shimmering Daker Saaj (pith and silver foil work), sporting fish-shaped elongated Trayanani eyes and royal lion mount.","Hooghly river clay, sholapith filigree work, beaten brass vessels, handcrafted wooden pillars, and traditional chandeliers.","Deshbandhunagar Sarbojanin Durgotsab in North Kolkata is a proud custodian of traditional Sabeki heritage. Eschewing transient modern themes, it preserves the authentic spiritual ambiance of classic Bengal, marked by reverberating dhak beats, fragrant dhuno incense, and family-centered community devotion.",Biswa Bangla Sharad Samman (Heritage Tradition Category),22.614734,88.368112,https://www.facebook.com/DeshbandhunagarSarbojaninDurgotsabKolkata/,@deshbandhunagarsarbojani_kolkata,Dum Dum,"Heritage Ekchala Pratima with authentic Sholar/Daker Saaj, traditional Kumari Puja, grand Bijoya Dashami Sindur Khela, and royal Dhunuchi Nach.",Visit early morning around 7:00 AM - 10:00 AM during Pushpanjali or late afternoon to experience tranquil heritage rituals without massive theme queues.
20,Dum Dum Park Bharat Chakra Durga Puja,North Kolkata,1951,Creative Conceptual Folk & Eco-Art,Reinventing rustic vernacular craft into high-modern abstract geometry; fusing indigenous tribal identity with eco-preservation.,2025: Matir Bhasha (Voice of the Soil) | 2024: Oitijhyer Khoje (Quest for Heritage) | 2023: Anuranan (Resonance of Rural Craft) | 2022: Jal o Jibon,2025: Matir Bhasha | 2024: Oitijhyer Khoje | 2023: Anuranan | 2022: Jal o Jibon | 2021: Prokriti Bandhob,Abstract tribal-inspired terracotta and stone-texture idol reflecting indigenous feminine strength and harmony with nature.,"Terracotta relief tiles, bamboo lattices, dry date-palm fronds, brass accents, and rustic acoustic flutes.","Dum Dum Park Bharat Chakra is a pioneering anchor of the Dum Dum theme cluster. Known for using humble, earthy materials to build intricate geometric marvels, its installations draw immense praise for their sustainable artistry and organic beauty.","Asian Paints Sharad Samman (Creativity & Eco-Friendly Design), Biswa Bangla Special Jury",22.610512,88.399234,https://www.facebook.com/DumDumParkBharatChakra/,@dumdumparkbharatchakradu_kolkata,Dum Dum,"Live demonstrations by rural Bengal folk craftspeople, sustainable natural installations (Dokra, Terracotta, Handloom), and rustic atmospheric village ambiance.","Visit during daytime (11:00 AM - 3:00 PM) to appreciate the natural colors, textures, and daylight detailing of the handicrafts."
21,Dum Dum Park Sarbojanin Durga Puja,North Kolkata,1986 (Over 40 Years),Eco-Friendly Vernacular Folk Art,Celebration of Bengal’s rural artisanal heritage and ecological harmony; utilizing sustainable organic raw materials to recreate village courtyards and tribal sanctuaries.,"2025: Banglar Mati, Banglar Haat (Folk Bazaar of Bengal) | 2024: Shobujer Prarthana (Ode to Green Earth) | 2023: Lok-Shilpo O Gramin Jibon",2025: Banglar Mati | 2024: Shobujer Prarthana | 2023: Lok-Shilpo | 2022: Patachitra Akhyan | 2021: Matir Gandho,"Terracotta-finished earthen clay idol with serene rustic expressions, painted with organic turmeric and chalk pigments.","Untreated bamboo strips, natural jute burlap, Bankura terracotta tiles, dry date-palm weaves, and warm incandescent glow.","Dum Dum Park Sarbojanin Durga Puja in North Kolkata is renowned for its organic, sustainable theme approach. Embracing rural folk heritage, the pandal transports urban visitors into the peaceful sanctuary of a Bengal village, highlighting forgotten indigenous crafts and eco-friendly craftsmanship.",Biswa Bangla Sharad Samman (Eco-Friendly / Handicraft Category),22.630323,88.388545,https://www.facebook.com/DumDumParkSarbojaninDurgaPujaKolkata/,@dumdumparksarbojanindurg_kolkata,Dum Dum,"Live demonstrations by rural Bengal folk craftspeople, sustainable natural installations (Dokra, Terracotta, Handloom), and rustic atmospheric village ambiance.","Visit during daytime (11:00 AM - 3:00 PM) to appreciate the natural colors, textures, and daylight detailing of the handicrafts."
22,Goabagan Sarodatsav Sammilani Durga Puja,North Kolkata,1997 (Over 29 Years),Grand Architectural Temple Replica,Bringing timeless sacred architecture from across the Indian subcontinent to Kolkata’s doorstep through meticulous sculptural imitation and light engineering.,2025: Grand Dravidian Temple of South India | 2024: Khajuraho Stone Carving Replica | 2023: Jagannath Puri Shrimandir Architecture,2025: Dravidian Temple | 2024: Khajuraho | 2023: Puri Shrimandir | 2022: Sun Temple Modhera | 2021: Golden Temple Amritsar,Majestic classical clay idol draped in opulent brocade and Benarasi silks with handcrafted filigree crowns.,"Thermocol relief panels, plaster carvings, fiberglass moldings, and extensive computer-controlled Chandannagar illumination gates.","Goabagan Sarodatsav Sammilani Durga Puja in North Kolkata dazzles festive crowds with its monumental architectural reproductions. Recreating historic temples and palaces down to the finest stone carving detail, it stands as a visual marvel that draws visitors from across Bengal.",Biswa Bangla Sharad Samman (Best Pandal Architecture & Lighting),22.592412,88.366934,https://www.facebook.com/GoabaganSarodatsavSammilaniDurgaPujaKolkata/,@goabagansarodatsavsammil_kolkata,Shyambazar,"Colossal monumental architectural facade, dazzling 3D illuminated lighting gates by Chandannagar electrical artisans, and gold/jewel-adorned divine idol.",Expect very high footfall; visit during late midnight (1:30 AM to 4:30 AM) on Tritiya or Chaturthi to marvel at the exterior lighting with shorter lines.
23,Golaghata Sammilani Durga Puja,North Kolkata,2008 (Over 18 Years),Handloom & Traditional Handicraft Showcase,"Reviving endangered handloom weaves, bell-metal artistry, and indigenous handcraft traditions into a tactile visual sanctuary.",2025: Tant-O-Tanti (Tribute to Bengal Handloom Weavers) | 2024: Dokra O Pittol (Lost-Wax Bell Metal Magic) | 2023: Kantha-Stitch & Jamdani Odyssey,2025: Tant-O-Tanti | 2024: Dokra O Pittol | 2023: Kantha-Stitch Odyssey | 2022: Purulia Chhau Art | 2021: Shantiniketan Leather Craft,Artisan clay sculpture draped in authentic hand-woven Jamdani and Baluchari silk with bell-metal jewelry.,"Handloom wooden shuttle looms, thousands of yarn spools, Dokra brass castings, natural dyed cotton, and soft ambient flute ragas.","Golaghata Sammilani Durga Puja in North Kolkata transforms its puja pavilion into an ode to Bengal’s hereditary weavers and metalworkers. Every nook of the pandal features genuine handcrafted textures, providing livelihoods to rural craftspeople and enchanting visitors with textile elegance.",Biswa Bangla Sharad Samman (Best Handicraft Craftsmanship),22.600234,88.377123,https://www.facebook.com/GolaghataSammilaniDurgaPujaKolkata/,@golaghatasammilanidurgap_kolkata,Shyambazar,"Heritage Ekchala Pratima with authentic Sholar/Daker Saaj, traditional Kumari Puja, grand Bijoya Dashami Sindur Khela, and royal Dhunuchi Nach.",Visit early morning around 7:00 AM - 10:00 AM during Pushpanjali or late afternoon to experience tranquil heritage rituals without massive theme queues.
24,Grey Street Sarbojanin Durga Puja,North Kolkata,1954 (Over 72 Years),Heritage Traditional Sabeki,"Preservation of classical 19th-century zamindari and colonial Bengal devotional aesthetics, championing timeless Ekchala purity over modern conceptual gimmicks.",Timeless Sabeki Ekchala Protima with traditional Chandimandap architecture and thakur-dalan ambiance.,Nine decades of uncompromised classical Ekchala barowari traditions and devotion.,"Classic Ekchala idol adorned in shimmering Daker Saaj (pith and silver foil work), sporting fish-shaped elongated Trayanani eyes and royal lion mount.","Hooghly river clay, sholapith filigree work, beaten brass vessels, handcrafted wooden pillars, and traditional chandeliers.","Grey Street Sarbojanin Durga Puja in North Kolkata is a proud custodian of traditional Sabeki heritage. Eschewing transient modern themes, it preserves the authentic spiritual ambiance of classic Bengal, marked by reverberating dhak beats, fragrant dhuno incense, and family-centered community devotion.",Biswa Bangla Sharad Samman (Heritage Tradition Category),22.608012,88.363345,https://www.facebook.com/GreyStreetSarbojaninDurgaPujaKolkata/,@greystreetsarbojanindurg_kolkata,Shyambazar,"Heritage Ekchala Pratima with authentic Sholar/Daker Saaj, traditional Kumari Puja, grand Bijoya Dashami Sindur Khela, and royal Dhunuchi Nach.",Visit early morning around 7:00 AM - 10:00 AM during Pushpanjali or late afternoon to experience tranquil heritage rituals without massive theme queues.
25,Halsibagan Sarbojanin Durgotsab,North Kolkata,1965 (Over 61 Years),Thought-Provoking Social Theme Installation,"Using the public pandal as a canvas for social awakening, mental health discourse, environmental preservation, and women’s empowerment.",2025: Muktir Alo (Light of Liberation & Mental Well-being) | 2024: Jal-Dharoni (Water Conservation & Future Generations) | 2023: Nari Shakti (The Divine Feminine in Modern Times),2025: Muktir Alo | 2024: Jal-Dharoni | 2023: Nari Shakti | 2022: Somoyer Ayna | 2021: Punorutthan,Modern contemporary clay idol sculpted with empathetic figurative expressions that reflect the resilience of modern women.,"Recycled metal wires, earthen kulhars, distressed wood planks, kinetic light installations, and thematic voiceover soundscapes.","Halsibagan Sarbojanin Durgotsab in North Kolkata stands out for its bold, socially conscious conceptual installations. The puja committee uses modern installation art to provoke thought on contemporary humanitarian and environmental issues while maintaining deep spiritual reverence.","Asian Paints Sharad Samman (Creative Concept), Biswa Bangla Social Awareness Award",22.591823,88.373512,https://www.facebook.com/HalsibaganSarbojaninDurgotsabKolkata/,@halsibagansarbojanindurg_kolkata,Shyambazar,"Experimental contemporary installation art, immersive spatial audio-visual storytelling, conceptual clay sculptures, and social reflection galleries.",Best experienced in the evening between 8:00 PM and midnight when thematic illumination and ambient acoustic soundscapes create an immersive sensory experience.
26,Hari Ghosh Street Sarbojanin,North Kolkata,1976 (Over 50 Years),Eco-Friendly Vernacular Folk Art,Celebration of Bengal’s rural artisanal heritage and ecological harmony; utilizing sustainable organic raw materials to recreate village courtyards and tribal sanctuaries.,"2025: Banglar Mati, Banglar Haat (Folk Bazaar of Bengal) | 2024: Shobujer Prarthana (Ode to Green Earth) | 2023: Lok-Shilpo O Gramin Jibon",2025: Banglar Mati | 2024: Shobujer Prarthana | 2023: Lok-Shilpo | 2022: Patachitra Akhyan | 2021: Matir Gandho,"Terracotta-finished earthen clay idol with serene rustic expressions, painted with organic turmeric and chalk pigments.","Untreated bamboo strips, natural jute burlap, Bankura terracotta tiles, dry date-palm weaves, and warm incandescent glow.","Hari Ghosh Street Sarbojanin in North Kolkata is renowned for its organic, sustainable theme approach. Embracing rural folk heritage, the pandal transports urban visitors into the peaceful sanctuary of a Bengal village, highlighting forgotten indigenous crafts and eco-friendly craftsmanship.",Biswa Bangla Sharad Samman (Eco-Friendly / Handicraft Category),22.599645,88.359734,https://www.facebook.com/HariGhoshStreetSarbojaninKolkata/,@harighoshstreetsarbojani_kolkata,Shyambazar,"Live demonstrations by rural Bengal folk craftspeople, sustainable natural installations (Dokra, Terracotta, Handloom), and rustic atmospheric village ambiance.","Visit during daytime (11:00 AM - 3:00 PM) to appreciate the natural colors, textures, and daylight detailing of the handicrafts."
27,Hatibagan Nabinpally Sarbojanin Durgotsav,North Kolkata,1987 (Over 39 Years),Grand Architectural Temple Replica,Bringing timeless sacred architecture from across the Indian subcontinent to Kolkata’s doorstep through meticulous sculptural imitation and light engineering.,2025: Grand Dravidian Temple of South India | 2024: Khajuraho Stone Carving Replica | 2023: Jagannath Puri Shrimandir Architecture,2025: Dravidian Temple | 2024: Khajuraho | 2023: Puri Shrimandir | 2022: Sun Temple Modhera | 2021: Golden Temple Amritsar,Majestic classical clay idol draped in opulent brocade and Benarasi silks with handcrafted filigree crowns.,"Thermocol relief panels, plaster carvings, fiberglass moldings, and extensive computer-controlled Chandannagar illumination gates.","Hatibagan Nabinpally Sarbojanin Durgotsav in North Kolkata dazzles festive crowds with its monumental architectural reproductions. Recreating historic temples and palaces down to the finest stone carving detail, it stands as a visual marvel that draws visitors from across Bengal.",Biswa Bangla Sharad Samman (Best Pandal Architecture & Lighting),22.607412,88.369923,https://www.facebook.com/HatibaganNabinpallySarbojaninDurgotsavKolkata/,@hatibagannabinpallysarbo_kolkata,Shyambazar,"Colossal monumental architectural facade, dazzling 3D illuminated lighting gates by Chandannagar electrical artisans, and gold/jewel-adorned divine idol.",Expect very high footfall; visit during late midnight (1:30 AM to 4:30 AM) on Tritiya or Chaturthi to marvel at the exterior lighting with shorter lines.
28,Jagat Mukherjee Park Durga Puja,North Kolkata,1998 (Over 28 Years),Handloom & Traditional Handicraft Showcase,"Reviving endangered handloom weaves, bell-metal artistry, and indigenous handcraft traditions into a tactile visual sanctuary.",2025: Tant-O-Tanti (Tribute to Bengal Handloom Weavers) | 2024: Dokra O Pittol (Lost-Wax Bell Metal Magic) | 2023: Kantha-Stitch & Jamdani Odyssey,2025: Tant-O-Tanti | 2024: Dokra O Pittol | 2023: Kantha-Stitch Odyssey | 2022: Purulia Chhau Art | 2021: Shantiniketan Leather Craft,Artisan clay sculpture draped in authentic hand-woven Jamdani and Baluchari silk with bell-metal jewelry.,"Handloom wooden shuttle looms, thousands of yarn spools, Dokra brass castings, natural dyed cotton, and soft ambient flute ragas.","Jagat Mukherjee Park Durga Puja in North Kolkata transforms its puja pavilion into an ode to Bengal’s hereditary weavers and metalworkers. Every nook of the pandal features genuine handcrafted textures, providing livelihoods to rural craftspeople and enchanting visitors with textile elegance.",Biswa Bangla Sharad Samman (Best Handicraft Craftsmanship),22.598234,88.362145,https://www.facebook.com/JagatMukherjeeParkDurgaPujaKolkata/,@jagatmukherjeeparkdurgap_kolkata,Shobhabazar Sutanuti,"Heritage Ekchala Pratima with authentic Sholar/Daker Saaj, traditional Kumari Puja, grand Bijoya Dashami Sindur Khela, and royal Dhunuchi Nach.",Visit early morning around 7:00 AM - 10:00 AM during Pushpanjali or late afternoon to experience tranquil heritage rituals without massive theme queues.
29,Jokermath Sarbojonin Durga Puja,North Kolkata,2009 (Over 17 Years),Heritage Traditional Sabeki,"Preservation of classical 19th-century zamindari and colonial Bengal devotional aesthetics, championing timeless Ekchala purity over modern conceptual gimmicks.",Timeless Sabeki Ekchala Protima with traditional Chandimandap architecture and thakur-dalan ambiance.,Nine decades of uncompromised classical Ekchala barowari traditions and devotion.,"Classic Ekchala idol adorned in shimmering Daker Saaj (pith and silver foil work), sporting fish-shaped elongated Trayanani eyes and royal lion mount.","Hooghly river clay, sholapith filigree work, beaten brass vessels, handcrafted wooden pillars, and traditional chandeliers.","Jokermath Sarbojonin Durga Puja in North Kolkata is a proud custodian of traditional Sabeki heritage. Eschewing transient modern themes, it preserves the authentic spiritual ambiance of classic Bengal, marked by reverberating dhak beats, fragrant dhuno incense, and family-centered community devotion.",Biswa Bangla Sharad Samman (Heritage Tradition Category),22.605212,88.372323,https://www.facebook.com/JokermathSarbojoninDurgaPujaKolkata/,@jokermathsarbojonindurga_kolkata,Shyambazar,"Heritage Ekchala Pratima with authentic Sholar/Daker Saaj, traditional Kumari Puja, grand Bijoya Dashami Sindur Khela, and royal Dhunuchi Nach.",Visit early morning around 7:00 AM - 10:00 AM during Pushpanjali or late afternoon to experience tranquil heritage rituals without massive theme queues.
30,Kailash Bose Street Durga Puja,North Kolkata,1955 (Over 71 Years),Thought-Provoking Social Theme Installation,"Using the public pandal as a canvas for social awakening, mental health discourse, environmental preservation, and women’s empowerment.",2025: Muktir Alo (Light of Liberation & Mental Well-being) | 2024: Jal-Dharoni (Water Conservation & Future Generations) | 2023: Nari Shakti (The Divine Feminine in Modern Times),2025: Muktir Alo | 2024: Jal-Dharoni | 2023: Nari Shakti | 2022: Somoyer Ayna | 2021: Punorutthan,Modern contemporary clay idol sculpted with empathetic figurative expressions that reflect the resilience of modern women.,"Recycled metal wires, earthen kulhars, distressed wood planks, kinetic light installations, and thematic voiceover soundscapes.","Kailash Bose Street Durga Puja in North Kolkata stands out for its bold, socially conscious conceptual installations. The puja committee uses modern installation art to provoke thought on contemporary humanitarian and environmental issues while maintaining deep spiritual reverence.","Asian Paints Sharad Samman (Creative Concept), Biswa Bangla Social Awareness Award",22.589045,88.365512,https://www.facebook.com/KailashBoseStreetDurgaPujaKolkata/,@kailashbosestreetdurgapu_kolkata,Shyambazar,"Experimental contemporary installation art, immersive spatial audio-visual storytelling, conceptual clay sculptures, and social reflection galleries.",Best experienced in the evening between 8:00 PM and midnight when thematic illumination and ambient acoustic soundscapes create an immersive sensory experience.
31,Kankurgachi Sarbojanin Durgotsab,North Kolkata,1966 (Over 60 Years),Eco-Friendly Vernacular Folk Art,Celebration of Bengal’s rural artisanal heritage and ecological harmony; utilizing sustainable organic raw materials to recreate village courtyards and tribal sanctuaries.,"2025: Banglar Mati, Banglar Haat (Folk Bazaar of Bengal) | 2024: Shobujer Prarthana (Ode to Green Earth) | 2023: Lok-Shilpo O Gramin Jibon",2025: Banglar Mati | 2024: Shobujer Prarthana | 2023: Lok-Shilpo | 2022: Patachitra Akhyan | 2021: Matir Gandho,"Terracotta-finished earthen clay idol with serene rustic expressions, painted with organic turmeric and chalk pigments.","Untreated bamboo strips, natural jute burlap, Bankura terracotta tiles, dry date-palm weaves, and warm incandescent glow.","Kankurgachi Sarbojanin Durgotsab in North Kolkata is renowned for its organic, sustainable theme approach. Embracing rural folk heritage, the pandal transports urban visitors into the peaceful sanctuary of a Bengal village, highlighting forgotten indigenous crafts and eco-friendly craftsmanship.",Biswa Bangla Sharad Samman (Eco-Friendly / Handicraft Category),22.586823,88.375734,https://www.facebook.com/KankurgachiSarbojaninDurgotsabKolkata/,@kankurgachisarbojanindur_kolkata,City Centre,"Live demonstrations by rural Bengal folk craftspeople, sustainable natural installations (Dokra, Terracotta, Handloom), and rustic atmospheric village ambiance.","Visit during daytime (11:00 AM - 3:00 PM) to appreciate the natural colors, textures, and daylight detailing of the handicrafts."
32,Kashi Bose Lane Durga Puja Committee,North Kolkata,1937,Socio-Cultural Contemporary Theme,"Using immersive spatial design to champion critical humanitarian causes—such as anti-human trafficking, child protection, and mental health.",2025: Shikorer Daak (Call of the Roots) | 2024: Khancha (Cages: Liberation from Social Dogma) | 2023: Anti-Human Trafficking Awareness (Sobari Ekta Thikana Thaka Uchit) | 2022: Ma O Matribhumi,2025: Shikorer Daak | 2024: Khancha | 2023: Anti-Trafficking | 2022: Matribhumi | 2021: Mukti | 2019: Banglar Kutir Shilpo,"Empathetic maternal clay sculpture sculpted with sensitive, life-like realism and symbolic elements representing courage and sanctuary.","Cages, repurposed metal wires, terracotta tiles, woven ropes, dramatic focused spotlights, and thematic narrative voiceovers.","Kashi Bose Lane in Hatibagan is celebrated as one of North Kolkata's most awarded theme pujas. Renowned for gut-wrenching, emotionally powerful themes like child trafficking in 2023, the pandal transports visitors through evocative visual metaphors before revealing a serene, comforting deity.","Berger Priyo Pujo 2023, Biswa Bangla Sharad Samman, ABP Ananda Shera Pujo",22.589234,88.368123,https://www.facebook.com/KashiBoseLane/,@kashiboselanedurgapujaco_kolkata,Girish Park,"Experimental contemporary installation art, immersive spatial audio-visual storytelling, conceptual clay sculptures, and social reflection galleries.",Best experienced in the evening between 8:00 PM and midnight when thematic illumination and ambient acoustic soundscapes create an immersive sensory experience.
33,Kumartuli Park Sarbojanin Durgotsab Committee,North Kolkata,1995,Sculptural Grandeur & Potter Artisan Homage,Honoring the living heritage of Kumartuli's potter masters; fusing immense structural fantasy with authentic traditional clay craftsmanship.,2025: Shilpir Haat (The Hands of the Clay Sculptor) | 2024: Mythological Chariot of the Gods | 2023: Vaikuntha Dham Replica | 2022: 25 Years of Artisan Devotion,2025: Shilpir Haat | 2024: Divine Chariots | 2023: Vaikuntha Dham | 2022: Artisan Tribute | 2019: Mythical Oceans,"Spectacular clay sculpture crafted by the finest potters of Kumartuli, combining mythological grandeur with intricate organic clay ornaments.","Fine silt clay from River Hooghly, straw structures, jute ropes, hand-carved wood pillars, and classical illumination.","Located right in the cradle of idol-making at Kumartuli, Kumartuli Park showcases the peerless mastery of North Kolkata's hereditary mritshilpis (clay artisans). The pandal creates magnificent mythological landscapes where the divine idol stands as the supreme centerpiece of sculpting skill.","Biswa Bangla Sharad Samman (Sculptural Excellence), Asian Paints Sharad Samman",22.599512,88.360145,https://www.facebook.com/KumartuliParkSarbojanin/,@kumartuliparksarbojanind_kolkata,Shobhabazar Sutanuti,"Experimental contemporary installation art, immersive spatial audio-visual storytelling, conceptual clay sculptures, and social reflection galleries.",Best experienced in the evening between 8:00 PM and midnight when thematic illumination and ambient acoustic soundscapes create an immersive sensory experience.
34,Kumartuli Sarbojanin Durgotsab,North Kolkata,1999 (Over 27 Years),Heritage Traditional Sabeki,"Preservation of classical 19th-century zamindari and colonial Bengal devotional aesthetics, championing timeless Ekchala purity over modern conceptual gimmicks.",Timeless Sabeki Ekchala Protima with traditional Chandimandap architecture and thakur-dalan ambiance.,Nine decades of uncompromised classical Ekchala barowari traditions and devotion.,"Classic Ekchala idol adorned in shimmering Daker Saaj (pith and silver foil work), sporting fish-shaped elongated Trayanani eyes and royal lion mount.","Hooghly river clay, sholapith filigree work, beaten brass vessels, handcrafted wooden pillars, and traditional chandeliers.","Kumartuli Sarbojanin Durgotsab in North Kolkata is a proud custodian of traditional Sabeki heritage. Eschewing transient modern themes, it preserves the authentic spiritual ambiance of classic Bengal, marked by reverberating dhak beats, fragrant dhuno incense, and family-centered community devotion.",Biswa Bangla Sharad Samman (Heritage Tradition Category),22.598823,88.360534,https://www.facebook.com/KumartuliSarbojaninDurgotsabKolkata/,@kumartulisarbojanindurgo_kolkata,Shobhabazar Sutanuti,"Heritage Ekchala Pratima with authentic Sholar/Daker Saaj, traditional Kumari Puja, grand Bijoya Dashami Sindur Khela, and royal Dhunuchi Nach.",Visit early morning around 7:00 AM - 10:00 AM during Pushpanjali or late afternoon to experience tranquil heritage rituals without massive theme queues.
35,Lake View Park Sarbojanin Durgotsav Samity,North Kolkata,2010 (Over 16 Years),Thought-Provoking Social Theme Installation,"Using the public pandal as a canvas for social awakening, mental health discourse, environmental preservation, and women’s empowerment.",2025: Muktir Alo (Light of Liberation & Mental Well-being) | 2024: Jal-Dharoni (Water Conservation & Future Generations) | 2023: Nari Shakti (The Divine Feminine in Modern Times),2025: Muktir Alo | 2024: Jal-Dharoni | 2023: Nari Shakti | 2022: Somoyer Ayna | 2021: Punorutthan,Modern contemporary clay idol sculpted with empathetic figurative expressions that reflect the resilience of modern women.,"Recycled metal wires, earthen kulhars, distressed wood planks, kinetic light installations, and thematic voiceover soundscapes.","Lake View Park Sarbojanin Durgotsav Samity in North Kolkata stands out for its bold, socially conscious conceptual installations. The puja committee uses modern installation art to provoke thought on contemporary humanitarian and environmental issues while maintaining deep spiritual reverence.","Asian Paints Sharad Samman (Creative Concept), Biswa Bangla Social Awareness Award",22.608245,88.370712,https://www.facebook.com/LakeViewParkSarbojaninDurgotsavSamityKolkata/,@lakeviewparksarbojanindu_kolkata,Shyambazar,"Experimental contemporary installation art, immersive spatial audio-visual storytelling, conceptual clay sculptures, and social reflection galleries.",Best experienced in the evening between 8:00 PM and midnight when thematic illumination and ambient acoustic soundscapes create an immersive sensory experience.
36,Mahalla Sarbojanin Durgautsab Samity,North Kolkata,1956 (Over 70 Years),Eco-Friendly Vernacular Folk Art,Celebration of Bengal’s rural artisanal heritage and ecological harmony; utilizing sustainable organic raw materials to recreate village courtyards and tribal sanctuaries.,"2025: Banglar Mati, Banglar Haat (Folk Bazaar of Bengal) | 2024: Shobujer Prarthana (Ode to Green Earth) | 2023: Lok-Shilpo O Gramin Jibon",2025: Banglar Mati | 2024: Shobujer Prarthana | 2023: Lok-Shilpo | 2022: Patachitra Akhyan | 2021: Matir Gandho,"Terracotta-finished earthen clay idol with serene rustic expressions, painted with organic turmeric and chalk pigments.","Untreated bamboo strips, natural jute burlap, Bankura terracotta tiles, dry date-palm weaves, and warm incandescent glow.","Mahalla Sarbojanin Durgautsab Samity in North Kolkata is renowned for its organic, sustainable theme approach. Embracing rural folk heritage, the pandal transports urban visitors into the peaceful sanctuary of a Bengal village, highlighting forgotten indigenous crafts and eco-friendly craftsmanship.",Biswa Bangla Sharad Samman (Eco-Friendly / Handicraft Category),22.592012,88.356934,https://www.facebook.com/MahallaSarbojaninDurgautsabSamityKolkata/,@mahallasarbojanindurgaut_kolkata,Shyambazar,"Live demonstrations by rural Bengal folk craftspeople, sustainable natural installations (Dokra, Terracotta, Handloom), and rustic atmospheric village ambiance.","Visit during daytime (11:00 AM - 3:00 PM) to appreciate the natural colors, textures, and daylight detailing of the handicrafts."
37,Mitali Kankurgachi Durga Puja,North Kolkata,1967 (Over 59 Years),Grand Architectural Temple Replica,Bringing timeless sacred architecture from across the Indian subcontinent to Kolkata’s doorstep through meticulous sculptural imitation and light engineering.,2025: Grand Dravidian Temple of South India | 2024: Khajuraho Stone Carving Replica | 2023: Jagannath Puri Shrimandir Architecture,2025: Dravidian Temple | 2024: Khajuraho | 2023: Puri Shrimandir | 2022: Sun Temple Modhera | 2021: Golden Temple Amritsar,Majestic classical clay idol draped in opulent brocade and Benarasi silks with handcrafted filigree crowns.,"Thermocol relief panels, plaster carvings, fiberglass moldings, and extensive computer-controlled Chandannagar illumination gates.","Mitali Kankurgachi Durga Puja in North Kolkata dazzles festive crowds with its monumental architectural reproductions. Recreating historic temples and palaces down to the finest stone carving detail, it stands as a visual marvel that draws visitors from across Bengal.",Biswa Bangla Sharad Samman (Best Pandal Architecture & Lighting),22.589834,88.367123,https://www.facebook.com/MitaliKankurgachiDurgaPujaKolkata/,@mitalikankurgachidurgapu_kolkata,City Centre,"Colossal monumental architectural facade, dazzling 3D illuminated lighting gates by Chandannagar electrical artisans, and gold/jewel-adorned divine idol.",Expect very high footfall; visit during late midnight (1:30 AM to 4:30 AM) on Tritiya or Chaturthi to marvel at the exterior lighting with shorter lines.
38,Nalin Sarkar Street Sarbojanin Durgotsab,North Kolkata,1978 (Over 48 Years),Handloom & Traditional Handicraft Showcase,"Reviving endangered handloom weaves, bell-metal artistry, and indigenous handcraft traditions into a tactile visual sanctuary.",2025: Tant-O-Tanti (Tribute to Bengal Handloom Weavers) | 2024: Dokra O Pittol (Lost-Wax Bell Metal Magic) | 2023: Kantha-Stitch & Jamdani Odyssey,2025: Tant-O-Tanti | 2024: Dokra O Pittol | 2023: Kantha-Stitch Odyssey | 2022: Purulia Chhau Art | 2021: Shantiniketan Leather Craft,Artisan clay sculpture draped in authentic hand-woven Jamdani and Baluchari silk with bell-metal jewelry.,"Handloom wooden shuttle looms, thousands of yarn spools, Dokra brass castings, natural dyed cotton, and soft ambient flute ragas.","Nalin Sarkar Street Sarbojanin Durgotsab in North Kolkata transforms its puja pavilion into an ode to Bengal’s hereditary weavers and metalworkers. Every nook of the pandal features genuine handcrafted textures, providing livelihoods to rural craftspeople and enchanting visitors with textile elegance.",Biswa Bangla Sharad Samman (Best Handicraft Craftsmanship),22.597612,88.377345,https://www.facebook.com/NalinSarkarStreetSarbojaninDurgotsabKolkata/,@nalinsarkarstreetsarboja_kolkata,Shyambazar,"Heritage Ekchala Pratima with authentic Sholar/Daker Saaj, traditional Kumari Puja, grand Bijoya Dashami Sindur Khela, and royal Dhunuchi Nach.",Visit early morning around 7:00 AM - 10:00 AM during Pushpanjali or late afternoon to experience tranquil heritage rituals without massive theme queues.
39,Nimtala Sarbojanin Durgotsab,North Kolkata,1989 (Over 37 Years),Heritage Traditional Sabeki,"Preservation of classical 19th-century zamindari and colonial Bengal devotional aesthetics, championing timeless Ekchala purity over modern conceptual gimmicks.",Timeless Sabeki Ekchala Protima with traditional Chandimandap architecture and thakur-dalan ambiance.,Nine decades of uncompromised classical Ekchala barowari traditions and devotion.,"Classic Ekchala idol adorned in shimmering Daker Saaj (pith and silver foil work), sporting fish-shaped elongated Trayanani eyes and royal lion mount.","Hooghly river clay, sholapith filigree work, beaten brass vessels, handcrafted wooden pillars, and traditional chandeliers.","Nimtala Sarbojanin Durgotsab in North Kolkata is a proud custodian of traditional Sabeki heritage. Eschewing transient modern themes, it preserves the authentic spiritual ambiance of classic Bengal, marked by reverberating dhak beats, fragrant dhuno incense, and family-centered community devotion.",Biswa Bangla Sharad Samman (Heritage Tradition Category),22.595434,88.355212,https://www.facebook.com/NimtalaSarbojaninDurgotsabKolkata/,@nimtalasarbojanindurgots_kolkata,Shyambazar,"Heritage Ekchala Pratima with authentic Sholar/Daker Saaj, traditional Kumari Puja, grand Bijoya Dashami Sindur Khela, and royal Dhunuchi Nach.",Visit early morning around 7:00 AM - 10:00 AM during Pushpanjali or late afternoon to experience tranquil heritage rituals without massive theme queues.
40,Sreebhumi Sporting Club Durga Puja,North Kolkata,1969,Grand Architectural Marvel Replica,Maximalist architectural grandeur; reproducing world wonders and sacred monumental architecture with breathtaking scale and dazzling Chandannagar illumination.,"2025: BAPS Swaminarayan Akshardham Temple, New Jersey | 2024: Tirupati Balaji Temple | 2023: Disneyland Paris | 2022: Vatican City St. Peter's Basilica | 2021: Burj Khalifa",2025: Akshardham USA | 2024: Tirupati Balaji | 2023: Disneyland | 2022: Vatican City | 2021: Burj Khalifa | 2020: Kedarnath Temple | 2019: Chandragupta Maurya Palace | 2018: Padmavati Chittorgarh Fort | 2017: Bahubali Mahishmati Palace,"Colossal divine idol sculpted by Pradip Rudra Pal, heavily adorned in real gold and diamond-studded antique jewellery crafted by heritage Bengali jewellers.","High-tensile steel trussing, fiberglass cast moldings, gold foil filigree, plaster of Paris, and state-of-the-art computer-synchronized LED light curtains from Chandannagar.","Sreebhumi Sporting Club, under the patronship of State Minister Sujit Bose, is North Kolkata's undisputed spectacle magnet. Located off VIP Road, it regularly attracts over a million visitors each day. Its sprawling replicas of iconic monuments like the Burj Khalifa, Vatican, and royal Indian palaces create an open-air cinematic experience unmatched in Eastern India.","Biswa Bangla Sharad Samman (Grandeur & Crowd Magnet), Asian Paints Special Mention",22.599723,88.397612,https://www.facebook.com/sreebhumisportingclubofficial/,@sreebhumisportingclubdur_kolkata,Shyambazar,"Colossal monumental architectural facade, dazzling 3D illuminated lighting gates by Chandannagar electrical artisans, and gold/jewel-adorned divine idol.",Expect very high footfall; visit during late midnight (1:30 AM to 4:30 AM) on Tritiya or Chaturthi to marvel at the exterior lighting with shorter lines.
41,Tala Barowari Durgotsab,North Kolkata,1921,Heritage Classical & Progressive Barowari,Preserving the communal essence of the century-old barowari movement while welcoming progressive open-air artistic storytelling.,2025: Shatoborsher Alor Disha (Centenary Journey of Light) | 2024: Boikunther Khoje (Search for Divine Serenity) | 2023: Banglar Haat (Rural Artisan Market),2025: Shatoborsher Alor Disha | 2024: Boikunther Khoje | 2023: Banglar Haat | 2021: 100 Years of Tala Barowari Celebration,Majestic Ekchala traditional pratima reflecting timeless sabeki North Kolkata face painting and silver daker saaj.,"Bamboo, wooden fretwork, handloom textiles, earthen lamps, and traditional Chandannagar lighting arches.","Celebrating over a hundred years of uninterrupted worship, Tala Barowari in North Kolkata was founded during the height of the Swadeshi independence movement. It remains a beloved pillar of community unity and cultural pride in the Tala-Shyambazar belt.",Biswa Bangla Sharad Samman (Heritage Centennial Honor),22.607512,88.375234,https://www.facebook.com/talabarowari/,@talabarowaridurgotsab_kolkata,Shyambazar,"Experimental contemporary installation art, immersive spatial audio-visual storytelling, conceptual clay sculptures, and social reflection galleries.",Best experienced in the evening between 8:00 PM and midnight when thematic illumination and ambient acoustic soundscapes create an immersive sensory experience.
42,Tala Dakshin Pally Durgotsav Committee,North Kolkata,1957 (Over 69 Years),Grand Architectural Temple Replica,Bringing timeless sacred architecture from across the Indian subcontinent to Kolkata’s doorstep through meticulous sculptural imitation and light engineering.,2025: Grand Dravidian Temple of South India | 2024: Khajuraho Stone Carving Replica | 2023: Jagannath Puri Shrimandir Architecture,2025: Dravidian Temple | 2024: Khajuraho | 2023: Puri Shrimandir | 2022: Sun Temple Modhera | 2021: Golden Temple Amritsar,Majestic classical clay idol draped in opulent brocade and Benarasi silks with handcrafted filigree crowns.,"Thermocol relief panels, plaster carvings, fiberglass moldings, and extensive computer-controlled Chandannagar illumination gates.","Tala Dakshin Pally Durgotsav Committee in North Kolkata dazzles festive crowds with its monumental architectural reproductions. Recreating historic temples and palaces down to the finest stone carving detail, it stands as a visual marvel that draws visitors from across Bengal.",Biswa Bangla Sharad Samman (Best Pandal Architecture & Lighting),22.606823,88.375612,https://www.facebook.com/TalaDakshinPallyDurgotsavCommitteeKolkata/,@taladakshinpallydurgotsa_kolkata,Shyambazar,"Colossal monumental architectural facade, dazzling 3D illuminated lighting gates by Chandannagar electrical artisans, and gold/jewel-adorned divine idol.",Expect very high footfall; visit during late midnight (1:30 AM to 4:30 AM) on Tritiya or Chaturthi to marvel at the exterior lighting with shorter lines.
43,Tala Park 15 Pally Durga Puja,North Kolkata,1968 (Over 58 Years),Handloom & Traditional Handicraft Showcase,"Reviving endangered handloom weaves, bell-metal artistry, and indigenous handcraft traditions into a tactile visual sanctuary.",2025: Tant-O-Tanti (Tribute to Bengal Handloom Weavers) | 2024: Dokra O Pittol (Lost-Wax Bell Metal Magic) | 2023: Kantha-Stitch & Jamdani Odyssey,2025: Tant-O-Tanti | 2024: Dokra O Pittol | 2023: Kantha-Stitch Odyssey | 2022: Purulia Chhau Art | 2021: Shantiniketan Leather Craft,Artisan clay sculpture draped in authentic hand-woven Jamdani and Baluchari silk with bell-metal jewelry.,"Handloom wooden shuttle looms, thousands of yarn spools, Dokra brass castings, natural dyed cotton, and soft ambient flute ragas.","Tala Park 15 Pally Durga Puja in North Kolkata transforms its puja pavilion into an ode to Bengal’s hereditary weavers and metalworkers. Every nook of the pandal features genuine handcrafted textures, providing livelihoods to rural craftspeople and enchanting visitors with textile elegance.",Biswa Bangla Sharad Samman (Best Handicraft Craftsmanship),22.607145,88.374934,https://www.facebook.com/TalaPark15PallyDurgaPujaKolkata/,@talapark15pallydurgapuja_kolkata,Shyambazar,"Heritage Ekchala Pratima with authentic Sholar/Daker Saaj, traditional Kumari Puja, grand Bijoya Dashami Sindur Khela, and royal Dhunuchi Nach.",Visit early morning around 7:00 AM - 10:00 AM during Pushpanjali or late afternoon to experience tranquil heritage rituals without massive theme queues.
44,Telengabagan Sarbojanin Durgotsab,North Kolkata,1966,Creative Theme & Environmental Installation,Harmonizing contemporary environmental consciousness with rural folk traditions and natural rustic media.,2025: Shorbomongol (Universal Welfare) | 2024: Aronyok (Forest Whispers & Nature Conservation) | 2023: Banglar Lok-Porbon (Folk Festivals of Bengal),2025: Shorbomongol | 2024: Aronyok | 2023: Lok-Porbon | 2022: Eco-Green Bengal | 2018: Terracotta & Palm Craft,"Expressive clay sculpture painted with natural mineral pigments, evoking the raw rustic spirit of Bengal village mothers.","Fallen leaves, dried seeds, tree bark, bamboo, mud plasters, and soothing acoustic nature soundscapes.","Telengabagan in Ultadanga was among the earliest pioneers in North-East Kolkata to introduce conceptual theme pandals. It consistently earns high acclaim for turning organic and discarded environmental matter into breathtaking, thought-provoking sanctuaries.","Asian Paints Sharad Samman (Innovative Use of Materials), Biswa Bangla Green Puja",22.593212,88.382123,https://www.facebook.com/telengabagan.puja/,@telengabagansarbojanindu_kolkata,Shyambazar,"Experimental contemporary installation art, immersive spatial audio-visual storytelling, conceptual clay sculptures, and social reflection galleries.",Best experienced in the evening between 8:00 PM and midnight when thematic illumination and ambient acoustic soundscapes create an immersive sensory experience.
45,Ultadanga Jagarani Sangha Durga Puja,North Kolkata,1990 (Over 36 Years),Thought-Provoking Social Theme Installation,"Using the public pandal as a canvas for social awakening, mental health discourse, environmental preservation, and women’s empowerment.",2025: Muktir Alo (Light of Liberation & Mental Well-being) | 2024: Jal-Dharoni (Water Conservation & Future Generations) | 2023: Nari Shakti (The Divine Feminine in Modern Times),2025: Muktir Alo | 2024: Jal-Dharoni | 2023: Nari Shakti | 2022: Somoyer Ayna | 2021: Punorutthan,Modern contemporary clay idol sculpted with empathetic figurative expressions that reflect the resilience of modern women.,"Recycled metal wires, earthen kulhars, distressed wood planks, kinetic light installations, and thematic voiceover soundscapes.","Ultadanga Jagarani Sangha Durga Puja in North Kolkata stands out for its bold, socially conscious conceptual installations. The puja committee uses modern installation art to provoke thought on contemporary humanitarian and environmental issues while maintaining deep spiritual reverence.","Asian Paints Sharad Samman (Creative Concept), Biswa Bangla Social Awareness Award",22.592534,88.382512,https://www.facebook.com/UltadangaJagaraniSanghaDurgaPujaKolkata/,@ultadangajagaranisanghad_kolkata,Shyambazar,"Experimental contemporary installation art, immersive spatial audio-visual storytelling, conceptual clay sculptures, and social reflection galleries.",Best experienced in the evening between 8:00 PM and midnight when thematic illumination and ambient acoustic soundscapes create an immersive sensory experience.
46,Ultadanga Pallyshree Durga Puja,North Kolkata,2001 (Over 25 Years),Eco-Friendly Vernacular Folk Art,Celebration of Bengal’s rural artisanal heritage and ecological harmony; utilizing sustainable organic raw materials to recreate village courtyards and tribal sanctuaries.,"2025: Banglar Mati, Banglar Haat (Folk Bazaar of Bengal) | 2024: Shobujer Prarthana (Ode to Green Earth) | 2023: Lok-Shilpo O Gramin Jibon",2025: Banglar Mati | 2024: Shobujer Prarthana | 2023: Lok-Shilpo | 2022: Patachitra Akhyan | 2021: Matir Gandho,"Terracotta-finished earthen clay idol with serene rustic expressions, painted with organic turmeric and chalk pigments.","Untreated bamboo strips, natural jute burlap, Bankura terracotta tiles, dry date-palm weaves, and warm incandescent glow.","Ultadanga Pallyshree Durga Puja in North Kolkata is renowned for its organic, sustainable theme approach. Embracing rural folk heritage, the pandal transports urban visitors into the peaceful sanctuary of a Bengal village, highlighting forgotten indigenous crafts and eco-friendly craftsmanship.",Biswa Bangla Sharad Samman (Eco-Friendly / Handicraft Category),22.592812,88.381834,https://www.facebook.com/UltadangaPallyshreeDurgaPujaKolkata/,@ultadangapallyshreedurga_kolkata,Shyambazar,"Live demonstrations by rural Bengal folk craftspeople, sustainable natural installations (Dokra, Terracotta, Handloom), and rustic atmospheric village ambiance.","Visit during daytime (11:00 AM - 3:00 PM) to appreciate the natural colors, textures, and daylight detailing of the handicrafts."
47,Ultadanga Sangrami Durga Puja,North Kolkata,2012 (Over 14 Years),Grand Architectural Temple Replica,Bringing timeless sacred architecture from across the Indian subcontinent to Kolkata’s doorstep through meticulous sculptural imitation and light engineering.,2025: Grand Dravidian Temple of South India | 2024: Khajuraho Stone Carving Replica | 2023: Jagannath Puri Shrimandir Architecture,2025: Dravidian Temple | 2024: Khajuraho | 2023: Puri Shrimandir | 2022: Sun Temple Modhera | 2021: Golden Temple Amritsar,Majestic classical clay idol draped in opulent brocade and Benarasi silks with handcrafted filigree crowns.,"Thermocol relief panels, plaster carvings, fiberglass moldings, and extensive computer-controlled Chandannagar illumination gates.","Ultadanga Sangrami Durga Puja in North Kolkata dazzles festive crowds with its monumental architectural reproductions. Recreating historic temples and palaces down to the finest stone carving detail, it stands as a visual marvel that draws visitors from across Bengal.",Biswa Bangla Sharad Samman (Best Pandal Architecture & Lighting),22.593045,88.382212,https://www.facebook.com/UltadangaSangramiDurgaPujaKolkata/,@ultadangasangramidurgapu_kolkata,Shyambazar,"Colossal monumental architectural facade, dazzling 3D illuminated lighting gates by Chandannagar electrical artisans, and gold/jewel-adorned divine idol.",Expect very high footfall; visit during late midnight (1:30 AM to 4:30 AM) on Tritiya or Chaturthi to marvel at the exterior lighting with shorter lines.
48,Young Citizens Club Durga Puja,North Kolkata,1958 (Over 68 Years),Handloom & Traditional Handicraft Showcase,"Reviving endangered handloom weaves, bell-metal artistry, and indigenous handcraft traditions into a tactile visual sanctuary.",2025: Tant-O-Tanti (Tribute to Bengal Handloom Weavers) | 2024: Dokra O Pittol (Lost-Wax Bell Metal Magic) | 2023: Kantha-Stitch & Jamdani Odyssey,2025: Tant-O-Tanti | 2024: Dokra O Pittol | 2023: Kantha-Stitch Odyssey | 2022: Purulia Chhau Art | 2021: Shantiniketan Leather Craft,Artisan clay sculpture draped in authentic hand-woven Jamdani and Baluchari silk with bell-metal jewelry.,"Handloom wooden shuttle looms, thousands of yarn spools, Dokra brass castings, natural dyed cotton, and soft ambient flute ragas.","Young Citizens Club Durga Puja in North Kolkata transforms its puja pavilion into an ode to Bengal’s hereditary weavers and metalworkers. Every nook of the pandal features genuine handcrafted textures, providing livelihoods to rural craftspeople and enchanting visitors with textile elegance.",Biswa Bangla Sharad Samman (Best Handicraft Craftsmanship),22.598623,88.372434,https://www.facebook.com/YoungCitizensClubDurgaPujaKolkata/,@youngcitizensclubdurgapu_kolkata,Shyambazar,"Heritage Ekchala Pratima with authentic Sholar/Daker Saaj, traditional Kumari Puja, grand Bijoya Dashami Sindur Khela, and royal Dhunuchi Nach.",Visit early morning around 7:00 AM - 10:00 AM during Pushpanjali or late afternoon to experience tranquil heritage rituals without massive theme queues.
49,21 Pally Sarbojanin Durgotsab Samiti,South Kolkata,1969 (Over 57 Years),Heritage Traditional Sabeki,"Preservation of classical 19th-century zamindari and colonial Bengal devotional aesthetics, championing timeless Ekchala purity over modern conceptual gimmicks.",Timeless Sabeki Ekchala Protima with traditional Chandimandap architecture and thakur-dalan ambiance.,Nine decades of uncompromised classical Ekchala barowari traditions and devotion.,"Classic Ekchala idol adorned in shimmering Daker Saaj (pith and silver foil work), sporting fish-shaped elongated Trayanani eyes and royal lion mount.","Hooghly river clay, sholapith filigree work, beaten brass vessels, handcrafted wooden pillars, and traditional chandeliers.","21 Pally Sarbojanin Durgotsab Samiti in South Kolkata is a proud custodian of traditional Sabeki heritage. Eschewing transient modern themes, it preserves the authentic spiritual ambiance of classic Bengal, marked by reverberating dhak beats, fragrant dhuno incense, and family-centered community devotion.",Biswa Bangla Sharad Samman (Heritage Tradition Category),22.528012,88.349023,https://www.facebook.com/21PallySarbojaninDurgotsabSamitiKolkata/,@21pallysarbojanindurgots_kolkata,Kalighat,"Heritage Ekchala Pratima with authentic Sholar/Daker Saaj, traditional Kumari Puja, grand Bijoya Dashami Sindur Khela, and royal Dhunuchi Nach.",Visit early morning around 7:00 AM - 10:00 AM during Pushpanjali or late afternoon to experience tranquil heritage rituals without massive theme queues.
50,22 Palli Sarodotsav,South Kolkata,1980 (Over 46 Years),Thought-Provoking Social Theme Installation,"Using the public pandal as a canvas for social awakening, mental health discourse, environmental preservation, and women’s empowerment.",2025: Muktir Alo (Light of Liberation & Mental Well-being) | 2024: Jal-Dharoni (Water Conservation & Future Generations) | 2023: Nari Shakti (The Divine Feminine in Modern Times),2025: Muktir Alo | 2024: Jal-Dharoni | 2023: Nari Shakti | 2022: Somoyer Ayna | 2021: Punorutthan,Modern contemporary clay idol sculpted with empathetic figurative expressions that reflect the resilience of modern women.,"Recycled metal wires, earthen kulhars, distressed wood planks, kinetic light installations, and thematic voiceover soundscapes.","22 Palli Sarodotsav in South Kolkata stands out for its bold, socially conscious conceptual installations. The puja committee uses modern installation art to provoke thought on contemporary humanitarian and environmental issues while maintaining deep spiritual reverence.","Asian Paints Sharad Samman (Creative Concept), Biswa Bangla Social Awareness Award",22.527334,88.349412,https://www.facebook.com/22PalliSarodotsavKolkata/,@22pallisarodotsav_kolkata,Kalighat,"Experimental contemporary installation art, immersive spatial audio-visual storytelling, conceptual clay sculptures, and social reflection galleries.",Best experienced in the evening between 8:00 PM and midnight when thematic illumination and ambient acoustic soundscapes create an immersive sensory experience.
51,25 Pally Durga Puja,South Kolkata,1991 (Over 35 Years),Eco-Friendly Vernacular Folk Art,Celebration of Bengal’s rural artisanal heritage and ecological harmony; utilizing sustainable organic raw materials to recreate village courtyards and tribal sanctuaries.,"2025: Banglar Mati, Banglar Haat (Folk Bazaar of Bengal) | 2024: Shobujer Prarthana (Ode to Green Earth) | 2023: Lok-Shilpo O Gramin Jibon",2025: Banglar Mati | 2024: Shobujer Prarthana | 2023: Lok-Shilpo | 2022: Patachitra Akhyan | 2021: Matir Gandho,"Terracotta-finished earthen clay idol with serene rustic expressions, painted with organic turmeric and chalk pigments.","Untreated bamboo strips, natural jute burlap, Bankura terracotta tiles, dry date-palm weaves, and warm incandescent glow.","25 Pally Durga Puja in South Kolkata is renowned for its organic, sustainable theme approach. Embracing rural folk heritage, the pandal transports urban visitors into the peaceful sanctuary of a Bengal village, highlighting forgotten indigenous crafts and eco-friendly craftsmanship.",Biswa Bangla Sharad Samman (Eco-Friendly / Handicraft Category),22.526645,88.348734,https://www.facebook.com/25PallyDurgaPujaKolkata/,@25pallydurgapuja_kolkata,Kalighat,"Live demonstrations by rural Bengal folk craftspeople, sustainable natural installations (Dokra, Terracotta, Handloom), and rustic atmospheric village ambiance.","Visit during daytime (11:00 AM - 3:00 PM) to appreciate the natural colors, textures, and daylight detailing of the handicrafts."
52,64 Pally Durgotsab Committee,South Kolkata,2002 (Over 24 Years),Grand Architectural Temple Replica,Bringing timeless sacred architecture from across the Indian subcontinent to Kolkata’s doorstep through meticulous sculptural imitation and light engineering.,2025: Grand Dravidian Temple of South India | 2024: Khajuraho Stone Carving Replica | 2023: Jagannath Puri Shrimandir Architecture,2025: Dravidian Temple | 2024: Khajuraho | 2023: Puri Shrimandir | 2022: Sun Temple Modhera | 2021: Golden Temple Amritsar,Majestic classical clay idol draped in opulent brocade and Benarasi silks with handcrafted filigree crowns.,"Thermocol relief panels, plaster carvings, fiberglass moldings, and extensive computer-controlled Chandannagar illumination gates.","64 Pally Durgotsab Committee in South Kolkata dazzles festive crowds with its monumental architectural reproductions. Recreating historic temples and palaces down to the finest stone carving detail, it stands as a visual marvel that draws visitors from across Bengal.",Biswa Bangla Sharad Samman (Best Pandal Architecture & Lighting),22.521012,88.347023,https://www.facebook.com/64PallyDurgotsabCommitteeKolkata/,@64pallydurgotsabcommitte_kolkata,Kalighat,"Colossal monumental architectural facade, dazzling 3D illuminated lighting gates by Chandannagar electrical artisans, and gold/jewel-adorned divine idol.",Expect very high footfall; visit during late midnight (1:30 AM to 4:30 AM) on Tritiya or Chaturthi to marvel at the exterior lighting with shorter lines.
53,66 Pally Sarbojanin Durgotsab Committee,South Kolkata,1945,Progressive Social Reform & Folk Installations,"Democratizing cultural spaces and breaking patriarchal taboos; promoting women empowerment, eco-sustainability, and Bengal's craft heritage.",2025: Kanyashree o Matrishakti (Feminine Empowerment) | 2024: Shabash Maa (Celebrating Mothers) | 2021: Breaking Tradition with Women Priests Conducting Puja,2025: Kanyashree | 2024: Shabash Maa | 2021: Female Priests Initiative | 2019: Bengal's Wooden Toy Craft | 2018: Peace Mandap,"Warm, maternal clay idol radiating grace, crafted with traditional mud-straw techniques and organic colors.","Terracotta tiles, earthen plates, hand-woven chatai, wood shavings, and solar-assisted LED ambient lights.","66 Pally, situated on Rashbehari Avenue, made global headlines in 2021 when four female priestesses conducted the main Durga Puja rituals, dismantling centuries-old patriarchal conventions. Its art philosophy is rooted in social reform, female empowerment, and sustainable artisanal craftsmanship.","Biswa Bangla Sharad Samman (Social Reform & Progressive Vision), Asian Paints Special Citation",22.520712,88.346934,https://www.facebook.com/66PallyDurgotsab/,@66pallysarbojanindurgots_kolkata,Kalighat,"Live demonstrations by rural Bengal folk craftspeople, sustainable natural installations (Dokra, Terracotta, Handloom), and rustic atmospheric village ambiance.","Visit during daytime (11:00 AM - 3:00 PM) to appreciate the natural colors, textures, and daylight detailing of the handicrafts."
54,70 Pally Sarbojanin Durga Puja,South Kolkata,1959 (Over 67 Years),Heritage Traditional Sabeki,"Preservation of classical 19th-century zamindari and colonial Bengal devotional aesthetics, championing timeless Ekchala purity over modern conceptual gimmicks.",Timeless Sabeki Ekchala Protima with traditional Chandimandap architecture and thakur-dalan ambiance.,Nine decades of uncompromised classical Ekchala barowari traditions and devotion.,"Classic Ekchala idol adorned in shimmering Daker Saaj (pith and silver foil work), sporting fish-shaped elongated Trayanani eyes and royal lion mount.","Hooghly river clay, sholapith filigree work, beaten brass vessels, handcrafted wooden pillars, and traditional chandeliers.","70 Pally Sarbojanin Durga Puja in South Kolkata is a proud custodian of traditional Sabeki heritage. Eschewing transient modern themes, it preserves the authentic spiritual ambiance of classic Bengal, marked by reverberating dhak beats, fragrant dhuno incense, and family-centered community devotion.",Biswa Bangla Sharad Samman (Heritage Tradition Category),22.521434,88.346312,https://www.facebook.com/70PallySarbojaninDurgaPujaKolkata/,@70pallysarbojanindurgapu_kolkata,Kalighat,"Heritage Ekchala Pratima with authentic Sholar/Daker Saaj, traditional Kumari Puja, grand Bijoya Dashami Sindur Khela, and royal Dhunuchi Nach.",Visit early morning around 7:00 AM - 10:00 AM during Pushpanjali or late afternoon to experience tranquil heritage rituals without massive theme queues.
55,95 Pally Jodhpur Park Durga Puja,South Kolkata,1970 (Over 56 Years),Thought-Provoking Social Theme Installation,"Using the public pandal as a canvas for social awakening, mental health discourse, environmental preservation, and women’s empowerment.",2025: Muktir Alo (Light of Liberation & Mental Well-being) | 2024: Jal-Dharoni (Water Conservation & Future Generations) | 2023: Nari Shakti (The Divine Feminine in Modern Times),2025: Muktir Alo | 2024: Jal-Dharoni | 2023: Nari Shakti | 2022: Somoyer Ayna | 2021: Punorutthan,Modern contemporary clay idol sculpted with empathetic figurative expressions that reflect the resilience of modern women.,"Recycled metal wires, earthen kulhars, distressed wood planks, kinetic light installations, and thematic voiceover soundscapes.","95 Pally Jodhpur Park Durga Puja in South Kolkata stands out for its bold, socially conscious conceptual installations. The puja committee uses modern installation art to provoke thought on contemporary humanitarian and environmental issues while maintaining deep spiritual reverence.","Asian Paints Sharad Samman (Creative Concept), Biswa Bangla Social Awareness Award",22.502812,88.365023,https://www.facebook.com/95PallyJodhpurParkDurgaPujaKolkata/,@95pallyjodhpurparkdurgap_kolkata,Rabindra Sarobar,"Experimental contemporary installation art, immersive spatial audio-visual storytelling, conceptual clay sculptures, and social reflection galleries.",Best experienced in the evening between 8:00 PM and midnight when thematic illumination and ambient acoustic soundscapes create an immersive sensory experience.
56,Abasar Sarbojanin Durgotsab Committee,South Kolkata,1981 (Over 45 Years),Eco-Friendly Vernacular Folk Art,Celebration of Bengal’s rural artisanal heritage and ecological harmony; utilizing sustainable organic raw materials to recreate village courtyards and tribal sanctuaries.,"2025: Banglar Mati, Banglar Haat (Folk Bazaar of Bengal) | 2024: Shobujer Prarthana (Ode to Green Earth) | 2023: Lok-Shilpo O Gramin Jibon",2025: Banglar Mati | 2024: Shobujer Prarthana | 2023: Lok-Shilpo | 2022: Patachitra Akhyan | 2021: Matir Gandho,"Terracotta-finished earthen clay idol with serene rustic expressions, painted with organic turmeric and chalk pigments.","Untreated bamboo strips, natural jute burlap, Bankura terracotta tiles, dry date-palm weaves, and warm incandescent glow.","Abasar Sarbojanin Durgotsab Committee in South Kolkata is renowned for its organic, sustainable theme approach. Embracing rural folk heritage, the pandal transports urban visitors into the peaceful sanctuary of a Bengal village, highlighting forgotten indigenous crafts and eco-friendly craftsmanship.",Biswa Bangla Sharad Samman (Eco-Friendly / Handicraft Category),22.525034,88.345012,https://www.facebook.com/AbasarSarbojaninDurgotsabCommitteeKolkata/,@abasarsarbojanindurgotsa_kolkata,Kalighat,"Live demonstrations by rural Bengal folk craftspeople, sustainable natural installations (Dokra, Terracotta, Handloom), and rustic atmospheric village ambiance.","Visit during daytime (11:00 AM - 3:00 PM) to appreciate the natural colors, textures, and daylight detailing of the handicrafts."
57,Abasorika Durgotsav Committee,South Kolkata,1992 (Over 34 Years),Grand Architectural Temple Replica,Bringing timeless sacred architecture from across the Indian subcontinent to Kolkata’s doorstep through meticulous sculptural imitation and light engineering.,2025: Grand Dravidian Temple of South India | 2024: Khajuraho Stone Carving Replica | 2023: Jagannath Puri Shrimandir Architecture,2025: Dravidian Temple | 2024: Khajuraho | 2023: Puri Shrimandir | 2022: Sun Temple Modhera | 2021: Golden Temple Amritsar,Majestic classical clay idol draped in opulent brocade and Benarasi silks with handcrafted filigree crowns.,"Thermocol relief panels, plaster carvings, fiberglass moldings, and extensive computer-controlled Chandannagar illumination gates.","Abasorika Durgotsav Committee in South Kolkata dazzles festive crowds with its monumental architectural reproductions. Recreating historic temples and palaces down to the finest stone carving detail, it stands as a visual marvel that draws visitors from across Bengal.",Biswa Bangla Sharad Samman (Best Pandal Architecture & Lighting),22.524312,88.345434,https://www.facebook.com/AbasorikaDurgotsavCommitteeKolkata/,@abasorikadurgotsavcommit_kolkata,Kalighat,"Colossal monumental architectural facade, dazzling 3D illuminated lighting gates by Chandannagar electrical artisans, and gold/jewel-adorned divine idol.",Expect very high footfall; visit during late midnight (1:30 AM to 4:30 AM) on Tritiya or Chaturthi to marvel at the exterior lighting with shorter lines.
58,Adi Ballygunge Sarbojanin Durga Puja,South Kolkata,2003 (Over 23 Years),Handloom & Traditional Handicraft Showcase,"Reviving endangered handloom weaves, bell-metal artistry, and indigenous handcraft traditions into a tactile visual sanctuary.",2025: Tant-O-Tanti (Tribute to Bengal Handloom Weavers) | 2024: Dokra O Pittol (Lost-Wax Bell Metal Magic) | 2023: Kantha-Stitch & Jamdani Odyssey,2025: Tant-O-Tanti | 2024: Dokra O Pittol | 2023: Kantha-Stitch Odyssey | 2022: Purulia Chhau Art | 2021: Shantiniketan Leather Craft,Artisan clay sculpture draped in authentic hand-woven Jamdani and Baluchari silk with bell-metal jewelry.,"Handloom wooden shuttle looms, thousands of yarn spools, Dokra brass castings, natural dyed cotton, and soft ambient flute ragas.","Adi Ballygunge Sarbojanin Durga Puja in South Kolkata transforms its puja pavilion into an ode to Bengal’s hereditary weavers and metalworkers. Every nook of the pandal features genuine handcrafted textures, providing livelihoods to rural craftspeople and enchanting visitors with textile elegance.",Biswa Bangla Sharad Samman (Best Handicraft Craftsmanship),22.521823,88.363012,https://www.facebook.com/AdiBallygungeSarbojaninDurgaPujaKolkata/,@adiballygungesarbojanind_kolkata,Kalighat,"Heritage Ekchala Pratima with authentic Sholar/Daker Saaj, traditional Kumari Puja, grand Bijoya Dashami Sindur Khela, and royal Dhunuchi Nach.",Visit early morning around 7:00 AM - 10:00 AM during Pushpanjali or late afternoon to experience tranquil heritage rituals without massive theme queues.
59,Adi Dakshin Kalikata Barowari Samittee,South Kolkata,2014 (Over 12 Years),Heritage Traditional Sabeki,"Preservation of classical 19th-century zamindari and colonial Bengal devotional aesthetics, championing timeless Ekchala purity over modern conceptual gimmicks.",Timeless Sabeki Ekchala Protima with traditional Chandimandap architecture and thakur-dalan ambiance.,Nine decades of uncompromised classical Ekchala barowari traditions and devotion.,"Classic Ekchala idol adorned in shimmering Daker Saaj (pith and silver foil work), sporting fish-shaped elongated Trayanani eyes and royal lion mount.","Hooghly river clay, sholapith filigree work, beaten brass vessels, handcrafted wooden pillars, and traditional chandeliers.","Adi Dakshin Kalikata Barowari Samittee in South Kolkata is a proud custodian of traditional Sabeki heritage. Eschewing transient modern themes, it preserves the authentic spiritual ambiance of classic Bengal, marked by reverberating dhak beats, fragrant dhuno incense, and family-centered community devotion.",Biswa Bangla Sharad Samman (Heritage Tradition Category),22.519045,88.344023,https://www.facebook.com/AdiDakshinKalikataBarowariSamitteeKolkata/,@adidakshinkalikatabarowa_kolkata,Netaji Bhavan,"Heritage Ekchala Pratima with authentic Sholar/Daker Saaj, traditional Kumari Puja, grand Bijoya Dashami Sindur Khela, and royal Dhunuchi Nach.",Visit early morning around 7:00 AM - 10:00 AM during Pushpanjali or late afternoon to experience tranquil heritage rituals without massive theme queues.
60,Agradut Udaya Sangha Durga Puja,South Kolkata,1960 (Over 66 Years),Thought-Provoking Social Theme Installation,"Using the public pandal as a canvas for social awakening, mental health discourse, environmental preservation, and women’s empowerment.",2025: Muktir Alo (Light of Liberation & Mental Well-being) | 2024: Jal-Dharoni (Water Conservation & Future Generations) | 2023: Nari Shakti (The Divine Feminine in Modern Times),2025: Muktir Alo | 2024: Jal-Dharoni | 2023: Nari Shakti | 2022: Somoyer Ayna | 2021: Punorutthan,Modern contemporary clay idol sculpted with empathetic figurative expressions that reflect the resilience of modern women.,"Recycled metal wires, earthen kulhars, distressed wood planks, kinetic light installations, and thematic voiceover soundscapes.","Agradut Udaya Sangha Durga Puja in South Kolkata stands out for its bold, socially conscious conceptual installations. The puja committee uses modern installation art to provoke thought on contemporary humanitarian and environmental issues while maintaining deep spiritual reverence.","Asian Paints Sharad Samman (Creative Concept), Biswa Bangla Social Awareness Award",22.518312,88.344412,https://www.facebook.com/AgradutUdayaSanghaDurgaPujaKolkata/,@agradutudayasanghadurgap_kolkata,Kalighat,"Experimental contemporary installation art, immersive spatial audio-visual storytelling, conceptual clay sculptures, and social reflection galleries.",Best experienced in the evening between 8:00 PM and midnight when thematic illumination and ambient acoustic soundscapes create an immersive sensory experience.
61,Arunodaya Adhibashi Brinder Durga Puja,South Kolkata,1971 (Over 55 Years),Eco-Friendly Vernacular Folk Art,Celebration of Bengal’s rural artisanal heritage and ecological harmony; utilizing sustainable organic raw materials to recreate village courtyards and tribal sanctuaries.,"2025: Banglar Mati, Banglar Haat (Folk Bazaar of Bengal) | 2024: Shobujer Prarthana (Ode to Green Earth) | 2023: Lok-Shilpo O Gramin Jibon",2025: Banglar Mati | 2024: Shobujer Prarthana | 2023: Lok-Shilpo | 2022: Patachitra Akhyan | 2021: Matir Gandho,"Terracotta-finished earthen clay idol with serene rustic expressions, painted with organic turmeric and chalk pigments.","Untreated bamboo strips, natural jute burlap, Bankura terracotta tiles, dry date-palm weaves, and warm incandescent glow.","Arunodaya Adhibashi Brinder Durga Puja in South Kolkata is renowned for its organic, sustainable theme approach. Embracing rural folk heritage, the pandal transports urban visitors into the peaceful sanctuary of a Bengal village, highlighting forgotten indigenous crafts and eco-friendly craftsmanship.",Biswa Bangla Sharad Samman (Eco-Friendly / Handicraft Category),22.517634,88.343734,https://www.facebook.com/ArunodayaAdhibashiBrinderDurgaPujaKolkata/,@arunodayaadhibashibrinde_kolkata,Kalighat,"Live demonstrations by rural Bengal folk craftspeople, sustainable natural installations (Dokra, Terracotta, Handloom), and rustic atmospheric village ambiance.","Visit during daytime (11:00 AM - 3:00 PM) to appreciate the natural colors, textures, and daylight detailing of the handicrafts."
62,Babu Bagan Durga Puja,South Kolkata,1962,Heritage Architectural & Coin/Stamp Art Replica,"Honoring Indian national history, philately, numismatics, and ancient stone temple architecture through painstaking artisan miniatures.",2025: Ajanta & Ellora Cave Sculptures | 2024: Golden Temple of India | 2023: Replica of World Heritage Somnath Temple | 2022: Postal Stamps of India Commemorative Pandal,2025: Ajanta-Ellora | 2024: Golden Temple | 2023: Somnath Temple | 2022: Indian Postal Stamps (Maa Durga through Philately) | 2021: Commemorative Coins,Exquisitely carved terracotta and stone-hued Durga idol mimicking ancient Gupta and Chola stone sculptures.,"Thousands of simulated antique coins, replicas of historic Indian stamps, thermocol stone-engravings, and sacred temple chime bells.","Located near Dhakuria, Babu Bagan Sarbojanin is renowned for its scholarly thematic installations that turn the pandal into an open-air museum. Their historical tributes—such as building an entire temple from replica postal stamps and ancient coins—draw history buffs and art enthusiasts alike.","Biswa Bangla Sharad Samman (Artistic Innovation), Asian Paints Special Jury Award",22.504012,88.367023,https://www.facebook.com/BabuBaganSarbojanin/,@babubagandurgapuja_kolkata,Kalighat,"Colossal monumental architectural facade, dazzling 3D illuminated lighting gates by Chandannagar electrical artisans, and gold/jewel-adorned divine idol.",Expect very high footfall; visit during late midnight (1:30 AM to 4:30 AM) on Tritiya or Chaturthi to marvel at the exterior lighting with shorter lines.
63,Badamtala Ashar Sangha Durga Puja,South Kolkata,1939,Modern Folk & Social Allegory,Reflective urban minimalism and folk surrealism; transforming everyday social emotions into thought-provoking architectural corridors.,2025: Chander Alo (The Serenity of Moonlight) | 2024: Nirbhor (Reliance on Nature) | 2023: Chhaya (Shadows of Truth),2025: Chander Alo | 2024: Nirbhor | 2023: Chhaya | 2022: Prothom Alo | 2021: Oshur Bodh | 2010: Asian Paints Sharad Samman Winner,"Avant-garde clay idol featuring minimalist facial lines, earthy clay tones, and stylized divine weapons made of treated wood.","Untreated bamboo poles, coir fiber ropes, hand-dyed cotton fabrics, and subtle diffused spotlights.","Badamtala Ashar Sangha in Kalighat is a historic stalwart of the South Kolkata theme movement. Known for launching contemporary theme art in the late 1990s and early 2000s, it continually experiments with spatial transitions that lead from darkness into sudden divine brilliance.","Asian Paints Sharad Samman (Multiple Honors), Biswa Bangla Sharad Samman",22.520423,88.347812,https://www.facebook.com/BadamtalaAsharSanghaOfficial/,@badamtalaasharsanghadurg_kolkata,Kalighat,"Live demonstrations by rural Bengal folk craftspeople, sustainable natural installations (Dokra, Terracotta, Handloom), and rustic atmospheric village ambiance.","Visit during daytime (11:00 AM - 3:00 PM) to appreciate the natural colors, textures, and daylight detailing of the handicrafts."
64,Baghajatin B and C Block Durgotsav Committee,South Kolkata,2004 (Over 22 Years),Heritage Traditional Sabeki,"Preservation of classical 19th-century zamindari and colonial Bengal devotional aesthetics, championing timeless Ekchala purity over modern conceptual gimmicks.",Timeless Sabeki Ekchala Protima with traditional Chandimandap architecture and thakur-dalan ambiance.,Nine decades of uncompromised classical Ekchala barowari traditions and devotion.,"Classic Ekchala idol adorned in shimmering Daker Saaj (pith and silver foil work), sporting fish-shaped elongated Trayanani eyes and royal lion mount.","Hooghly river clay, sholapith filigree work, beaten brass vessels, handcrafted wooden pillars, and traditional chandeliers.","Baghajatin B and C Block Durgotsav Committee in South Kolkata is a proud custodian of traditional Sabeki heritage. Eschewing transient modern themes, it preserves the authentic spiritual ambiance of classic Bengal, marked by reverberating dhak beats, fragrant dhuno incense, and family-centered community devotion.",Biswa Bangla Sharad Samman (Heritage Tradition Category),22.485012,88.369023,https://www.facebook.com/BaghajatinBandCBlockDurgotsavCommitteeKolkata/,@baghajatinbandcblockdurg_kolkata,Masterda Surya Sen,"Heritage Ekchala Pratima with authentic Sholar/Daker Saaj, traditional Kumari Puja, grand Bijoya Dashami Sindur Khela, and royal Dhunuchi Nach.",Visit early morning around 7:00 AM - 10:00 AM during Pushpanjali or late afternoon to experience tranquil heritage rituals without massive theme queues.
65,Baghajatin Tarun Sangha Durgotsav,South Kolkata,1950 (Over 76 Years),Thought-Provoking Social Theme Installation,"Using the public pandal as a canvas for social awakening, mental health discourse, environmental preservation, and women’s empowerment.",2025: Muktir Alo (Light of Liberation & Mental Well-being) | 2024: Jal-Dharoni (Water Conservation & Future Generations) | 2023: Nari Shakti (The Divine Feminine in Modern Times),2025: Muktir Alo | 2024: Jal-Dharoni | 2023: Nari Shakti | 2022: Somoyer Ayna | 2021: Punorutthan,Modern contemporary clay idol sculpted with empathetic figurative expressions that reflect the resilience of modern women.,"Recycled metal wires, earthen kulhars, distressed wood planks, kinetic light installations, and thematic voiceover soundscapes.","Baghajatin Tarun Sangha Durgotsav in South Kolkata stands out for its bold, socially conscious conceptual installations. The puja committee uses modern installation art to provoke thought on contemporary humanitarian and environmental issues while maintaining deep spiritual reverence.","Asian Paints Sharad Samman (Creative Concept), Biswa Bangla Social Awareness Award",22.484334,88.369412,https://www.facebook.com/BaghajatinTarunSanghaDurgotsavKolkata/,@baghajatintarunsanghadur_kolkata,Masterda Surya Sen,"Experimental contemporary installation art, immersive spatial audio-visual storytelling, conceptual clay sculptures, and social reflection galleries.",Best experienced in the evening between 8:00 PM and midnight when thematic illumination and ambient acoustic soundscapes create an immersive sensory experience.
66,Baishnabghata Paschimpara Sarbojanin Durgotsab,South Kolkata,1961 (Over 65 Years),Eco-Friendly Vernacular Folk Art,Celebration of Bengal’s rural artisanal heritage and ecological harmony; utilizing sustainable organic raw materials to recreate village courtyards and tribal sanctuaries.,"2025: Banglar Mati, Banglar Haat (Folk Bazaar of Bengal) | 2024: Shobujer Prarthana (Ode to Green Earth) | 2023: Lok-Shilpo O Gramin Jibon",2025: Banglar Mati | 2024: Shobujer Prarthana | 2023: Lok-Shilpo | 2022: Patachitra Akhyan | 2021: Matir Gandho,"Terracotta-finished earthen clay idol with serene rustic expressions, painted with organic turmeric and chalk pigments.","Untreated bamboo strips, natural jute burlap, Bankura terracotta tiles, dry date-palm weaves, and warm incandescent glow.","Baishnabghata Paschimpara Sarbojanin Durgotsab in South Kolkata is renowned for its organic, sustainable theme approach. Embracing rural folk heritage, the pandal transports urban visitors into the peaceful sanctuary of a Bengal village, highlighting forgotten indigenous crafts and eco-friendly craftsmanship.",Biswa Bangla Sharad Samman (Eco-Friendly / Handicraft Category),22.476012,88.371023,https://www.facebook.com/BaishnabghataPaschimparaSarbojaninDurgotsabKolkata/,@baishnabghatapaschimpara_kolkata,Kalighat,"Live demonstrations by rural Bengal folk craftspeople, sustainable natural installations (Dokra, Terracotta, Handloom), and rustic atmospheric village ambiance.","Visit during daytime (11:00 AM - 3:00 PM) to appreciate the natural colors, textures, and daylight detailing of the handicrafts."
67,Ballygunge Cultural Association Durga Puja,South Kolkata,1951,Sophisticated Cultural & Classical Art,"Refined aesthetic elegance balancing Bengali literary consciousness, classical performing arts, and traditional craft traditions.",2025: Alponar Chhonde (Bengal Folk Floor Art) | 2024: Classical Bengal Weaves | 2023: Banglar Shilpangan | 2022: Sobujer Obhijaan,2025: Alponar Chhonde | 2024: Handloom Weaves | 2023: Banglar Shilpangan | 2021: Swadhinatar 75 | 2019: Fusion of Modernism and Tradition,"Artistic clay pratima featuring refined traditional features, painted with natural chalk whites and soft ochres, adorned with subtle handcrafted jewelry.","Paper-mâché, earthen pots, natural cane weaving, jute tapestries, and Chandannagar artistic light vignettes depicting Rabindranath Tagore's verses.","Founded on Jatin Das Road in 1951, Ballygunge Cultural Association is renowned for high cultural standards, literary musical evenings, and its disciplined pandal architecture. It consistently participates in the state Red Road Carnival as a hallmark of South Kolkata sophistication.","Biswa Bangla Sharad Samman, Asian Paints Sharad Samman (Aesthetic Purity)",22.519823,88.364012,https://www.facebook.com/BallygungeCulturalAssociation/,@ballygungeculturalassoci_kolkata,Kalighat,"Experimental contemporary installation art, immersive spatial audio-visual storytelling, conceptual clay sculptures, and social reflection galleries.",Best experienced in the evening between 8:00 PM and midnight when thematic illumination and ambient acoustic soundscapes create an immersive sensory experience.
68,Ballygunge Pally Sarbojanin Durgotsab Committee,South Kolkata,1983 (Over 43 Years),Handloom & Traditional Handicraft Showcase,"Reviving endangered handloom weaves, bell-metal artistry, and indigenous handcraft traditions into a tactile visual sanctuary.",2025: Tant-O-Tanti (Tribute to Bengal Handloom Weavers) | 2024: Dokra O Pittol (Lost-Wax Bell Metal Magic) | 2023: Kantha-Stitch & Jamdani Odyssey,2025: Tant-O-Tanti | 2024: Dokra O Pittol | 2023: Kantha-Stitch Odyssey | 2022: Purulia Chhau Art | 2021: Shantiniketan Leather Craft,Artisan clay sculpture draped in authentic hand-woven Jamdani and Baluchari silk with bell-metal jewelry.,"Handloom wooden shuttle looms, thousands of yarn spools, Dokra brass castings, natural dyed cotton, and soft ambient flute ragas.","Ballygunge Pally Sarbojanin Durgotsab Committee in South Kolkata transforms its puja pavilion into an ode to Bengal’s hereditary weavers and metalworkers. Every nook of the pandal features genuine handcrafted textures, providing livelihoods to rural craftspeople and enchanting visitors with textile elegance.",Biswa Bangla Sharad Samman (Best Handicraft Craftsmanship),22.519145,88.364434,https://www.facebook.com/BallygungePallySarbojaninDurgotsabCommitteeKolkata/,@ballygungepallysarbojani_kolkata,Kalighat,"Heritage Ekchala Pratima with authentic Sholar/Daker Saaj, traditional Kumari Puja, grand Bijoya Dashami Sindur Khela, and royal Dhunuchi Nach.",Visit early morning around 7:00 AM - 10:00 AM during Pushpanjali or late afternoon to experience tranquil heritage rituals without massive theme queues.
69,Bansdroni Sammilita Sarbojanin Durgotsab Committee,South Kolkata,1994 (Over 32 Years),Heritage Traditional Sabeki,"Preservation of classical 19th-century zamindari and colonial Bengal devotional aesthetics, championing timeless Ekchala purity over modern conceptual gimmicks.",Timeless Sabeki Ekchala Protima with traditional Chandimandap architecture and thakur-dalan ambiance.,Nine decades of uncompromised classical Ekchala barowari traditions and devotion.,"Classic Ekchala idol adorned in shimmering Daker Saaj (pith and silver foil work), sporting fish-shaped elongated Trayanani eyes and royal lion mount.","Hooghly river clay, sholapith filigree work, beaten brass vessels, handcrafted wooden pillars, and traditional chandeliers.","Bansdroni Sammilita Sarbojanin Durgotsab Committee in South Kolkata is a proud custodian of traditional Sabeki heritage. Eschewing transient modern themes, it preserves the authentic spiritual ambiance of classic Bengal, marked by reverberating dhak beats, fragrant dhuno incense, and family-centered community devotion.",Biswa Bangla Sharad Samman (Heritage Tradition Category),22.468012,88.361023,https://www.facebook.com/BansdroniSammilitaSarbojaninDurgotsabCommitteeKolkata/,@bansdronisammilitasarboj_kolkata,Masterda Surya Sen,"Heritage Ekchala Pratima with authentic Sholar/Daker Saaj, traditional Kumari Puja, grand Bijoya Dashami Sindur Khela, and royal Dhunuchi Nach.",Visit early morning around 7:00 AM - 10:00 AM during Pushpanjali or late afternoon to experience tranquil heritage rituals without massive theme queues.
70,Bediadanga Sarbojanin Durgotsav Committee,South Kolkata,2005 (Over 21 Years),Thought-Provoking Social Theme Installation,"Using the public pandal as a canvas for social awakening, mental health discourse, environmental preservation, and women’s empowerment.",2025: Muktir Alo (Light of Liberation & Mental Well-being) | 2024: Jal-Dharoni (Water Conservation & Future Generations) | 2023: Nari Shakti (The Divine Feminine in Modern Times),2025: Muktir Alo | 2024: Jal-Dharoni | 2023: Nari Shakti | 2022: Somoyer Ayna | 2021: Punorutthan,Modern contemporary clay idol sculpted with empathetic figurative expressions that reflect the resilience of modern women.,"Recycled metal wires, earthen kulhars, distressed wood planks, kinetic light installations, and thematic voiceover soundscapes.","Bediadanga Sarbojanin Durgotsav Committee in South Kolkata stands out for its bold, socially conscious conceptual installations. The puja committee uses modern installation art to provoke thought on contemporary humanitarian and environmental issues while maintaining deep spiritual reverence.","Asian Paints Sharad Samman (Creative Concept), Biswa Bangla Social Awareness Award",22.511012,88.381023,https://www.facebook.com/BediadangaSarbojaninDurgotsavCommitteeKolkata/,@bediadangasarbojanindurg_kolkata,Kalighat,"Experimental contemporary installation art, immersive spatial audio-visual storytelling, conceptual clay sculptures, and social reflection galleries.",Best experienced in the evening between 8:00 PM and midnight when thematic illumination and ambient acoustic soundscapes create an immersive sensory experience.
71,Beltala Sarbojanin Durgotsab,South Kolkata,1951 (Over 75 Years),Eco-Friendly Vernacular Folk Art,Celebration of Bengal’s rural artisanal heritage and ecological harmony; utilizing sustainable organic raw materials to recreate village courtyards and tribal sanctuaries.,"2025: Banglar Mati, Banglar Haat (Folk Bazaar of Bengal) | 2024: Shobujer Prarthana (Ode to Green Earth) | 2023: Lok-Shilpo O Gramin Jibon",2025: Banglar Mati | 2024: Shobujer Prarthana | 2023: Lok-Shilpo | 2022: Patachitra Akhyan | 2021: Matir Gandho,"Terracotta-finished earthen clay idol with serene rustic expressions, painted with organic turmeric and chalk pigments.","Untreated bamboo strips, natural jute burlap, Bankura terracotta tiles, dry date-palm weaves, and warm incandescent glow.","Beltala Sarbojanin Durgotsab in South Kolkata is renowned for its organic, sustainable theme approach. Embracing rural folk heritage, the pandal transports urban visitors into the peaceful sanctuary of a Bengal village, highlighting forgotten indigenous crafts and eco-friendly craftsmanship.",Biswa Bangla Sharad Samman (Eco-Friendly / Handicraft Category),22.527012,88.347023,https://www.facebook.com/BeltalaSarbojaninDurgotsabKolkata/,@beltalasarbojanindurgots_kolkata,Kalighat,"Live demonstrations by rural Bengal folk craftspeople, sustainable natural installations (Dokra, Terracotta, Handloom), and rustic atmospheric village ambiance.","Visit during daytime (11:00 AM - 3:00 PM) to appreciate the natural colors, textures, and daylight detailing of the handicrafts."
72,Bengal United Club Durga Puja,South Kolkata,1962 (Over 64 Years),Grand Architectural Temple Replica,Bringing timeless sacred architecture from across the Indian subcontinent to Kolkata’s doorstep through meticulous sculptural imitation and light engineering.,2025: Grand Dravidian Temple of South India | 2024: Khajuraho Stone Carving Replica | 2023: Jagannath Puri Shrimandir Architecture,2025: Dravidian Temple | 2024: Khajuraho | 2023: Puri Shrimandir | 2022: Sun Temple Modhera | 2021: Golden Temple Amritsar,Majestic classical clay idol draped in opulent brocade and Benarasi silks with handcrafted filigree crowns.,"Thermocol relief panels, plaster carvings, fiberglass moldings, and extensive computer-controlled Chandannagar illumination gates.","Bengal United Club Durga Puja in South Kolkata dazzles festive crowds with its monumental architectural reproductions. Recreating historic temples and palaces down to the finest stone carving detail, it stands as a visual marvel that draws visitors from across Bengal.",Biswa Bangla Sharad Samman (Best Pandal Architecture & Lighting),22.526334,88.347412,https://www.facebook.com/BengalUnitedClubDurgaPujaKolkata/,@bengalunitedclubdurgapuj_kolkata,Kalighat,"Colossal monumental architectural facade, dazzling 3D illuminated lighting gates by Chandannagar electrical artisans, and gold/jewel-adorned divine idol.",Expect very high footfall; visit during late midnight (1:30 AM to 4:30 AM) on Tritiya or Chaturthi to marvel at the exterior lighting with shorter lines.
73,Bhawanipore Mahapuja Samity,South Kolkata,1973 (Over 53 Years),Handloom & Traditional Handicraft Showcase,"Reviving endangered handloom weaves, bell-metal artistry, and indigenous handcraft traditions into a tactile visual sanctuary.",2025: Tant-O-Tanti (Tribute to Bengal Handloom Weavers) | 2024: Dokra O Pittol (Lost-Wax Bell Metal Magic) | 2023: Kantha-Stitch & Jamdani Odyssey,2025: Tant-O-Tanti | 2024: Dokra O Pittol | 2023: Kantha-Stitch Odyssey | 2022: Purulia Chhau Art | 2021: Shantiniketan Leather Craft,Artisan clay sculpture draped in authentic hand-woven Jamdani and Baluchari silk with bell-metal jewelry.,"Handloom wooden shuttle looms, thousands of yarn spools, Dokra brass castings, natural dyed cotton, and soft ambient flute ragas.","Bhawanipore Mahapuja Samity in South Kolkata transforms its puja pavilion into an ode to Bengal’s hereditary weavers and metalworkers. Every nook of the pandal features genuine handcrafted textures, providing livelihoods to rural craftspeople and enchanting visitors with textile elegance.",Biswa Bangla Sharad Samman (Best Handicraft Craftsmanship),22.535012,88.348023,https://www.facebook.com/BhawaniporeMahapujaSamityKolkata/,@bhawaniporemahapujasamit_kolkata,Netaji Bhavan,"Heritage Ekchala Pratima with authentic Sholar/Daker Saaj, traditional Kumari Puja, grand Bijoya Dashami Sindur Khela, and royal Dhunuchi Nach.",Visit early morning around 7:00 AM - 10:00 AM during Pushpanjali or late afternoon to experience tranquil heritage rituals without massive theme queues.
74,Bhowanipore De Bari Durga Puja,South Kolkata,1984 (Over 42 Years),Heritage Traditional Sabeki,"Preservation of classical 19th-century zamindari and colonial Bengal devotional aesthetics, championing timeless Ekchala purity over modern conceptual gimmicks.",Timeless Sabeki Ekchala Protima with traditional Chandimandap architecture and thakur-dalan ambiance.,Nine decades of uncompromised classical Ekchala barowari traditions and devotion.,"Classic Ekchala idol adorned in shimmering Daker Saaj (pith and silver foil work), sporting fish-shaped elongated Trayanani eyes and royal lion mount.","Hooghly river clay, sholapith filigree work, beaten brass vessels, handcrafted wooden pillars, and traditional chandeliers.","Bhowanipore De Bari Durga Puja in South Kolkata is a proud custodian of traditional Sabeki heritage. Eschewing transient modern themes, it preserves the authentic spiritual ambiance of classic Bengal, marked by reverberating dhak beats, fragrant dhuno incense, and family-centered community devotion.",Biswa Bangla Sharad Samman (Heritage Tradition Category),22.534334,88.348412,https://www.facebook.com/BhowaniporeDeBariDurgaPujaKolkata/,@bhowaniporedebaridurgapu_kolkata,Netaji Bhavan,"Heritage Ekchala Pratima with authentic Sholar/Daker Saaj, traditional Kumari Puja, grand Bijoya Dashami Sindur Khela, and royal Dhunuchi Nach.",Visit early morning around 7:00 AM - 10:00 AM during Pushpanjali or late afternoon to experience tranquil heritage rituals without massive theme queues.
75,Bhowanipore Mitra Bari Durga Puja,South Kolkata,1995 (Over 31 Years),Thought-Provoking Social Theme Installation,"Using the public pandal as a canvas for social awakening, mental health discourse, environmental preservation, and women’s empowerment.",2025: Muktir Alo (Light of Liberation & Mental Well-being) | 2024: Jal-Dharoni (Water Conservation & Future Generations) | 2023: Nari Shakti (The Divine Feminine in Modern Times),2025: Muktir Alo | 2024: Jal-Dharoni | 2023: Nari Shakti | 2022: Somoyer Ayna | 2021: Punorutthan,Modern contemporary clay idol sculpted with empathetic figurative expressions that reflect the resilience of modern women.,"Recycled metal wires, earthen kulhars, distressed wood planks, kinetic light installations, and thematic voiceover soundscapes.","Bhowanipore Mitra Bari Durga Puja in South Kolkata stands out for its bold, socially conscious conceptual installations. The puja committee uses modern installation art to provoke thought on contemporary humanitarian and environmental issues while maintaining deep spiritual reverence.","Asian Paints Sharad Samman (Creative Concept), Biswa Bangla Social Awareness Award",22.533645,88.347734,https://www.facebook.com/BhowaniporeMitraBariDurgaPujaKolkata/,@bhowaniporemitrabaridurg_kolkata,Netaji Bhavan,"Experimental contemporary installation art, immersive spatial audio-visual storytelling, conceptual clay sculptures, and social reflection galleries.",Best experienced in the evening between 8:00 PM and midnight when thematic illumination and ambient acoustic soundscapes create an immersive sensory experience.
76,Bhowanipur 75 Palli Durga Puja,South Kolkata,2006 (Over 20 Years),Eco-Friendly Vernacular Folk Art,Celebration of Bengal’s rural artisanal heritage and ecological harmony; utilizing sustainable organic raw materials to recreate village courtyards and tribal sanctuaries.,"2025: Banglar Mati, Banglar Haat (Folk Bazaar of Bengal) | 2024: Shobujer Prarthana (Ode to Green Earth) | 2023: Lok-Shilpo O Gramin Jibon",2025: Banglar Mati | 2024: Shobujer Prarthana | 2023: Lok-Shilpo | 2022: Patachitra Akhyan | 2021: Matir Gandho,"Terracotta-finished earthen clay idol with serene rustic expressions, painted with organic turmeric and chalk pigments.","Untreated bamboo strips, natural jute burlap, Bankura terracotta tiles, dry date-palm weaves, and warm incandescent glow.","Bhowanipur 75 Palli Durga Puja in South Kolkata is renowned for its organic, sustainable theme approach. Embracing rural folk heritage, the pandal transports urban visitors into the peaceful sanctuary of a Bengal village, highlighting forgotten indigenous crafts and eco-friendly craftsmanship.",Biswa Bangla Sharad Samman (Eco-Friendly / Handicraft Category),22.532012,88.347023,https://www.facebook.com/Bhowanipur75PalliDurgaPujaKolkata/,@bhowanipur75pallidurgapu_kolkata,Netaji Bhavan,"Live demonstrations by rural Bengal folk craftspeople, sustainable natural installations (Dokra, Terracotta, Handloom), and rustic atmospheric village ambiance.","Visit during daytime (11:00 AM - 3:00 PM) to appreciate the natural colors, textures, and daylight detailing of the handicrafts."
77,Bhowanipur Muktadal Durga Puja,South Kolkata,1952 (Over 74 Years),Grand Architectural Temple Replica,Bringing timeless sacred architecture from across the Indian subcontinent to Kolkata’s doorstep through meticulous sculptural imitation and light engineering.,2025: Grand Dravidian Temple of South India | 2024: Khajuraho Stone Carving Replica | 2023: Jagannath Puri Shrimandir Architecture,2025: Dravidian Temple | 2024: Khajuraho | 2023: Puri Shrimandir | 2022: Sun Temple Modhera | 2021: Golden Temple Amritsar,Majestic classical clay idol draped in opulent brocade and Benarasi silks with handcrafted filigree crowns.,"Thermocol relief panels, plaster carvings, fiberglass moldings, and extensive computer-controlled Chandannagar illumination gates.","Bhowanipur Muktadal Durga Puja in South Kolkata dazzles festive crowds with its monumental architectural reproductions. Recreating historic temples and palaces down to the finest stone carving detail, it stands as a visual marvel that draws visitors from across Bengal.",Biswa Bangla Sharad Samman (Best Pandal Architecture & Lighting),22.531334,88.347412,https://www.facebook.com/BhowanipurMuktadalDurgaPujaKolkata/,@bhowanipurmuktadaldurgap_kolkata,Netaji Bhavan,"Colossal monumental architectural facade, dazzling 3D illuminated lighting gates by Chandannagar electrical artisans, and gold/jewel-adorned divine idol.",Expect very high footfall; visit during late midnight (1:30 AM to 4:30 AM) on Tritiya or Chaturthi to marvel at the exterior lighting with shorter lines.
78,Bhowanipur Ritwik Club Durga Puja Committee,South Kolkata,1963 (Over 63 Years),Handloom & Traditional Handicraft Showcase,"Reviving endangered handloom weaves, bell-metal artistry, and indigenous handcraft traditions into a tactile visual sanctuary.",2025: Tant-O-Tanti (Tribute to Bengal Handloom Weavers) | 2024: Dokra O Pittol (Lost-Wax Bell Metal Magic) | 2023: Kantha-Stitch & Jamdani Odyssey,2025: Tant-O-Tanti | 2024: Dokra O Pittol | 2023: Kantha-Stitch Odyssey | 2022: Purulia Chhau Art | 2021: Shantiniketan Leather Craft,Artisan clay sculpture draped in authentic hand-woven Jamdani and Baluchari silk with bell-metal jewelry.,"Handloom wooden shuttle looms, thousands of yarn spools, Dokra brass castings, natural dyed cotton, and soft ambient flute ragas.","Bhowanipur Ritwik Club Durga Puja Committee in South Kolkata transforms its puja pavilion into an ode to Bengal’s hereditary weavers and metalworkers. Every nook of the pandal features genuine handcrafted textures, providing livelihoods to rural craftspeople and enchanting visitors with textile elegance.",Biswa Bangla Sharad Samman (Best Handicraft Craftsmanship),22.530645,88.346734,https://www.facebook.com/BhowanipurRitwikClubDurgaPujaCommitteeKolkata/,@bhowanipurritwikclubdurg_kolkata,Netaji Bhavan,"Heritage Ekchala Pratima with authentic Sholar/Daker Saaj, traditional Kumari Puja, grand Bijoya Dashami Sindur Khela, and royal Dhunuchi Nach.",Visit early morning around 7:00 AM - 10:00 AM during Pushpanjali or late afternoon to experience tranquil heritage rituals without massive theme queues.
79,Bhowanipur Sarbojanin Durgotsav,South Kolkata,1974 (Over 52 Years),Heritage Traditional Sabeki,"Preservation of classical 19th-century zamindari and colonial Bengal devotional aesthetics, championing timeless Ekchala purity over modern conceptual gimmicks.",Timeless Sabeki Ekchala Protima with traditional Chandimandap architecture and thakur-dalan ambiance.,Nine decades of uncompromised classical Ekchala barowari traditions and devotion.,"Classic Ekchala idol adorned in shimmering Daker Saaj (pith and silver foil work), sporting fish-shaped elongated Trayanani eyes and royal lion mount.","Hooghly river clay, sholapith filigree work, beaten brass vessels, handcrafted wooden pillars, and traditional chandeliers.","Bhowanipur Sarbojanin Durgotsav in South Kolkata is a proud custodian of traditional Sabeki heritage. Eschewing transient modern themes, it preserves the authentic spiritual ambiance of classic Bengal, marked by reverberating dhak beats, fragrant dhuno incense, and family-centered community devotion.",Biswa Bangla Sharad Samman (Heritage Tradition Category),22.529012,88.346023,https://www.facebook.com/BhowanipurSarbojaninDurgotsavKolkata/,@bhowanipursarbojanindurg_kolkata,Netaji Bhavan,"Heritage Ekchala Pratima with authentic Sholar/Daker Saaj, traditional Kumari Puja, grand Bijoya Dashami Sindur Khela, and royal Dhunuchi Nach.",Visit early morning around 7:00 AM - 10:00 AM during Pushpanjali or late afternoon to experience tranquil heritage rituals without massive theme queues.
80,Bhowanipur Students Club Sarbojanin Durga Puja,South Kolkata,1985 (Over 41 Years),Thought-Provoking Social Theme Installation,"Using the public pandal as a canvas for social awakening, mental health discourse, environmental preservation, and women’s empowerment.",2025: Muktir Alo (Light of Liberation & Mental Well-being) | 2024: Jal-Dharoni (Water Conservation & Future Generations) | 2023: Nari Shakti (The Divine Feminine in Modern Times),2025: Muktir Alo | 2024: Jal-Dharoni | 2023: Nari Shakti | 2022: Somoyer Ayna | 2021: Punorutthan,Modern contemporary clay idol sculpted with empathetic figurative expressions that reflect the resilience of modern women.,"Recycled metal wires, earthen kulhars, distressed wood planks, kinetic light installations, and thematic voiceover soundscapes.","Bhowanipur Students Club Sarbojanin Durga Puja in South Kolkata stands out for its bold, socially conscious conceptual installations. The puja committee uses modern installation art to provoke thought on contemporary humanitarian and environmental issues while maintaining deep spiritual reverence.","Asian Paints Sharad Samman (Creative Concept), Biswa Bangla Social Awareness Award",22.528334,88.346412,https://www.facebook.com/BhowanipurStudentsClubSarbojaninDurgaPujaKolkata/,@bhowanipurstudentsclubsa_kolkata,Netaji Bhavan,"Experimental contemporary installation art, immersive spatial audio-visual storytelling, conceptual clay sculptures, and social reflection galleries.",Best experienced in the evening between 8:00 PM and midnight when thematic illumination and ambient acoustic soundscapes create an immersive sensory experience.
81,Bhowanipur Swadhin Sangha Durga Puja,South Kolkata,1996 (Over 30 Years),Eco-Friendly Vernacular Folk Art,Celebration of Bengal’s rural artisanal heritage and ecological harmony; utilizing sustainable organic raw materials to recreate village courtyards and tribal sanctuaries.,"2025: Banglar Mati, Banglar Haat (Folk Bazaar of Bengal) | 2024: Shobujer Prarthana (Ode to Green Earth) | 2023: Lok-Shilpo O Gramin Jibon",2025: Banglar Mati | 2024: Shobujer Prarthana | 2023: Lok-Shilpo | 2022: Patachitra Akhyan | 2021: Matir Gandho,"Terracotta-finished earthen clay idol with serene rustic expressions, painted with organic turmeric and chalk pigments.","Untreated bamboo strips, natural jute burlap, Bankura terracotta tiles, dry date-palm weaves, and warm incandescent glow.","Bhowanipur Swadhin Sangha Durga Puja in South Kolkata is renowned for its organic, sustainable theme approach. Embracing rural folk heritage, the pandal transports urban visitors into the peaceful sanctuary of a Bengal village, highlighting forgotten indigenous crafts and eco-friendly craftsmanship.",Biswa Bangla Sharad Samman (Eco-Friendly / Handicraft Category),22.527645,88.345734,https://www.facebook.com/BhowanipurSwadhinSanghaDurgaPujaKolkata/,@bhowanipurswadhinsanghad_kolkata,Netaji Bhavan,"Live demonstrations by rural Bengal folk craftspeople, sustainable natural installations (Dokra, Terracotta, Handloom), and rustic atmospheric village ambiance.","Visit during daytime (11:00 AM - 3:00 PM) to appreciate the natural colors, textures, and daylight detailing of the handicrafts."
82,Bhowanipur Udayan Club Durga Puja,South Kolkata,2007 (Over 19 Years),Grand Architectural Temple Replica,Bringing timeless sacred architecture from across the Indian subcontinent to Kolkata’s doorstep through meticulous sculptural imitation and light engineering.,2025: Grand Dravidian Temple of South India | 2024: Khajuraho Stone Carving Replica | 2023: Jagannath Puri Shrimandir Architecture,2025: Dravidian Temple | 2024: Khajuraho | 2023: Puri Shrimandir | 2022: Sun Temple Modhera | 2021: Golden Temple Amritsar,Majestic classical clay idol draped in opulent brocade and Benarasi silks with handcrafted filigree crowns.,"Thermocol relief panels, plaster carvings, fiberglass moldings, and extensive computer-controlled Chandannagar illumination gates.","Bhowanipur Udayan Club Durga Puja in South Kolkata dazzles festive crowds with its monumental architectural reproductions. Recreating historic temples and palaces down to the finest stone carving detail, it stands as a visual marvel that draws visitors from across Bengal.",Biswa Bangla Sharad Samman (Best Pandal Architecture & Lighting),22.526012,88.345023,https://www.facebook.com/BhowanipurUdayanClubDurgaPujaKolkata/,@bhowanipurudayanclubdurg_kolkata,Netaji Bhavan,"Colossal monumental architectural facade, dazzling 3D illuminated lighting gates by Chandannagar electrical artisans, and gold/jewel-adorned divine idol.",Expect very high footfall; visit during late midnight (1:30 AM to 4:30 AM) on Tritiya or Chaturthi to marvel at the exterior lighting with shorter lines.
83,Chetla Agrani Club Durga Puja,South Kolkata,1959,Artistic Conceptual & Social Installation,High-concept visual storytelling blending classical Indian mythology with urgent eco-humanist questions; utilizing singular natural mediums to craft monumental spiritual spaces.,2025: Bahumukhi Se Ek Mukhi – Amrit Kumbher Sandhane (Samudra Manthan with 3 Crore Rudrakshas) | 2024: Ganga Pollution & River Rejuvenation | 2023: Je Jekhane Bose (Everyday Living Spaces),2025: Amrit Kumbher Sandhane (Rudraksha Manthan) | 2024: Clean Ganga Awareness | 2023: Je Jekhane Bose | 2022: Sholapith Eco-craft | 2021: Khelaghor,"Brahmacharini and Yogini forms sculpted by master concept artists (such as Subrata Banerjee), using organic clay and terracotta tones without synthetic paints.","Over three crore authentic Rudraksha beads, recycled river driftwood, terracotta panels, raw unbleached cloth, and ambient conch-shell acoustics.","Chetla Agrani, patronized by Kolkata Mayor Firhad Hakim, is the vanguard of intellectual theme pujas in South Kolkata. Their installations consistently tackle environmental issues—such as river rejuvenation—while exploring Vedic cosmology through breathtaking tactile materials like millions of Rudraksha beads and organic earthen textures.","Biswa Bangla Sharad Samman (Serar Sera), Asian Paints Sharad Samman (Best Pandal Design)",22.522234,88.339212,https://www.facebook.com/ChetlaAgraniClubOfficial/,@chetlaagraniclubdurgapuj_kolkata,Kalighat,"Experimental contemporary installation art, immersive spatial audio-visual storytelling, conceptual clay sculptures, and social reflection galleries.",Best experienced in the evening between 8:00 PM and midnight when thematic illumination and ambient acoustic soundscapes create an immersive sensory experience.
84,Chetla Sarbasadharaner Durgotsab,South Kolkata,1964 (Over 62 Years),Heritage Traditional Sabeki,"Preservation of classical 19th-century zamindari and colonial Bengal devotional aesthetics, championing timeless Ekchala purity over modern conceptual gimmicks.",Timeless Sabeki Ekchala Protima with traditional Chandimandap architecture and thakur-dalan ambiance.,Nine decades of uncompromised classical Ekchala barowari traditions and devotion.,"Classic Ekchala idol adorned in shimmering Daker Saaj (pith and silver foil work), sporting fish-shaped elongated Trayanani eyes and royal lion mount.","Hooghly river clay, sholapith filigree work, beaten brass vessels, handcrafted wooden pillars, and traditional chandeliers.","Chetla Sarbasadharaner Durgotsab in South Kolkata is a proud custodian of traditional Sabeki heritage. Eschewing transient modern themes, it preserves the authentic spiritual ambiance of classic Bengal, marked by reverberating dhak beats, fragrant dhuno incense, and family-centered community devotion.",Biswa Bangla Sharad Samman (Heritage Tradition Category),22.521512,88.339634,https://www.facebook.com/ChetlaSarbasadharanerDurgotsabKolkata/,@chetlasarbasadharanerdur_kolkata,Kalighat,"Heritage Ekchala Pratima with authentic Sholar/Daker Saaj, traditional Kumari Puja, grand Bijoya Dashami Sindur Khela, and royal Dhunuchi Nach.",Visit early morning around 7:00 AM - 10:00 AM during Pushpanjali or late afternoon to experience tranquil heritage rituals without massive theme queues.
85,Dakshin Kolkata Sarbojanin Durgotsab,South Kolkata,1975 (Over 51 Years),Thought-Provoking Social Theme Installation,"Using the public pandal as a canvas for social awakening, mental health discourse, environmental preservation, and women’s empowerment.",2025: Muktir Alo (Light of Liberation & Mental Well-being) | 2024: Jal-Dharoni (Water Conservation & Future Generations) | 2023: Nari Shakti (The Divine Feminine in Modern Times),2025: Muktir Alo | 2024: Jal-Dharoni | 2023: Nari Shakti | 2022: Somoyer Ayna | 2021: Punorutthan,Modern contemporary clay idol sculpted with empathetic figurative expressions that reflect the resilience of modern women.,"Recycled metal wires, earthen kulhars, distressed wood planks, kinetic light installations, and thematic voiceover soundscapes.","Dakshin Kolkata Sarbojanin Durgotsab in South Kolkata stands out for its bold, socially conscious conceptual installations. The puja committee uses modern installation art to provoke thought on contemporary humanitarian and environmental issues while maintaining deep spiritual reverence.","Asian Paints Sharad Samman (Creative Concept), Biswa Bangla Social Awareness Award",22.518012,88.349023,https://www.facebook.com/DakshinKolkataSarbojaninDurgotsabKolkata/,@dakshinkolkatasarbojanin_kolkata,Kalighat,"Experimental contemporary installation art, immersive spatial audio-visual storytelling, conceptual clay sculptures, and social reflection galleries.",Best experienced in the evening between 8:00 PM and midnight when thematic illumination and ambient acoustic soundscapes create an immersive sensory experience.
86,Deshapriya Park Durga Puja,South Kolkata,1937,Monumental Architectural Theme & Cultural Festivity,"Transforming open urban public parks into colossal temples of cultural imagination, blending vast visual scales with vibrant community festivities.",2025: Replica of Somnath Temple of Gujarat | 2024: The Grand White Marble Temple of Rajasthan | 2023: Kedarnath Dham Replica | 2015: World's Tallest Durga Idol (Famed Record),2025: Somnath Temple | 2024: Marble Temple | 2023: Kedarnath Dham | 2022: Golden Pagoda | 2015: 88-Foot Tallest Idol Record | 2013: Thousand Pillar Temple,"Monumental and heroic clay idol, exquisitely draped in traditional royal Benarasi silks with dazzling handcrafted ornaments.","Heavy structural steel framework, simulated white marble panels, intricate relief carvings, and Chandannagar light panoramas.","Deshapriya Park in South Kolkata is legendary for its monumental installations. Famous for creating the record-setting 88-foot tall Durga idol in 2015 that brought Kolkata traffic to a standstill, it remains a premier highlight for millions of festive pandal hoppers.","Biswa Bangla Sharad Samman (Grandeur & Popular Choice), Best South Kolkata Mega Event",22.518123,88.354612,https://www.facebook.com/deshapriyaparkpujo/,@deshapriyaparkdurgapuja_kolkata,Kalighat,"Colossal monumental architectural facade, dazzling 3D illuminated lighting gates by Chandannagar electrical artisans, and gold/jewel-adorned divine idol.",Expect very high footfall; visit during late midnight (1:30 AM to 4:30 AM) on Tritiya or Chaturthi to marvel at the exterior lighting with shorter lines.
87,Dhakuria Pragati Sangha Durga Puja,South Kolkata,1997 (Over 29 Years),Grand Architectural Temple Replica,Bringing timeless sacred architecture from across the Indian subcontinent to Kolkata’s doorstep through meticulous sculptural imitation and light engineering.,2025: Grand Dravidian Temple of South India | 2024: Khajuraho Stone Carving Replica | 2023: Jagannath Puri Shrimandir Architecture,2025: Dravidian Temple | 2024: Khajuraho | 2023: Puri Shrimandir | 2022: Sun Temple Modhera | 2021: Golden Temple Amritsar,Majestic classical clay idol draped in opulent brocade and Benarasi silks with handcrafted filigree crowns.,"Thermocol relief panels, plaster carvings, fiberglass moldings, and extensive computer-controlled Chandannagar illumination gates.","Dhakuria Pragati Sangha Durga Puja in South Kolkata dazzles festive crowds with its monumental architectural reproductions. Recreating historic temples and palaces down to the finest stone carving detail, it stands as a visual marvel that draws visitors from across Bengal.",Biswa Bangla Sharad Samman (Best Pandal Architecture & Lighting),22.506012,88.368023,https://www.facebook.com/DhakuriaPragatiSanghaDurgaPujaKolkata/,@dhakuriapragatisanghadur_kolkata,Rabindra Sarobar,"Colossal monumental architectural facade, dazzling 3D illuminated lighting gates by Chandannagar electrical artisans, and gold/jewel-adorned divine idol.",Expect very high footfall; visit during late midnight (1:30 AM to 4:30 AM) on Tritiya or Chaturthi to marvel at the exterior lighting with shorter lines.
88,Dhakuria Sarbojanin Durgotsab,South Kolkata,2008 (Over 18 Years),Handloom & Traditional Handicraft Showcase,"Reviving endangered handloom weaves, bell-metal artistry, and indigenous handcraft traditions into a tactile visual sanctuary.",2025: Tant-O-Tanti (Tribute to Bengal Handloom Weavers) | 2024: Dokra O Pittol (Lost-Wax Bell Metal Magic) | 2023: Kantha-Stitch & Jamdani Odyssey,2025: Tant-O-Tanti | 2024: Dokra O Pittol | 2023: Kantha-Stitch Odyssey | 2022: Purulia Chhau Art | 2021: Shantiniketan Leather Craft,Artisan clay sculpture draped in authentic hand-woven Jamdani and Baluchari silk with bell-metal jewelry.,"Handloom wooden shuttle looms, thousands of yarn spools, Dokra brass castings, natural dyed cotton, and soft ambient flute ragas.","Dhakuria Sarbojanin Durgotsab in South Kolkata transforms its puja pavilion into an ode to Bengal’s hereditary weavers and metalworkers. Every nook of the pandal features genuine handcrafted textures, providing livelihoods to rural craftspeople and enchanting visitors with textile elegance.",Biswa Bangla Sharad Samman (Best Handicraft Craftsmanship),22.505334,88.368412,https://www.facebook.com/DhakuriaSarbojaninDurgotsabKolkata/,@dhakuriasarbojanindurgot_kolkata,Rabindra Sarobar,"Heritage Ekchala Pratima with authentic Sholar/Daker Saaj, traditional Kumari Puja, grand Bijoya Dashami Sindur Khela, and royal Dhunuchi Nach.",Visit early morning around 7:00 AM - 10:00 AM during Pushpanjali or late afternoon to experience tranquil heritage rituals without massive theme queues.
89,Ekdalia Evergreen Club Durga Puja,South Kolkata,1951,Traditional Temple Architecture & Chandannagar Illumination,Preserving the grandeur of ancient Indian stone temple architecture combined with the world's pinnacle of illuminated street artistry.,"2025: Replica of Brihadisvara Temple, Thanjavur | 2024: Sun Temple Konark | 2023: Golden Temple Vellore | 2022: Modhera Sun Temple",2025: Brihadisvara Temple | 2024: Konark Temple | 2023: Vellore Golden Temple | 2022: Modhera Temple | 2021: Meenakshi Amman Temple | 2019: Varanasi Kashi Vishwanath Replica,"Majestic classical clay idol sculpted in traditional German-silver Daker Saaj by Sanatan Rudra Pal, preserving ancient Chandi iconography.","Hand-carved thermocol and plaster reliefs simulating ancient weathered sandstone, accompanied by mammoth Chandannagar motorized 3D light gates.","Founded under the legendary patronage of Late Subrata Mukherjee, Ekdalia Evergreen at Gariahat is an unshakeable giant of South Kolkata. Its signature formula—a colossal replica of a classical Indian temple housing a radiant sabeki Pratima, bordered by glittering miles of Chandannagar light arches—draws millions every autumn.","Biswa Bangla Sharad Samman (Lighting & Architectural Heritage), Asian Paints All-Time Classic",22.518612,88.366934,https://www.facebook.com/EkdaliaEvergreenClub/,@ekdaliaevergreenclubdurg_kolkata,Kalighat,"Heritage Ekchala Pratima with authentic Sholar/Daker Saaj, traditional Kumari Puja, grand Bijoya Dashami Sindur Khela, and royal Dhunuchi Nach.",Visit early morning around 7:00 AM - 10:00 AM during Pushpanjali or late afternoon to experience tranquil heritage rituals without massive theme queues.
90,Falguni Sangha Durga Puja,South Kolkata,1965 (Over 61 Years),Thought-Provoking Social Theme Installation,"Using the public pandal as a canvas for social awakening, mental health discourse, environmental preservation, and women’s empowerment.",2025: Muktir Alo (Light of Liberation & Mental Well-being) | 2024: Jal-Dharoni (Water Conservation & Future Generations) | 2023: Nari Shakti (The Divine Feminine in Modern Times),2025: Muktir Alo | 2024: Jal-Dharoni | 2023: Nari Shakti | 2022: Somoyer Ayna | 2021: Punorutthan,Modern contemporary clay idol sculpted with empathetic figurative expressions that reflect the resilience of modern women.,"Recycled metal wires, earthen kulhars, distressed wood planks, kinetic light installations, and thematic voiceover soundscapes.","Falguni Sangha Durga Puja in South Kolkata stands out for its bold, socially conscious conceptual installations. The puja committee uses modern installation art to provoke thought on contemporary humanitarian and environmental issues while maintaining deep spiritual reverence.","Asian Paints Sharad Samman (Creative Concept), Biswa Bangla Social Awareness Award",22.516012,88.357023,https://www.facebook.com/FalguniSanghaDurgaPujaKolkata/,@falgunisanghadurgapuja_kolkata,Kalighat,"Experimental contemporary installation art, immersive spatial audio-visual storytelling, conceptual clay sculptures, and social reflection galleries.",Best experienced in the evening between 8:00 PM and midnight when thematic illumination and ambient acoustic soundscapes create an immersive sensory experience.
91,Garfa Sarbojanin Durgotsav,South Kolkata,1976 (Over 50 Years),Eco-Friendly Vernacular Folk Art,Celebration of Bengal’s rural artisanal heritage and ecological harmony; utilizing sustainable organic raw materials to recreate village courtyards and tribal sanctuaries.,"2025: Banglar Mati, Banglar Haat (Folk Bazaar of Bengal) | 2024: Shobujer Prarthana (Ode to Green Earth) | 2023: Lok-Shilpo O Gramin Jibon",2025: Banglar Mati | 2024: Shobujer Prarthana | 2023: Lok-Shilpo | 2022: Patachitra Akhyan | 2021: Matir Gandho,"Terracotta-finished earthen clay idol with serene rustic expressions, painted with organic turmeric and chalk pigments.","Untreated bamboo strips, natural jute burlap, Bankura terracotta tiles, dry date-palm weaves, and warm incandescent glow.","Garfa Sarbojanin Durgotsav in South Kolkata is renowned for its organic, sustainable theme approach. Embracing rural folk heritage, the pandal transports urban visitors into the peaceful sanctuary of a Bengal village, highlighting forgotten indigenous crafts and eco-friendly craftsmanship.",Biswa Bangla Sharad Samman (Eco-Friendly / Handicraft Category),22.501012,88.375023,https://www.facebook.com/GarfaSarbojaninDurgotsavKolkata/,@garfasarbojanindurgotsav_kolkata,Kavi Nazrul,"Live demonstrations by rural Bengal folk craftspeople, sustainable natural installations (Dokra, Terracotta, Handloom), and rustic atmospheric village ambiance.","Visit during daytime (11:00 AM - 3:00 PM) to appreciate the natural colors, textures, and daylight detailing of the handicrafts."
92,Golpark Sarbojanin Durgotsab Committee,South Kolkata,1987 (Over 39 Years),Grand Architectural Temple Replica,Bringing timeless sacred architecture from across the Indian subcontinent to Kolkata’s doorstep through meticulous sculptural imitation and light engineering.,2025: Grand Dravidian Temple of South India | 2024: Khajuraho Stone Carving Replica | 2023: Jagannath Puri Shrimandir Architecture,2025: Dravidian Temple | 2024: Khajuraho | 2023: Puri Shrimandir | 2022: Sun Temple Modhera | 2021: Golden Temple Amritsar,Majestic classical clay idol draped in opulent brocade and Benarasi silks with handcrafted filigree crowns.,"Thermocol relief panels, plaster carvings, fiberglass moldings, and extensive computer-controlled Chandannagar illumination gates.","Golpark Sarbojanin Durgotsab Committee in South Kolkata dazzles festive crowds with its monumental architectural reproductions. Recreating historic temples and palaces down to the finest stone carving detail, it stands as a visual marvel that draws visitors from across Bengal.",Biswa Bangla Sharad Samman (Best Pandal Architecture & Lighting),22.514012,88.363023,https://www.facebook.com/GolparkSarbojaninDurgotsabCommitteeKolkata/,@golparksarbojanindurgots_kolkata,Kalighat,"Colossal monumental architectural facade, dazzling 3D illuminated lighting gates by Chandannagar electrical artisans, and gold/jewel-adorned divine idol.",Expect very high footfall; visit during late midnight (1:30 AM to 4:30 AM) on Tritiya or Chaturthi to marvel at the exterior lighting with shorter lines.
93,Gopal Nagar Kalyan Sangha Durga Puja,South Kolkata,1998 (Over 28 Years),Handloom & Traditional Handicraft Showcase,"Reviving endangered handloom weaves, bell-metal artistry, and indigenous handcraft traditions into a tactile visual sanctuary.",2025: Tant-O-Tanti (Tribute to Bengal Handloom Weavers) | 2024: Dokra O Pittol (Lost-Wax Bell Metal Magic) | 2023: Kantha-Stitch & Jamdani Odyssey,2025: Tant-O-Tanti | 2024: Dokra O Pittol | 2023: Kantha-Stitch Odyssey | 2022: Purulia Chhau Art | 2021: Shantiniketan Leather Craft,Artisan clay sculpture draped in authentic hand-woven Jamdani and Baluchari silk with bell-metal jewelry.,"Handloom wooden shuttle looms, thousands of yarn spools, Dokra brass castings, natural dyed cotton, and soft ambient flute ragas.","Gopal Nagar Kalyan Sangha Durga Puja in South Kolkata transforms its puja pavilion into an ode to Bengal’s hereditary weavers and metalworkers. Every nook of the pandal features genuine handcrafted textures, providing livelihoods to rural craftspeople and enchanting visitors with textile elegance.",Biswa Bangla Sharad Samman (Best Handicraft Craftsmanship),22.523012,88.334023,https://www.facebook.com/GopalNagarKalyanSanghaDurgaPujaKolkata/,@gopalnagarkalyansanghadu_kolkata,Kalighat,"Heritage Ekchala Pratima with authentic Sholar/Daker Saaj, traditional Kumari Puja, grand Bijoya Dashami Sindur Khela, and royal Dhunuchi Nach.",Visit early morning around 7:00 AM - 10:00 AM during Pushpanjali or late afternoon to experience tranquil heritage rituals without massive theme queues.
94,Harish Park Sarbojanin Durgotsab Samity,South Kolkata,2009 (Over 17 Years),Heritage Traditional Sabeki,"Preservation of classical 19th-century zamindari and colonial Bengal devotional aesthetics, championing timeless Ekchala purity over modern conceptual gimmicks.",Timeless Sabeki Ekchala Protima with traditional Chandimandap architecture and thakur-dalan ambiance.,Nine decades of uncompromised classical Ekchala barowari traditions and devotion.,"Classic Ekchala idol adorned in shimmering Daker Saaj (pith and silver foil work), sporting fish-shaped elongated Trayanani eyes and royal lion mount.","Hooghly river clay, sholapith filigree work, beaten brass vessels, handcrafted wooden pillars, and traditional chandeliers.","Harish Park Sarbojanin Durgotsab Samity in South Kolkata is a proud custodian of traditional Sabeki heritage. Eschewing transient modern themes, it preserves the authentic spiritual ambiance of classic Bengal, marked by reverberating dhak beats, fragrant dhuno incense, and family-centered community devotion.",Biswa Bangla Sharad Samman (Heritage Tradition Category),22.531012,88.349023,https://www.facebook.com/HarishParkSarbojaninDurgotsabSamityKolkata/,@harishparksarbojanindurg_kolkata,Netaji Bhavan,"Heritage Ekchala Pratima with authentic Sholar/Daker Saaj, traditional Kumari Puja, grand Bijoya Dashami Sindur Khela, and royal Dhunuchi Nach.",Visit early morning around 7:00 AM - 10:00 AM during Pushpanjali or late afternoon to experience tranquil heritage rituals without massive theme queues.
95,Hindustan Pally Durga Puja Committee,South Kolkata,1955 (Over 71 Years),Thought-Provoking Social Theme Installation,"Using the public pandal as a canvas for social awakening, mental health discourse, environmental preservation, and women’s empowerment.",2025: Muktir Alo (Light of Liberation & Mental Well-being) | 2024: Jal-Dharoni (Water Conservation & Future Generations) | 2023: Nari Shakti (The Divine Feminine in Modern Times),2025: Muktir Alo | 2024: Jal-Dharoni | 2023: Nari Shakti | 2022: Somoyer Ayna | 2021: Punorutthan,Modern contemporary clay idol sculpted with empathetic figurative expressions that reflect the resilience of modern women.,"Recycled metal wires, earthen kulhars, distressed wood planks, kinetic light installations, and thematic voiceover soundscapes.","Hindustan Pally Durga Puja Committee in South Kolkata stands out for its bold, socially conscious conceptual installations. The puja committee uses modern installation art to provoke thought on contemporary humanitarian and environmental issues while maintaining deep spiritual reverence.","Asian Paints Sharad Samman (Creative Concept), Biswa Bangla Social Awareness Award",22.517012,88.361023,https://www.facebook.com/HindustanPallyDurgaPujaCommitteeKolkata/,@hindustanpallydurgapujac_kolkata,Kalighat,"Experimental contemporary installation art, immersive spatial audio-visual storytelling, conceptual clay sculptures, and social reflection galleries.",Best experienced in the evening between 8:00 PM and midnight when thematic illumination and ambient acoustic soundscapes create an immersive sensory experience.
96,Jubamaitry Kalighat Durga Puja,South Kolkata,1966 (Over 60 Years),Eco-Friendly Vernacular Folk Art,Celebration of Bengal’s rural artisanal heritage and ecological harmony; utilizing sustainable organic raw materials to recreate village courtyards and tribal sanctuaries.,"2025: Banglar Mati, Banglar Haat (Folk Bazaar of Bengal) | 2024: Shobujer Prarthana (Ode to Green Earth) | 2023: Lok-Shilpo O Gramin Jibon",2025: Banglar Mati | 2024: Shobujer Prarthana | 2023: Lok-Shilpo | 2022: Patachitra Akhyan | 2021: Matir Gandho,"Terracotta-finished earthen clay idol with serene rustic expressions, painted with organic turmeric and chalk pigments.","Untreated bamboo strips, natural jute burlap, Bankura terracotta tiles, dry date-palm weaves, and warm incandescent glow.","Jubamaitry Kalighat Durga Puja in South Kolkata is renowned for its organic, sustainable theme approach. Embracing rural folk heritage, the pandal transports urban visitors into the peaceful sanctuary of a Bengal village, highlighting forgotten indigenous crafts and eco-friendly craftsmanship.",Biswa Bangla Sharad Samman (Eco-Friendly / Handicraft Category),22.521212,88.345234,https://www.facebook.com/JubamaitryKalighatDurgaPujaKolkata/,@jubamaitrykalighatdurgap_kolkata,Kalighat,"Live demonstrations by rural Bengal folk craftspeople, sustainable natural installations (Dokra, Terracotta, Handloom), and rustic atmospheric village ambiance.","Visit during daytime (11:00 AM - 3:00 PM) to appreciate the natural colors, textures, and daylight detailing of the handicrafts."
97,Kalighat Nepal Bhattacharjee Street Club,South Kolkata,1977 (Over 49 Years),Grand Architectural Temple Replica,Bringing timeless sacred architecture from across the Indian subcontinent to Kolkata’s doorstep through meticulous sculptural imitation and light engineering.,2025: Grand Dravidian Temple of South India | 2024: Khajuraho Stone Carving Replica | 2023: Jagannath Puri Shrimandir Architecture,2025: Dravidian Temple | 2024: Khajuraho | 2023: Puri Shrimandir | 2022: Sun Temple Modhera | 2021: Golden Temple Amritsar,Majestic classical clay idol draped in opulent brocade and Benarasi silks with handcrafted filigree crowns.,"Thermocol relief panels, plaster carvings, fiberglass moldings, and extensive computer-controlled Chandannagar illumination gates.","Kalighat Nepal Bhattacharjee Street Club in South Kolkata dazzles festive crowds with its monumental architectural reproductions. Recreating historic temples and palaces down to the finest stone carving detail, it stands as a visual marvel that draws visitors from across Bengal.",Biswa Bangla Sharad Samman (Best Pandal Architecture & Lighting),22.520534,88.347212,https://www.facebook.com/KalighatNepalBhattacharjeeStreetClubKolkata/,@kalighatnepalbhattacharj_kolkata,Kalighat,"Colossal monumental architectural facade, dazzling 3D illuminated lighting gates by Chandannagar electrical artisans, and gold/jewel-adorned divine idol.",Expect very high footfall; visit during late midnight (1:30 AM to 4:30 AM) on Tritiya or Chaturthi to marvel at the exterior lighting with shorter lines.
98,Kasba R.K. Chatterjee Road Adhibasi Brinda Durga Puja,South Kolkata,1988 (Over 38 Years),Handloom & Traditional Handicraft Showcase,"Reviving endangered handloom weaves, bell-metal artistry, and indigenous handcraft traditions into a tactile visual sanctuary.",2025: Tant-O-Tanti (Tribute to Bengal Handloom Weavers) | 2024: Dokra O Pittol (Lost-Wax Bell Metal Magic) | 2023: Kantha-Stitch & Jamdani Odyssey,2025: Tant-O-Tanti | 2024: Dokra O Pittol | 2023: Kantha-Stitch Odyssey | 2022: Purulia Chhau Art | 2021: Shantiniketan Leather Craft,Artisan clay sculpture draped in authentic hand-woven Jamdani and Baluchari silk with bell-metal jewelry.,"Handloom wooden shuttle looms, thousands of yarn spools, Dokra brass castings, natural dyed cotton, and soft ambient flute ragas.","Kasba R.K. Chatterjee Road Adhibasi Brinda Durga Puja in South Kolkata transforms its puja pavilion into an ode to Bengal’s hereditary weavers and metalworkers. Every nook of the pandal features genuine handcrafted textures, providing livelihoods to rural craftspeople and enchanting visitors with textile elegance.",Biswa Bangla Sharad Samman (Best Handicraft Craftsmanship),22.513012,88.384023,https://www.facebook.com/KasbaRKChatterjeeRoadAdhibasiBrindaDurgaPujaKolkata/,@kasbarkchatterjeeroadadh_kolkata,Kalighat,"Heritage Ekchala Pratima with authentic Sholar/Daker Saaj, traditional Kumari Puja, grand Bijoya Dashami Sindur Khela, and royal Dhunuchi Nach.",Visit early morning around 7:00 AM - 10:00 AM during Pushpanjali or late afternoon to experience tranquil heritage rituals without massive theme queues.
99,Kasba Renaissance Club,South Kolkata,1999 (Over 27 Years),Heritage Traditional Sabeki,"Preservation of classical 19th-century zamindari and colonial Bengal devotional aesthetics, championing timeless Ekchala purity over modern conceptual gimmicks.",Timeless Sabeki Ekchala Protima with traditional Chandimandap architecture and thakur-dalan ambiance.,Nine decades of uncompromised classical Ekchala barowari traditions and devotion.,"Classic Ekchala idol adorned in shimmering Daker Saaj (pith and silver foil work), sporting fish-shaped elongated Trayanani eyes and royal lion mount.","Hooghly river clay, sholapith filigree work, beaten brass vessels, handcrafted wooden pillars, and traditional chandeliers.","Kasba Renaissance Club in South Kolkata is a proud custodian of traditional Sabeki heritage. Eschewing transient modern themes, it preserves the authentic spiritual ambiance of classic Bengal, marked by reverberating dhak beats, fragrant dhuno incense, and family-centered community devotion.",Biswa Bangla Sharad Samman (Heritage Tradition Category),22.512334,88.384412,https://www.facebook.com/KasbaRenaissanceClubKolkata/,@kasbarenaissanceclub_kolkata,Kalighat,"Heritage Ekchala Pratima with authentic Sholar/Daker Saaj, traditional Kumari Puja, grand Bijoya Dashami Sindur Khela, and royal Dhunuchi Nach.",Visit early morning around 7:00 AM - 10:00 AM during Pushpanjali or late afternoon to experience tranquil heritage rituals without massive theme queues.
100,Kasba Shakti Sangha Pallybasi Durgotsav Samity,South Kolkata,2010 (Over 16 Years),Thought-Provoking Social Theme Installation,"Using the public pandal as a canvas for social awakening, mental health discourse, environmental preservation, and women’s empowerment.",2025: Muktir Alo (Light of Liberation & Mental Well-being) | 2024: Jal-Dharoni (Water Conservation & Future Generations) | 2023: Nari Shakti (The Divine Feminine in Modern Times),2025: Muktir Alo | 2024: Jal-Dharoni | 2023: Nari Shakti | 2022: Somoyer Ayna | 2021: Punorutthan,Modern contemporary clay idol sculpted with empathetic figurative expressions that reflect the resilience of modern women.,"Recycled metal wires, earthen kulhars, distressed wood planks, kinetic light installations, and thematic voiceover soundscapes.","Kasba Shakti Sangha Pallybasi Durgotsav Samity in South Kolkata stands out for its bold, socially conscious conceptual installations. The puja committee uses modern installation art to provoke thought on contemporary humanitarian and environmental issues while maintaining deep spiritual reverence.","Asian Paints Sharad Samman (Creative Concept), Biswa Bangla Social Awareness Award",22.511645,88.383734,https://www.facebook.com/KasbaShaktiSanghaPallybasiDurgotsavSamityKolkata/,@kasbashaktisanghapallyba_kolkata,Kalighat,"Experimental contemporary installation art, immersive spatial audio-visual storytelling, conceptual clay sculptures, and social reflection galleries.",Best experienced in the evening between 8:00 PM and midnight when thematic illumination and ambient acoustic soundscapes create an immersive sensory experience.
101,Ketopole Sammilani Durga Puja,South Kolkata,1956 (Over 70 Years),Eco-Friendly Vernacular Folk Art,Celebration of Bengal’s rural artisanal heritage and ecological harmony; utilizing sustainable organic raw materials to recreate village courtyards and tribal sanctuaries.,"2025: Banglar Mati, Banglar Haat (Folk Bazaar of Bengal) | 2024: Shobujer Prarthana (Ode to Green Earth) | 2023: Lok-Shilpo O Gramin Jibon",2025: Banglar Mati | 2024: Shobujer Prarthana | 2023: Lok-Shilpo | 2022: Patachitra Akhyan | 2021: Matir Gandho,"Terracotta-finished earthen clay idol with serene rustic expressions, painted with organic turmeric and chalk pigments.","Untreated bamboo strips, natural jute burlap, Bankura terracotta tiles, dry date-palm weaves, and warm incandescent glow.","Ketopole Sammilani Durga Puja in South Kolkata is renowned for its organic, sustainable theme approach. Embracing rural folk heritage, the pandal transports urban visitors into the peaceful sanctuary of a Bengal village, highlighting forgotten indigenous crafts and eco-friendly craftsmanship.",Biswa Bangla Sharad Samman (Eco-Friendly / Handicraft Category),22.508012,88.338023,https://www.facebook.com/KetopoleSammilaniDurgaPujaKolkata/,@ketopolesammilanidurgapu_kolkata,Kalighat,"Live demonstrations by rural Bengal folk craftspeople, sustainable natural installations (Dokra, Terracotta, Handloom), and rustic atmospheric village ambiance.","Visit during daytime (11:00 AM - 3:00 PM) to appreciate the natural colors, textures, and daylight detailing of the handicrafts."
102,Keyatala Pally Samity Durga Puja,South Kolkata,1967 (Over 59 Years),Grand Architectural Temple Replica,Bringing timeless sacred architecture from across the Indian subcontinent to Kolkata’s doorstep through meticulous sculptural imitation and light engineering.,2025: Grand Dravidian Temple of South India | 2024: Khajuraho Stone Carving Replica | 2023: Jagannath Puri Shrimandir Architecture,2025: Dravidian Temple | 2024: Khajuraho | 2023: Puri Shrimandir | 2022: Sun Temple Modhera | 2021: Golden Temple Amritsar,Majestic classical clay idol draped in opulent brocade and Benarasi silks with handcrafted filigree crowns.,"Thermocol relief panels, plaster carvings, fiberglass moldings, and extensive computer-controlled Chandannagar illumination gates.","Keyatala Pally Samity Durga Puja in South Kolkata dazzles festive crowds with its monumental architectural reproductions. Recreating historic temples and palaces down to the finest stone carving detail, it stands as a visual marvel that draws visitors from across Bengal.",Biswa Bangla Sharad Samman (Best Pandal Architecture & Lighting),22.513012,88.360023,https://www.facebook.com/KeyatalaPallySamityDurgaPujaKolkata/,@keyatalapallysamitydurga_kolkata,Rabindra Sarobar,"Colossal monumental architectural facade, dazzling 3D illuminated lighting gates by Chandannagar electrical artisans, and gold/jewel-adorned divine idol.",Expect very high footfall; visit during late midnight (1:30 AM to 4:30 AM) on Tritiya or Chaturthi to marvel at the exterior lighting with shorter lines.
103,Kheyali Sangha Durga Puja,South Kolkata,1978 (Over 48 Years),Handloom & Traditional Handicraft Showcase,"Reviving endangered handloom weaves, bell-metal artistry, and indigenous handcraft traditions into a tactile visual sanctuary.",2025: Tant-O-Tanti (Tribute to Bengal Handloom Weavers) | 2024: Dokra O Pittol (Lost-Wax Bell Metal Magic) | 2023: Kantha-Stitch & Jamdani Odyssey,2025: Tant-O-Tanti | 2024: Dokra O Pittol | 2023: Kantha-Stitch Odyssey | 2022: Purulia Chhau Art | 2021: Shantiniketan Leather Craft,Artisan clay sculpture draped in authentic hand-woven Jamdani and Baluchari silk with bell-metal jewelry.,"Handloom wooden shuttle looms, thousands of yarn spools, Dokra brass castings, natural dyed cotton, and soft ambient flute ragas.","Kheyali Sangha Durga Puja in South Kolkata transforms its puja pavilion into an ode to Bengal’s hereditary weavers and metalworkers. Every nook of the pandal features genuine handcrafted textures, providing livelihoods to rural craftspeople and enchanting visitors with textile elegance.",Biswa Bangla Sharad Samman (Best Handicraft Craftsmanship),22.512334,88.360412,https://www.facebook.com/KheyaliSanghaDurgaPujaKolkata/,@kheyalisanghadurgapuja_kolkata,Kalighat,"Heritage Ekchala Pratima with authentic Sholar/Daker Saaj, traditional Kumari Puja, grand Bijoya Dashami Sindur Khela, and royal Dhunuchi Nach.",Visit early morning around 7:00 AM - 10:00 AM during Pushpanjali or late afternoon to experience tranquil heritage rituals without massive theme queues.
104,Khidderpore Sarbojanin Durgotsab,South Kolkata,1989 (Over 37 Years),Heritage Traditional Sabeki,"Preservation of classical 19th-century zamindari and colonial Bengal devotional aesthetics, championing timeless Ekchala purity over modern conceptual gimmicks.",Timeless Sabeki Ekchala Protima with traditional Chandimandap architecture and thakur-dalan ambiance.,Nine decades of uncompromised classical Ekchala barowari traditions and devotion.,"Classic Ekchala idol adorned in shimmering Daker Saaj (pith and silver foil work), sporting fish-shaped elongated Trayanani eyes and royal lion mount.","Hooghly river clay, sholapith filigree work, beaten brass vessels, handcrafted wooden pillars, and traditional chandeliers.","Khidderpore Sarbojanin Durgotsab in South Kolkata is a proud custodian of traditional Sabeki heritage. Eschewing transient modern themes, it preserves the authentic spiritual ambiance of classic Bengal, marked by reverberating dhak beats, fragrant dhuno incense, and family-centered community devotion.",Biswa Bangla Sharad Samman (Heritage Tradition Category),22.538012,88.324023,https://www.facebook.com/KhidderporeSarbojaninDurgotsabKolkata/,@khidderporesarbojanindur_kolkata,Majerhat,"Heritage Ekchala Pratima with authentic Sholar/Daker Saaj, traditional Kumari Puja, grand Bijoya Dashami Sindur Khela, and royal Dhunuchi Nach.",Visit early morning around 7:00 AM - 10:00 AM during Pushpanjali or late afternoon to experience tranquil heritage rituals without massive theme queues.
105,Khidderpur 75 Pally Sarbojanin Durgotsab Committee,South Kolkata,2000 (Over 26 Years),Thought-Provoking Social Theme Installation,"Using the public pandal as a canvas for social awakening, mental health discourse, environmental preservation, and women’s empowerment.",2025: Muktir Alo (Light of Liberation & Mental Well-being) | 2024: Jal-Dharoni (Water Conservation & Future Generations) | 2023: Nari Shakti (The Divine Feminine in Modern Times),2025: Muktir Alo | 2024: Jal-Dharoni | 2023: Nari Shakti | 2022: Somoyer Ayna | 2021: Punorutthan,Modern contemporary clay idol sculpted with empathetic figurative expressions that reflect the resilience of modern women.,"Recycled metal wires, earthen kulhars, distressed wood planks, kinetic light installations, and thematic voiceover soundscapes.","Khidderpur 75 Pally Sarbojanin Durgotsab Committee in South Kolkata stands out for its bold, socially conscious conceptual installations. The puja committee uses modern installation art to provoke thought on contemporary humanitarian and environmental issues while maintaining deep spiritual reverence.","Asian Paints Sharad Samman (Creative Concept), Biswa Bangla Social Awareness Award",22.537334,88.324412,https://www.facebook.com/Khidderpur75PallySarbojaninDurgotsabCommitteeKolkata/,@khidderpur75pallysarboja_kolkata,Kalighat,"Experimental contemporary installation art, immersive spatial audio-visual storytelling, conceptual clay sculptures, and social reflection galleries.",Best experienced in the evening between 8:00 PM and midnight when thematic illumination and ambient acoustic soundscapes create an immersive sensory experience.
106,Kidderpore Jubaghosthi Durga Puja,South Kolkata,2011 (Over 15 Years),Eco-Friendly Vernacular Folk Art,Celebration of Bengal’s rural artisanal heritage and ecological harmony; utilizing sustainable organic raw materials to recreate village courtyards and tribal sanctuaries.,"2025: Banglar Mati, Banglar Haat (Folk Bazaar of Bengal) | 2024: Shobujer Prarthana (Ode to Green Earth) | 2023: Lok-Shilpo O Gramin Jibon",2025: Banglar Mati | 2024: Shobujer Prarthana | 2023: Lok-Shilpo | 2022: Patachitra Akhyan | 2021: Matir Gandho,"Terracotta-finished earthen clay idol with serene rustic expressions, painted with organic turmeric and chalk pigments.","Untreated bamboo strips, natural jute burlap, Bankura terracotta tiles, dry date-palm weaves, and warm incandescent glow.","Kidderpore Jubaghosthi Durga Puja in South Kolkata is renowned for its organic, sustainable theme approach. Embracing rural folk heritage, the pandal transports urban visitors into the peaceful sanctuary of a Bengal village, highlighting forgotten indigenous crafts and eco-friendly craftsmanship.",Biswa Bangla Sharad Samman (Eco-Friendly / Handicraft Category),22.536645,88.323734,https://www.facebook.com/KidderporeJubaghosthiDurgaPujaKolkata/,@kidderporejubaghosthidur_kolkata,Majerhat,"Live demonstrations by rural Bengal folk craftspeople, sustainable natural installations (Dokra, Terracotta, Handloom), and rustic atmospheric village ambiance.","Visit during daytime (11:00 AM - 3:00 PM) to appreciate the natural colors, textures, and daylight detailing of the handicrafts."
107,Kidderpore Pally Saradiya Durga Puja,South Kolkata,1957 (Over 69 Years),Grand Architectural Temple Replica,Bringing timeless sacred architecture from across the Indian subcontinent to Kolkata’s doorstep through meticulous sculptural imitation and light engineering.,2025: Grand Dravidian Temple of South India | 2024: Khajuraho Stone Carving Replica | 2023: Jagannath Puri Shrimandir Architecture,2025: Dravidian Temple | 2024: Khajuraho | 2023: Puri Shrimandir | 2022: Sun Temple Modhera | 2021: Golden Temple Amritsar,Majestic classical clay idol draped in opulent brocade and Benarasi silks with handcrafted filigree crowns.,"Thermocol relief panels, plaster carvings, fiberglass moldings, and extensive computer-controlled Chandannagar illumination gates.","Kidderpore Pally Saradiya Durga Puja in South Kolkata dazzles festive crowds with its monumental architectural reproductions. Recreating historic temples and palaces down to the finest stone carving detail, it stands as a visual marvel that draws visitors from across Bengal.",Biswa Bangla Sharad Samman (Best Pandal Architecture & Lighting),22.535012,88.323023,https://www.facebook.com/KidderporePallySaradiyaDurgaPujaKolkata/,@kidderporepallysaradiyad_kolkata,Majerhat,"Colossal monumental architectural facade, dazzling 3D illuminated lighting gates by Chandannagar electrical artisans, and gold/jewel-adorned divine idol.",Expect very high footfall; visit during late midnight (1:30 AM to 4:30 AM) on Tritiya or Chaturthi to marvel at the exterior lighting with shorter lines.
108,Lake Gardens Peoples Association Durga Puja,South Kolkata,1968 (Over 58 Years),Handloom & Traditional Handicraft Showcase,"Reviving endangered handloom weaves, bell-metal artistry, and indigenous handcraft traditions into a tactile visual sanctuary.",2025: Tant-O-Tanti (Tribute to Bengal Handloom Weavers) | 2024: Dokra O Pittol (Lost-Wax Bell Metal Magic) | 2023: Kantha-Stitch & Jamdani Odyssey,2025: Tant-O-Tanti | 2024: Dokra O Pittol | 2023: Kantha-Stitch Odyssey | 2022: Purulia Chhau Art | 2021: Shantiniketan Leather Craft,Artisan clay sculpture draped in authentic hand-woven Jamdani and Baluchari silk with bell-metal jewelry.,"Handloom wooden shuttle looms, thousands of yarn spools, Dokra brass castings, natural dyed cotton, and soft ambient flute ragas.","Lake Gardens Peoples Association Durga Puja in South Kolkata transforms its puja pavilion into an ode to Bengal’s hereditary weavers and metalworkers. Every nook of the pandal features genuine handcrafted textures, providing livelihoods to rural craftspeople and enchanting visitors with textile elegance.",Biswa Bangla Sharad Samman (Best Handicraft Craftsmanship),22.507012,88.358023,https://www.facebook.com/LakeGardensPeoplesAssociationDurgaPujaKolkata/,@lakegardenspeoplesassoci_kolkata,Rabindra Sarobar,"Heritage Ekchala Pratima with authentic Sholar/Daker Saaj, traditional Kumari Puja, grand Bijoya Dashami Sindur Khela, and royal Dhunuchi Nach.",Visit early morning around 7:00 AM - 10:00 AM during Pushpanjali or late afternoon to experience tranquil heritage rituals without massive theme queues.
109,Lake Youth Corner Durga Puja,South Kolkata,1979 (Over 47 Years),Heritage Traditional Sabeki,"Preservation of classical 19th-century zamindari and colonial Bengal devotional aesthetics, championing timeless Ekchala purity over modern conceptual gimmicks.",Timeless Sabeki Ekchala Protima with traditional Chandimandap architecture and thakur-dalan ambiance.,Nine decades of uncompromised classical Ekchala barowari traditions and devotion.,"Classic Ekchala idol adorned in shimmering Daker Saaj (pith and silver foil work), sporting fish-shaped elongated Trayanani eyes and royal lion mount.","Hooghly river clay, sholapith filigree work, beaten brass vessels, handcrafted wooden pillars, and traditional chandeliers.","Lake Youth Corner Durga Puja in South Kolkata is a proud custodian of traditional Sabeki heritage. Eschewing transient modern themes, it preserves the authentic spiritual ambiance of classic Bengal, marked by reverberating dhak beats, fragrant dhuno incense, and family-centered community devotion.",Biswa Bangla Sharad Samman (Heritage Tradition Category),22.506334,88.358412,https://www.facebook.com/LakeYouthCornerDurgaPujaKolkata/,@lakeyouthcornerdurgapuja_kolkata,Rabindra Sarobar,"Heritage Ekchala Pratima with authentic Sholar/Daker Saaj, traditional Kumari Puja, grand Bijoya Dashami Sindur Khela, and royal Dhunuchi Nach.",Visit early morning around 7:00 AM - 10:00 AM during Pushpanjali or late afternoon to experience tranquil heritage rituals without massive theme queues.
110,Mahamayatala Sarbojanin Durgotsab,South Kolkata,1990 (Over 36 Years),Thought-Provoking Social Theme Installation,"Using the public pandal as a canvas for social awakening, mental health discourse, environmental preservation, and women’s empowerment.",2025: Muktir Alo (Light of Liberation & Mental Well-being) | 2024: Jal-Dharoni (Water Conservation & Future Generations) | 2023: Nari Shakti (The Divine Feminine in Modern Times),2025: Muktir Alo | 2024: Jal-Dharoni | 2023: Nari Shakti | 2022: Somoyer Ayna | 2021: Punorutthan,Modern contemporary clay idol sculpted with empathetic figurative expressions that reflect the resilience of modern women.,"Recycled metal wires, earthen kulhars, distressed wood planks, kinetic light installations, and thematic voiceover soundscapes.","Mahamayatala Sarbojanin Durgotsab in South Kolkata stands out for its bold, socially conscious conceptual installations. The puja committee uses modern installation art to provoke thought on contemporary humanitarian and environmental issues while maintaining deep spiritual reverence.","Asian Paints Sharad Samman (Creative Concept), Biswa Bangla Social Awareness Award",22.454012,88.381023,https://www.facebook.com/MahamayatalaSarbojaninDurgotsabKolkata/,@mahamayatalasarbojanindu_kolkata,Kalighat,"Experimental contemporary installation art, immersive spatial audio-visual storytelling, conceptual clay sculptures, and social reflection galleries.",Best experienced in the evening between 8:00 PM and midnight when thematic illumination and ambient acoustic soundscapes create an immersive sensory experience.
111,Megacity Residents Puja Committee,South Kolkata,2001 (Over 25 Years),Eco-Friendly Vernacular Folk Art,Celebration of Bengal’s rural artisanal heritage and ecological harmony; utilizing sustainable organic raw materials to recreate village courtyards and tribal sanctuaries.,"2025: Banglar Mati, Banglar Haat (Folk Bazaar of Bengal) | 2024: Shobujer Prarthana (Ode to Green Earth) | 2023: Lok-Shilpo O Gramin Jibon",2025: Banglar Mati | 2024: Shobujer Prarthana | 2023: Lok-Shilpo | 2022: Patachitra Akhyan | 2021: Matir Gandho,"Terracotta-finished earthen clay idol with serene rustic expressions, painted with organic turmeric and chalk pigments.","Untreated bamboo strips, natural jute burlap, Bankura terracotta tiles, dry date-palm weaves, and warm incandescent glow.","Megacity Residents Puja Committee in South Kolkata is renowned for its organic, sustainable theme approach. Embracing rural folk heritage, the pandal transports urban visitors into the peaceful sanctuary of a Bengal village, highlighting forgotten indigenous crafts and eco-friendly craftsmanship.",Biswa Bangla Sharad Samman (Eco-Friendly / Handicraft Category),22.451012,88.385023,https://www.facebook.com/MegacityResidentsPujaCommitteeKolkata/,@megacityresidentspujacom_kolkata,Kalighat,"Live demonstrations by rural Bengal folk craftspeople, sustainable natural installations (Dokra, Terracotta, Handloom), and rustic atmospheric village ambiance.","Visit during daytime (11:00 AM - 3:00 PM) to appreciate the natural colors, textures, and daylight detailing of the handicrafts."
112,Mohila Mahal Club Durga Puja,South Kolkata,2012 (Over 14 Years),Grand Architectural Temple Replica,Bringing timeless sacred architecture from across the Indian subcontinent to Kolkata’s doorstep through meticulous sculptural imitation and light engineering.,2025: Grand Dravidian Temple of South India | 2024: Khajuraho Stone Carving Replica | 2023: Jagannath Puri Shrimandir Architecture,2025: Dravidian Temple | 2024: Khajuraho | 2023: Puri Shrimandir | 2022: Sun Temple Modhera | 2021: Golden Temple Amritsar,Majestic classical clay idol draped in opulent brocade and Benarasi silks with handcrafted filigree crowns.,"Thermocol relief panels, plaster carvings, fiberglass moldings, and extensive computer-controlled Chandannagar illumination gates.","Mohila Mahal Club Durga Puja in South Kolkata dazzles festive crowds with its monumental architectural reproductions. Recreating historic temples and palaces down to the finest stone carving detail, it stands as a visual marvel that draws visitors from across Bengal.",Biswa Bangla Sharad Samman (Best Pandal Architecture & Lighting),22.511012,88.355023,https://www.facebook.com/MohilaMahalClubDurgaPujaKolkata/,@mohilamahalclubdurgapuja_kolkata,Kalighat,"Colossal monumental architectural facade, dazzling 3D illuminated lighting gates by Chandannagar electrical artisans, and gold/jewel-adorned divine idol.",Expect very high footfall; visit during late midnight (1:30 AM to 4:30 AM) on Tritiya or Chaturthi to marvel at the exterior lighting with shorter lines.
113,Monohar Pukur Baisakhi Sangha,South Kolkata,1958 (Over 68 Years),Handloom & Traditional Handicraft Showcase,"Reviving endangered handloom weaves, bell-metal artistry, and indigenous handcraft traditions into a tactile visual sanctuary.",2025: Tant-O-Tanti (Tribute to Bengal Handloom Weavers) | 2024: Dokra O Pittol (Lost-Wax Bell Metal Magic) | 2023: Kantha-Stitch & Jamdani Odyssey,2025: Tant-O-Tanti | 2024: Dokra O Pittol | 2023: Kantha-Stitch Odyssey | 2022: Purulia Chhau Art | 2021: Shantiniketan Leather Craft,Artisan clay sculpture draped in authentic hand-woven Jamdani and Baluchari silk with bell-metal jewelry.,"Handloom wooden shuttle looms, thousands of yarn spools, Dokra brass castings, natural dyed cotton, and soft ambient flute ragas.","Monohar Pukur Baisakhi Sangha in South Kolkata transforms its puja pavilion into an ode to Bengal’s hereditary weavers and metalworkers. Every nook of the pandal features genuine handcrafted textures, providing livelihoods to rural craftspeople and enchanting visitors with textile elegance.",Biswa Bangla Sharad Samman (Best Handicraft Craftsmanship),22.518012,88.357023,https://www.facebook.com/MonoharPukurBaisakhiSanghaKolkata/,@monoharpukurbaisakhisang_kolkata,Kalighat,"Heritage Ekchala Pratima with authentic Sholar/Daker Saaj, traditional Kumari Puja, grand Bijoya Dashami Sindur Khela, and royal Dhunuchi Nach.",Visit early morning around 7:00 AM - 10:00 AM during Pushpanjali or late afternoon to experience tranquil heritage rituals without massive theme queues.
114,Mudiali Club Sarbojanin Durga Puja,South Kolkata,1935,Geometric Intricacy & Classical Purity,Harmonious geometric symphonies created through millions of handmade elements; fusing temple architecture with radiant classical devotion.,2025: Shwet Shuvro (The Purity of White & Silver) | 2024: Jyotirmoyee (The Luminous Mother) | 2023: Shanti Shanto (Serene Sanctuary),2025: Shwet Shuvro | 2024: Jyotirmoyee | 2023: Shanti Shanto | 2022: Somoyer Khonje | 2021: Aradhana | 2018: Dokra & Brass Wonders,Dazzling traditional pratima in pristine Daker Saaj with serene meditative facial expressions sculpted by hereditary potters.,"Intricate brassware, wood carvings, thousands of silver filigree details, glass mirrors, and laser-guided lighting schemes.","Mudiali Club, nestled near Southern Avenue and Lake Temple Road, is celebrated for its sheer decorative elegance and refined taste. Rather than using harsh industrial elements, Mudiali focuses on hypnotic repetitive geometric patterns that create a meditative sanctum for visitors.","Biswa Bangla Sharad Samman (Best Traditional Decor & Atmosphere), Asian Paints Winner",22.513512,88.349634,https://www.facebook.com/mudialiclub/,@mudialiclubsarbojanindur_kolkata,Rabindra Sarobar,"Experimental contemporary installation art, immersive spatial audio-visual storytelling, conceptual clay sculptures, and social reflection galleries.",Best experienced in the evening between 8:00 PM and midnight when thematic illumination and ambient acoustic soundscapes create an immersive sensory experience.
115,N.S.C. Sports Club Durga Puja,South Kolkata,1980 (Over 46 Years),Thought-Provoking Social Theme Installation,"Using the public pandal as a canvas for social awakening, mental health discourse, environmental preservation, and women’s empowerment.",2025: Muktir Alo (Light of Liberation & Mental Well-being) | 2024: Jal-Dharoni (Water Conservation & Future Generations) | 2023: Nari Shakti (The Divine Feminine in Modern Times),2025: Muktir Alo | 2024: Jal-Dharoni | 2023: Nari Shakti | 2022: Somoyer Ayna | 2021: Punorutthan,Modern contemporary clay idol sculpted with empathetic figurative expressions that reflect the resilience of modern women.,"Recycled metal wires, earthen kulhars, distressed wood planks, kinetic light installations, and thematic voiceover soundscapes.","N.S.C. Sports Club Durga Puja in South Kolkata stands out for its bold, socially conscious conceptual installations. The puja committee uses modern installation art to provoke thought on contemporary humanitarian and environmental issues while maintaining deep spiritual reverence.","Asian Paints Sharad Samman (Creative Concept), Biswa Bangla Social Awareness Award",22.510012,88.350023,https://www.facebook.com/NSCSportsClubDurgaPujaKolkata/,@nscsportsclubdurgapuja_kolkata,Kalighat,"Experimental contemporary installation art, immersive spatial audio-visual storytelling, conceptual clay sculptures, and social reflection galleries.",Best experienced in the evening between 8:00 PM and midnight when thematic illumination and ambient acoustic soundscapes create an immersive sensory experience.
116,Naktala Udayan Sangha Durga Puja,South Kolkata,1986,Avant-Garde Installation Art & Socio-Political Discourse,"Radical experimental installation art; challenging conventional pandal boundaries through surrealist spaces, philosophical metaphors of time, and historical collective memories.",2026: Kaal Dhwani (The Echo of Time) | 2025: Arshinagar (The Mirror City) | 2024: Oshanto Shomoy (Restless Era) | 2023: Hridaypur (The City of Hearts) | 2021: Chalchitra (The Agony of Partition) | 2020: Plight of Migrant Workers,2026: Kaal Dhwani | 2025: Arshinagar | 2024: Oshanto Shomoy | 2023: Hridaypur | 2021: Chalchitra (Partition) | 2020: Migrant Workers | 2018: Kaal | 2017: Life and Mortality,"Conceptual modern sculpture by acclaimed visual artists like Susanta Pal and Pradip Das, transcending orthodox anthropomorphic forms.","Weathered industrial corten steel, hand-beaten copper sheets, aged wood, kinetic mechanical pendulums, and multi-channel spatial sound design.","Located in Garia, Naktala Udayan Sangha transformed Kolkata puja into a premier contemporary art biennale. Their projects have explored the trauma of Partition, the vulnerability of migrant laborers, and philosophical inquiries into time and mortality, winning widespread critical acclaim from international art curators.","Asian Paints Sharad Samman (Multiple Best of the Best awards), Biswa Bangla Conceptual Art Trophy",22.472712,88.364423,https://www.facebook.com/naktalaudayansangha/,@naktalaudayansanghadurga_kolkata,Gitanjali,"Experimental contemporary installation art, immersive spatial audio-visual storytelling, conceptual clay sculptures, and social reflection galleries.",Best experienced in the evening between 8:00 PM and midnight when thematic illumination and ambient acoustic soundscapes create an immersive sensory experience.
117,Naskarpara Sarbojanin Durgotsav,South Kolkata,2002 (Over 24 Years),Grand Architectural Temple Replica,Bringing timeless sacred architecture from across the Indian subcontinent to Kolkata’s doorstep through meticulous sculptural imitation and light engineering.,2025: Grand Dravidian Temple of South India | 2024: Khajuraho Stone Carving Replica | 2023: Jagannath Puri Shrimandir Architecture,2025: Dravidian Temple | 2024: Khajuraho | 2023: Puri Shrimandir | 2022: Sun Temple Modhera | 2021: Golden Temple Amritsar,Majestic classical clay idol draped in opulent brocade and Benarasi silks with handcrafted filigree crowns.,"Thermocol relief panels, plaster carvings, fiberglass moldings, and extensive computer-controlled Chandannagar illumination gates.","Naskarpara Sarbojanin Durgotsav in South Kolkata dazzles festive crowds with its monumental architectural reproductions. Recreating historic temples and palaces down to the finest stone carving detail, it stands as a visual marvel that draws visitors from across Bengal.",Biswa Bangla Sharad Samman (Best Pandal Architecture & Lighting),22.469012,88.366023,https://www.facebook.com/NaskarparaSarbojaninDurgotsavKolkata/,@naskarparasarbojanindurg_kolkata,Kalighat,"Colossal monumental architectural facade, dazzling 3D illuminated lighting gates by Chandannagar electrical artisans, and gold/jewel-adorned divine idol.",Expect very high footfall; visit during late midnight (1:30 AM to 4:30 AM) on Tritiya or Chaturthi to marvel at the exterior lighting with shorter lines.
118,New Alipore Suruchi Sangha Durga Puja,South Kolkata,1952,"State Culture, Folk & Eco-Conscious Theme","Celebration of India's diverse sub-national folk cultures, indigenous handicrafts, and social empathy (elder care, communal fraternity, and environmental harmony).",2026: Padma (The Divine Lotus & Purity) | 2025: Utsav er Rong (Colours of Harmony) | 2024: Purano Sei Diner Katha (Nostalgia & Reverence for Elders) | 2023: Mati (Bengal Clay & Terracotta Heritage),2026: Padma | 2024: Purano Sei Diner Katha | 2023: Mati (Dokra & Patachitra) | 2022: Prithibi Abar Shanto Hobe | 2021: Ma | 2019: Banglar Utsav,"Indigenous folk-inspired Durga idol, deeply expressive with indigenous rustic eyes, draped in authentic handloom tant and khadi textiles.","Eco-sustainable materials including Dokra brassware, Purulia Chhau masks, Bankura terracotta tiles, palm leaves, and natural vegetable dyes.","Located in New Alipore and patronized by Minister Aroop Biswas, Suruchi Sangha is celebrated for its dedication to folk art and green practices. Each year, it crafts an entirely eco-friendly miniature world showcasing arts from different Indian states and Bengal districts, accompanied by an original festive theme anthem.","Biswa Bangla Sharad Samman (Eco-Friendly / Greenest of the Green Puja), Multiple Sharad Samman Trophies",22.517345,88.330823,https://www.facebook.com/SuruchiSanghaOfficial/,@newaliporesuruchisanghad_kolkata,Majerhat,"Live demonstrations by rural Bengal folk craftspeople, sustainable natural installations (Dokra, Terracotta, Handloom), and rustic atmospheric village ambiance.","Visit during daytime (11:00 AM - 3:00 PM) to appreciate the natural colors, textures, and daylight detailing of the handicrafts."
119,New Santoshpur Adi Durgotsab,South Kolkata,1959 (Over 67 Years),Heritage Traditional Sabeki,"Preservation of classical 19th-century zamindari and colonial Bengal devotional aesthetics, championing timeless Ekchala purity over modern conceptual gimmicks.",Timeless Sabeki Ekchala Protima with traditional Chandimandap architecture and thakur-dalan ambiance.,Nine decades of uncompromised classical Ekchala barowari traditions and devotion.,"Classic Ekchala idol adorned in shimmering Daker Saaj (pith and silver foil work), sporting fish-shaped elongated Trayanani eyes and royal lion mount.","Hooghly river clay, sholapith filigree work, beaten brass vessels, handcrafted wooden pillars, and traditional chandeliers.","New Santoshpur Adi Durgotsab in South Kolkata is a proud custodian of traditional Sabeki heritage. Eschewing transient modern themes, it preserves the authentic spiritual ambiance of classic Bengal, marked by reverberating dhak beats, fragrant dhuno incense, and family-centered community devotion.",Biswa Bangla Sharad Samman (Heritage Tradition Category),22.492012,88.378023,https://www.facebook.com/NewSantoshpurAdiDurgotsabKolkata/,@newsantoshpuradidurgotsa_kolkata,Kalighat,"Heritage Ekchala Pratima with authentic Sholar/Daker Saaj, traditional Kumari Puja, grand Bijoya Dashami Sindur Khela, and royal Dhunuchi Nach.",Visit early morning around 7:00 AM - 10:00 AM during Pushpanjali or late afternoon to experience tranquil heritage rituals without massive theme queues.
120,Paddapukur Barwari Samity,South Kolkata,1970 (Over 56 Years),Thought-Provoking Social Theme Installation,"Using the public pandal as a canvas for social awakening, mental health discourse, environmental preservation, and women’s empowerment.",2025: Muktir Alo (Light of Liberation & Mental Well-being) | 2024: Jal-Dharoni (Water Conservation & Future Generations) | 2023: Nari Shakti (The Divine Feminine in Modern Times),2025: Muktir Alo | 2024: Jal-Dharoni | 2023: Nari Shakti | 2022: Somoyer Ayna | 2021: Punorutthan,Modern contemporary clay idol sculpted with empathetic figurative expressions that reflect the resilience of modern women.,"Recycled metal wires, earthen kulhars, distressed wood planks, kinetic light installations, and thematic voiceover soundscapes.","Paddapukur Barwari Samity in South Kolkata stands out for its bold, socially conscious conceptual installations. The puja committee uses modern installation art to provoke thought on contemporary humanitarian and environmental issues while maintaining deep spiritual reverence.","Asian Paints Sharad Samman (Creative Concept), Biswa Bangla Social Awareness Award",22.533012,88.351023,https://www.facebook.com/PaddapukurBarwariSamityKolkata/,@paddapukurbarwarisamity_kolkata,Jatin Das Park,"Experimental contemporary installation art, immersive spatial audio-visual storytelling, conceptual clay sculptures, and social reflection galleries.",Best experienced in the evening between 8:00 PM and midnight when thematic illumination and ambient acoustic soundscapes create an immersive sensory experience.
121,Paddapukur Youth Association Durga Puja,South Kolkata,1981 (Over 45 Years),Eco-Friendly Vernacular Folk Art,Celebration of Bengal’s rural artisanal heritage and ecological harmony; utilizing sustainable organic raw materials to recreate village courtyards and tribal sanctuaries.,"2025: Banglar Mati, Banglar Haat (Folk Bazaar of Bengal) | 2024: Shobujer Prarthana (Ode to Green Earth) | 2023: Lok-Shilpo O Gramin Jibon",2025: Banglar Mati | 2024: Shobujer Prarthana | 2023: Lok-Shilpo | 2022: Patachitra Akhyan | 2021: Matir Gandho,"Terracotta-finished earthen clay idol with serene rustic expressions, painted with organic turmeric and chalk pigments.","Untreated bamboo strips, natural jute burlap, Bankura terracotta tiles, dry date-palm weaves, and warm incandescent glow.","Paddapukur Youth Association Durga Puja in South Kolkata is renowned for its organic, sustainable theme approach. Embracing rural folk heritage, the pandal transports urban visitors into the peaceful sanctuary of a Bengal village, highlighting forgotten indigenous crafts and eco-friendly craftsmanship.",Biswa Bangla Sharad Samman (Eco-Friendly / Handicraft Category),22.532334,88.351412,https://www.facebook.com/PaddapukurYouthAssociationDurgaPujaKolkata/,@paddapukuryouthassociati_kolkata,Jatin Das Park,"Live demonstrations by rural Bengal folk craftspeople, sustainable natural installations (Dokra, Terracotta, Handloom), and rustic atmospheric village ambiance.","Visit during daytime (11:00 AM - 3:00 PM) to appreciate the natural colors, textures, and daylight detailing of the handicrafts."
122,Pally Mangal Samity,South Kolkata,1992 (Over 34 Years),Grand Architectural Temple Replica,Bringing timeless sacred architecture from across the Indian subcontinent to Kolkata’s doorstep through meticulous sculptural imitation and light engineering.,2025: Grand Dravidian Temple of South India | 2024: Khajuraho Stone Carving Replica | 2023: Jagannath Puri Shrimandir Architecture,2025: Dravidian Temple | 2024: Khajuraho | 2023: Puri Shrimandir | 2022: Sun Temple Modhera | 2021: Golden Temple Amritsar,Majestic classical clay idol draped in opulent brocade and Benarasi silks with handcrafted filigree crowns.,"Thermocol relief panels, plaster carvings, fiberglass moldings, and extensive computer-controlled Chandannagar illumination gates.","Pally Mangal Samity in South Kolkata dazzles festive crowds with its monumental architectural reproductions. Recreating historic temples and palaces down to the finest stone carving detail, it stands as a visual marvel that draws visitors from across Bengal.",Biswa Bangla Sharad Samman (Best Pandal Architecture & Lighting),22.531645,88.350734,https://www.facebook.com/PallyMangalSamityKolkata/,@pallymangalsamity_kolkata,Jatin Das Park,"Colossal monumental architectural facade, dazzling 3D illuminated lighting gates by Chandannagar electrical artisans, and gold/jewel-adorned divine idol.",Expect very high footfall; visit during late midnight (1:30 AM to 4:30 AM) on Tritiya or Chaturthi to marvel at the exterior lighting with shorter lines.
123,Panchanna Gram Adhibasibrinda,South Kolkata,2003 (Over 23 Years),Handloom & Traditional Handicraft Showcase,"Reviving endangered handloom weaves, bell-metal artistry, and indigenous handcraft traditions into a tactile visual sanctuary.",2025: Tant-O-Tanti (Tribute to Bengal Handloom Weavers) | 2024: Dokra O Pittol (Lost-Wax Bell Metal Magic) | 2023: Kantha-Stitch & Jamdani Odyssey,2025: Tant-O-Tanti | 2024: Dokra O Pittol | 2023: Kantha-Stitch Odyssey | 2022: Purulia Chhau Art | 2021: Shantiniketan Leather Craft,Artisan clay sculpture draped in authentic hand-woven Jamdani and Baluchari silk with bell-metal jewelry.,"Handloom wooden shuttle looms, thousands of yarn spools, Dokra brass castings, natural dyed cotton, and soft ambient flute ragas.","Panchanna Gram Adhibasibrinda in South Kolkata transforms its puja pavilion into an ode to Bengal’s hereditary weavers and metalworkers. Every nook of the pandal features genuine handcrafted textures, providing livelihoods to rural craftspeople and enchanting visitors with textile elegance.",Biswa Bangla Sharad Samman (Best Handicraft Craftsmanship),22.508012,88.391023,https://www.facebook.com/PanchannaGramAdhibasibrindaKolkata/,@panchannagramadhibasibri_kolkata,Kalighat,"Heritage Ekchala Pratima with authentic Sholar/Daker Saaj, traditional Kumari Puja, grand Bijoya Dashami Sindur Khela, and royal Dhunuchi Nach.",Visit early morning around 7:00 AM - 10:00 AM during Pushpanjali or late afternoon to experience tranquil heritage rituals without massive theme queues.
124,Paschim Putiary Sarbojanin Nabo Durgotsav,South Kolkata,2014 (Over 12 Years),Heritage Traditional Sabeki,"Preservation of classical 19th-century zamindari and colonial Bengal devotional aesthetics, championing timeless Ekchala purity over modern conceptual gimmicks.",Timeless Sabeki Ekchala Protima with traditional Chandimandap architecture and thakur-dalan ambiance.,Nine decades of uncompromised classical Ekchala barowari traditions and devotion.,"Classic Ekchala idol adorned in shimmering Daker Saaj (pith and silver foil work), sporting fish-shaped elongated Trayanani eyes and royal lion mount.","Hooghly river clay, sholapith filigree work, beaten brass vessels, handcrafted wooden pillars, and traditional chandeliers.","Paschim Putiary Sarbojanin Nabo Durgotsav in South Kolkata is a proud custodian of traditional Sabeki heritage. Eschewing transient modern themes, it preserves the authentic spiritual ambiance of classic Bengal, marked by reverberating dhak beats, fragrant dhuno incense, and family-centered community devotion.",Biswa Bangla Sharad Samman (Heritage Tradition Category),22.473012,88.348023,https://www.facebook.com/PaschimPutiarySarbojaninNaboDurgotsavKolkata/,@paschimputiarysarbojanin_kolkata,Kalighat,"Heritage Ekchala Pratima with authentic Sholar/Daker Saaj, traditional Kumari Puja, grand Bijoya Dashami Sindur Khela, and royal Dhunuchi Nach.",Visit early morning around 7:00 AM - 10:00 AM during Pushpanjali or late afternoon to experience tranquil heritage rituals without massive theme queues.
125,Patuli Sarbojanin Durgotsab,South Kolkata,1960 (Over 66 Years),Thought-Provoking Social Theme Installation,"Using the public pandal as a canvas for social awakening, mental health discourse, environmental preservation, and women’s empowerment.",2025: Muktir Alo (Light of Liberation & Mental Well-being) | 2024: Jal-Dharoni (Water Conservation & Future Generations) | 2023: Nari Shakti (The Divine Feminine in Modern Times),2025: Muktir Alo | 2024: Jal-Dharoni | 2023: Nari Shakti | 2022: Somoyer Ayna | 2021: Punorutthan,Modern contemporary clay idol sculpted with empathetic figurative expressions that reflect the resilience of modern women.,"Recycled metal wires, earthen kulhars, distressed wood planks, kinetic light installations, and thematic voiceover soundscapes.","Patuli Sarbojanin Durgotsab in South Kolkata stands out for its bold, socially conscious conceptual installations. The puja committee uses modern installation art to provoke thought on contemporary humanitarian and environmental issues while maintaining deep spiritual reverence.","Asian Paints Sharad Samman (Creative Concept), Biswa Bangla Social Awareness Award",22.468012,88.382023,https://www.facebook.com/PatuliSarbojaninDurgotsabKolkata/,@patulisarbojanindurgotsa_kolkata,Kavi Nazrul,"Experimental contemporary installation art, immersive spatial audio-visual storytelling, conceptual clay sculptures, and social reflection galleries.",Best experienced in the evening between 8:00 PM and midnight when thematic illumination and ambient acoustic soundscapes create an immersive sensory experience.
126,Peyarabagan Sarbojanin Durgotsab,South Kolkata,1971 (Over 55 Years),Eco-Friendly Vernacular Folk Art,Celebration of Bengal’s rural artisanal heritage and ecological harmony; utilizing sustainable organic raw materials to recreate village courtyards and tribal sanctuaries.,"2025: Banglar Mati, Banglar Haat (Folk Bazaar of Bengal) | 2024: Shobujer Prarthana (Ode to Green Earth) | 2023: Lok-Shilpo O Gramin Jibon",2025: Banglar Mati | 2024: Shobujer Prarthana | 2023: Lok-Shilpo | 2022: Patachitra Akhyan | 2021: Matir Gandho,"Terracotta-finished earthen clay idol with serene rustic expressions, painted with organic turmeric and chalk pigments.","Untreated bamboo strips, natural jute burlap, Bankura terracotta tiles, dry date-palm weaves, and warm incandescent glow.","Peyarabagan Sarbojanin Durgotsab in South Kolkata is renowned for its organic, sustainable theme approach. Embracing rural folk heritage, the pandal transports urban visitors into the peaceful sanctuary of a Bengal village, highlighting forgotten indigenous crafts and eco-friendly craftsmanship.",Biswa Bangla Sharad Samman (Eco-Friendly / Handicraft Category),22.515012,88.363023,https://www.facebook.com/PeyarabaganSarbojaninDurgotsabKolkata/,@peyarabagansarbojanindur_kolkata,Kalighat,"Live demonstrations by rural Bengal folk craftspeople, sustainable natural installations (Dokra, Terracotta, Handloom), and rustic atmospheric village ambiance.","Visit during daytime (11:00 AM - 3:00 PM) to appreciate the natural colors, textures, and daylight detailing of the handicrafts."
127,Picnic Sunrise Club,South Kolkata,1982 (Over 44 Years),Grand Architectural Temple Replica,Bringing timeless sacred architecture from across the Indian subcontinent to Kolkata’s doorstep through meticulous sculptural imitation and light engineering.,2025: Grand Dravidian Temple of South India | 2024: Khajuraho Stone Carving Replica | 2023: Jagannath Puri Shrimandir Architecture,2025: Dravidian Temple | 2024: Khajuraho | 2023: Puri Shrimandir | 2022: Sun Temple Modhera | 2021: Golden Temple Amritsar,Majestic classical clay idol draped in opulent brocade and Benarasi silks with handcrafted filigree crowns.,"Thermocol relief panels, plaster carvings, fiberglass moldings, and extensive computer-controlled Chandannagar illumination gates.","Picnic Sunrise Club in South Kolkata dazzles festive crowds with its monumental architectural reproductions. Recreating historic temples and palaces down to the finest stone carving detail, it stands as a visual marvel that draws visitors from across Bengal.",Biswa Bangla Sharad Samman (Best Pandal Architecture & Lighting),22.514012,88.388023,https://www.facebook.com/PicnicSunriseClubKolkata/,@picnicsunriseclub_kolkata,Kalighat,"Colossal monumental architectural facade, dazzling 3D illuminated lighting gates by Chandannagar electrical artisans, and gold/jewel-adorned divine idol.",Expect very high footfall; visit during late midnight (1:30 AM to 4:30 AM) on Tritiya or Chaturthi to marvel at the exterior lighting with shorter lines.
128,Pragati Sangha Durga Puja,South Kolkata,1993 (Over 33 Years),Handloom & Traditional Handicraft Showcase,"Reviving endangered handloom weaves, bell-metal artistry, and indigenous handcraft traditions into a tactile visual sanctuary.",2025: Tant-O-Tanti (Tribute to Bengal Handloom Weavers) | 2024: Dokra O Pittol (Lost-Wax Bell Metal Magic) | 2023: Kantha-Stitch & Jamdani Odyssey,2025: Tant-O-Tanti | 2024: Dokra O Pittol | 2023: Kantha-Stitch Odyssey | 2022: Purulia Chhau Art | 2021: Shantiniketan Leather Craft,Artisan clay sculpture draped in authentic hand-woven Jamdani and Baluchari silk with bell-metal jewelry.,"Handloom wooden shuttle looms, thousands of yarn spools, Dokra brass castings, natural dyed cotton, and soft ambient flute ragas.","Pragati Sangha Durga Puja in South Kolkata transforms its puja pavilion into an ode to Bengal’s hereditary weavers and metalworkers. Every nook of the pandal features genuine handcrafted textures, providing livelihoods to rural craftspeople and enchanting visitors with textile elegance.",Biswa Bangla Sharad Samman (Best Handicraft Craftsmanship),22.513334,88.388412,https://www.facebook.com/PragatiSanghaDurgaPujaKolkata/,@pragatisanghadurgapuja_kolkata,Kalighat,"Heritage Ekchala Pratima with authentic Sholar/Daker Saaj, traditional Kumari Puja, grand Bijoya Dashami Sindur Khela, and royal Dhunuchi Nach.",Visit early morning around 7:00 AM - 10:00 AM during Pushpanjali or late afternoon to experience tranquil heritage rituals without massive theme queues.
129,Pragati Sangha Durgotsab Committee,South Kolkata,2004 (Over 22 Years),Heritage Traditional Sabeki,"Preservation of classical 19th-century zamindari and colonial Bengal devotional aesthetics, championing timeless Ekchala purity over modern conceptual gimmicks.",Timeless Sabeki Ekchala Protima with traditional Chandimandap architecture and thakur-dalan ambiance.,Nine decades of uncompromised classical Ekchala barowari traditions and devotion.,"Classic Ekchala idol adorned in shimmering Daker Saaj (pith and silver foil work), sporting fish-shaped elongated Trayanani eyes and royal lion mount.","Hooghly river clay, sholapith filigree work, beaten brass vessels, handcrafted wooden pillars, and traditional chandeliers.","Pragati Sangha Durgotsab Committee in South Kolkata is a proud custodian of traditional Sabeki heritage. Eschewing transient modern themes, it preserves the authentic spiritual ambiance of classic Bengal, marked by reverberating dhak beats, fragrant dhuno incense, and family-centered community devotion.",Biswa Bangla Sharad Samman (Heritage Tradition Category),22.512645,88.387734,https://www.facebook.com/PragatiSanghaDurgotsabCommitteeKolkata/,@pragatisanghadurgotsabco_kolkata,Kalighat,"Heritage Ekchala Pratima with authentic Sholar/Daker Saaj, traditional Kumari Puja, grand Bijoya Dashami Sindur Khela, and royal Dhunuchi Nach.",Visit early morning around 7:00 AM - 10:00 AM during Pushpanjali or late afternoon to experience tranquil heritage rituals without massive theme queues.
130,Purbachal Residents Sarbojanin Durgotsav,South Kolkata,1950 (Over 76 Years),Thought-Provoking Social Theme Installation,"Using the public pandal as a canvas for social awakening, mental health discourse, environmental preservation, and women’s empowerment.",2025: Muktir Alo (Light of Liberation & Mental Well-being) | 2024: Jal-Dharoni (Water Conservation & Future Generations) | 2023: Nari Shakti (The Divine Feminine in Modern Times),2025: Muktir Alo | 2024: Jal-Dharoni | 2023: Nari Shakti | 2022: Somoyer Ayna | 2021: Punorutthan,Modern contemporary clay idol sculpted with empathetic figurative expressions that reflect the resilience of modern women.,"Recycled metal wires, earthen kulhars, distressed wood planks, kinetic light installations, and thematic voiceover soundscapes.","Purbachal Residents Sarbojanin Durgotsav in South Kolkata stands out for its bold, socially conscious conceptual installations. The puja committee uses modern installation art to provoke thought on contemporary humanitarian and environmental issues while maintaining deep spiritual reverence.","Asian Paints Sharad Samman (Creative Concept), Biswa Bangla Social Awareness Award",22.478012,88.378023,https://www.facebook.com/PurbachalResidentsSarbojaninDurgotsavKolkata/,@purbachalresidentssarboj_kolkata,Kalighat,"Experimental contemporary installation art, immersive spatial audio-visual storytelling, conceptual clay sculptures, and social reflection galleries.",Best experienced in the evening between 8:00 PM and midnight when thematic illumination and ambient acoustic soundscapes create an immersive sensory experience.
131,Putiary Sarbojanin Durgotsab Committee,South Kolkata,1961 (Over 65 Years),Eco-Friendly Vernacular Folk Art,Celebration of Bengal’s rural artisanal heritage and ecological harmony; utilizing sustainable organic raw materials to recreate village courtyards and tribal sanctuaries.,"2025: Banglar Mati, Banglar Haat (Folk Bazaar of Bengal) | 2024: Shobujer Prarthana (Ode to Green Earth) | 2023: Lok-Shilpo O Gramin Jibon",2025: Banglar Mati | 2024: Shobujer Prarthana | 2023: Lok-Shilpo | 2022: Patachitra Akhyan | 2021: Matir Gandho,"Terracotta-finished earthen clay idol with serene rustic expressions, painted with organic turmeric and chalk pigments.","Untreated bamboo strips, natural jute burlap, Bankura terracotta tiles, dry date-palm weaves, and warm incandescent glow.","Putiary Sarbojanin Durgotsab Committee in South Kolkata is renowned for its organic, sustainable theme approach. Embracing rural folk heritage, the pandal transports urban visitors into the peaceful sanctuary of a Bengal village, highlighting forgotten indigenous crafts and eco-friendly craftsmanship.",Biswa Bangla Sharad Samman (Eco-Friendly / Handicraft Category),22.472012,88.347023,https://www.facebook.com/PutiarySarbojaninDurgotsabCommitteeKolkata/,@putiarysarbojanindurgots_kolkata,Kalighat,"Live demonstrations by rural Bengal folk craftspeople, sustainable natural installations (Dokra, Terracotta, Handloom), and rustic atmospheric village ambiance.","Visit during daytime (11:00 AM - 3:00 PM) to appreciate the natural colors, textures, and daylight detailing of the handicrafts."
132,Ramgarh Satapally Sarbojanin Durgotsav Committee,South Kolkata,1972 (Over 54 Years),Grand Architectural Temple Replica,Bringing timeless sacred architecture from across the Indian subcontinent to Kolkata’s doorstep through meticulous sculptural imitation and light engineering.,2025: Grand Dravidian Temple of South India | 2024: Khajuraho Stone Carving Replica | 2023: Jagannath Puri Shrimandir Architecture,2025: Dravidian Temple | 2024: Khajuraho | 2023: Puri Shrimandir | 2022: Sun Temple Modhera | 2021: Golden Temple Amritsar,Majestic classical clay idol draped in opulent brocade and Benarasi silks with handcrafted filigree crowns.,"Thermocol relief panels, plaster carvings, fiberglass moldings, and extensive computer-controlled Chandannagar illumination gates.","Ramgarh Satapally Sarbojanin Durgotsav Committee in South Kolkata dazzles festive crowds with its monumental architectural reproductions. Recreating historic temples and palaces down to the finest stone carving detail, it stands as a visual marvel that draws visitors from across Bengal.",Biswa Bangla Sharad Samman (Best Pandal Architecture & Lighting),22.481012,88.372023,https://www.facebook.com/RamgarhSatapallySarbojaninDurgotsavCommitteeKolkata/,@ramgarhsatapallysarbojan_kolkata,Kalighat,"Colossal monumental architectural facade, dazzling 3D illuminated lighting gates by Chandannagar electrical artisans, and gold/jewel-adorned divine idol.",Expect very high footfall; visit during late midnight (1:30 AM to 4:30 AM) on Tritiya or Chaturthi to marvel at the exterior lighting with shorter lines.
133,Rashbehari Suhrid Sangha,South Kolkata,1983 (Over 43 Years),Handloom & Traditional Handicraft Showcase,"Reviving endangered handloom weaves, bell-metal artistry, and indigenous handcraft traditions into a tactile visual sanctuary.",2025: Tant-O-Tanti (Tribute to Bengal Handloom Weavers) | 2024: Dokra O Pittol (Lost-Wax Bell Metal Magic) | 2023: Kantha-Stitch & Jamdani Odyssey,2025: Tant-O-Tanti | 2024: Dokra O Pittol | 2023: Kantha-Stitch Odyssey | 2022: Purulia Chhau Art | 2021: Shantiniketan Leather Craft,Artisan clay sculpture draped in authentic hand-woven Jamdani and Baluchari silk with bell-metal jewelry.,"Handloom wooden shuttle looms, thousands of yarn spools, Dokra brass castings, natural dyed cotton, and soft ambient flute ragas.","Rashbehari Suhrid Sangha in South Kolkata transforms its puja pavilion into an ode to Bengal’s hereditary weavers and metalworkers. Every nook of the pandal features genuine handcrafted textures, providing livelihoods to rural craftspeople and enchanting visitors with textile elegance.",Biswa Bangla Sharad Samman (Best Handicraft Craftsmanship),22.518012,88.351023,https://www.facebook.com/RashbehariSuhridSanghaKolkata/,@rashbeharisuhridsangha_kolkata,Kalighat,"Heritage Ekchala Pratima with authentic Sholar/Daker Saaj, traditional Kumari Puja, grand Bijoya Dashami Sindur Khela, and royal Dhunuchi Nach.",Visit early morning around 7:00 AM - 10:00 AM during Pushpanjali or late afternoon to experience tranquil heritage rituals without massive theme queues.
134,Russa Madhyapally Sarbojanin Durgotsav,South Kolkata,1994 (Over 32 Years),Heritage Traditional Sabeki,"Preservation of classical 19th-century zamindari and colonial Bengal devotional aesthetics, championing timeless Ekchala purity over modern conceptual gimmicks.",Timeless Sabeki Ekchala Protima with traditional Chandimandap architecture and thakur-dalan ambiance.,Nine decades of uncompromised classical Ekchala barowari traditions and devotion.,"Classic Ekchala idol adorned in shimmering Daker Saaj (pith and silver foil work), sporting fish-shaped elongated Trayanani eyes and royal lion mount.","Hooghly river clay, sholapith filigree work, beaten brass vessels, handcrafted wooden pillars, and traditional chandeliers.","Russa Madhyapally Sarbojanin Durgotsav in South Kolkata is a proud custodian of traditional Sabeki heritage. Eschewing transient modern themes, it preserves the authentic spiritual ambiance of classic Bengal, marked by reverberating dhak beats, fragrant dhuno incense, and family-centered community devotion.",Biswa Bangla Sharad Samman (Heritage Tradition Category),22.493012,88.353023,https://www.facebook.com/RussaMadhyapallySarbojaninDurgotsavKolkata/,@russamadhyapallysarbojan_kolkata,Kalighat,"Heritage Ekchala Pratima with authentic Sholar/Daker Saaj, traditional Kumari Puja, grand Bijoya Dashami Sindur Khela, and royal Dhunuchi Nach.",Visit early morning around 7:00 AM - 10:00 AM during Pushpanjali or late afternoon to experience tranquil heritage rituals without massive theme queues.
135,Sahapur Suhrid Sangha Durga Puja Committee,South Kolkata,2005 (Over 21 Years),Thought-Provoking Social Theme Installation,"Using the public pandal as a canvas for social awakening, mental health discourse, environmental preservation, and women’s empowerment.",2025: Muktir Alo (Light of Liberation & Mental Well-being) | 2024: Jal-Dharoni (Water Conservation & Future Generations) | 2023: Nari Shakti (The Divine Feminine in Modern Times),2025: Muktir Alo | 2024: Jal-Dharoni | 2023: Nari Shakti | 2022: Somoyer Ayna | 2021: Punorutthan,Modern contemporary clay idol sculpted with empathetic figurative expressions that reflect the resilience of modern women.,"Recycled metal wires, earthen kulhars, distressed wood planks, kinetic light installations, and thematic voiceover soundscapes.","Sahapur Suhrid Sangha Durga Puja Committee in South Kolkata stands out for its bold, socially conscious conceptual installations. The puja committee uses modern installation art to provoke thought on contemporary humanitarian and environmental issues while maintaining deep spiritual reverence.","Asian Paints Sharad Samman (Creative Concept), Biswa Bangla Social Awareness Award",22.503012,88.328023,https://www.facebook.com/SahapurSuhridSanghaDurgaPujaCommitteeKolkata/,@sahapursuhridsanghadurga_kolkata,Kalighat,"Experimental contemporary installation art, immersive spatial audio-visual storytelling, conceptual clay sculptures, and social reflection galleries.",Best experienced in the evening between 8:00 PM and midnight when thematic illumination and ambient acoustic soundscapes create an immersive sensory experience.
136,Sammilani Durga Puja,South Kolkata,1951 (Over 75 Years),Eco-Friendly Vernacular Folk Art,Celebration of Bengal’s rural artisanal heritage and ecological harmony; utilizing sustainable organic raw materials to recreate village courtyards and tribal sanctuaries.,"2025: Banglar Mati, Banglar Haat (Folk Bazaar of Bengal) | 2024: Shobujer Prarthana (Ode to Green Earth) | 2023: Lok-Shilpo O Gramin Jibon",2025: Banglar Mati | 2024: Shobujer Prarthana | 2023: Lok-Shilpo | 2022: Patachitra Akhyan | 2021: Matir Gandho,"Terracotta-finished earthen clay idol with serene rustic expressions, painted with organic turmeric and chalk pigments.","Untreated bamboo strips, natural jute burlap, Bankura terracotta tiles, dry date-palm weaves, and warm incandescent glow.","Sammilani Durga Puja in South Kolkata is renowned for its organic, sustainable theme approach. Embracing rural folk heritage, the pandal transports urban visitors into the peaceful sanctuary of a Bengal village, highlighting forgotten indigenous crafts and eco-friendly craftsmanship.",Biswa Bangla Sharad Samman (Eco-Friendly / Handicraft Category),22.502334,88.328412,https://www.facebook.com/SammilaniDurgaPujaKolkata/,@sammilanidurgapuja_kolkata,Kalighat,"Live demonstrations by rural Bengal folk craftspeople, sustainable natural installations (Dokra, Terracotta, Handloom), and rustic atmospheric village ambiance.","Visit during daytime (11:00 AM - 3:00 PM) to appreciate the natural colors, textures, and daylight detailing of the handicrafts."
137,Sanghasree Kalighat Durga Puja,South Kolkata,1962 (Over 64 Years),Grand Architectural Temple Replica,Bringing timeless sacred architecture from across the Indian subcontinent to Kolkata’s doorstep through meticulous sculptural imitation and light engineering.,2025: Grand Dravidian Temple of South India | 2024: Khajuraho Stone Carving Replica | 2023: Jagannath Puri Shrimandir Architecture,2025: Dravidian Temple | 2024: Khajuraho | 2023: Puri Shrimandir | 2022: Sun Temple Modhera | 2021: Golden Temple Amritsar,Majestic classical clay idol draped in opulent brocade and Benarasi silks with handcrafted filigree crowns.,"Thermocol relief panels, plaster carvings, fiberglass moldings, and extensive computer-controlled Chandannagar illumination gates.","Sanghasree Kalighat Durga Puja in South Kolkata dazzles festive crowds with its monumental architectural reproductions. Recreating historic temples and palaces down to the finest stone carving detail, it stands as a visual marvel that draws visitors from across Bengal.",Biswa Bangla Sharad Samman (Best Pandal Architecture & Lighting),22.522012,88.347023,https://www.facebook.com/SanghasreeKalighatDurgaPujaKolkata/,@sanghasreekalighatdurgap_kolkata,Kalighat,"Colossal monumental architectural facade, dazzling 3D illuminated lighting gates by Chandannagar electrical artisans, and gold/jewel-adorned divine idol.",Expect very high footfall; visit during late midnight (1:30 AM to 4:30 AM) on Tritiya or Chaturthi to marvel at the exterior lighting with shorter lines.
138,Santoshpur Avenue South,South Kolkata,1973 (Over 53 Years),Handloom & Traditional Handicraft Showcase,"Reviving endangered handloom weaves, bell-metal artistry, and indigenous handcraft traditions into a tactile visual sanctuary.",2025: Tant-O-Tanti (Tribute to Bengal Handloom Weavers) | 2024: Dokra O Pittol (Lost-Wax Bell Metal Magic) | 2023: Kantha-Stitch & Jamdani Odyssey,2025: Tant-O-Tanti | 2024: Dokra O Pittol | 2023: Kantha-Stitch Odyssey | 2022: Purulia Chhau Art | 2021: Shantiniketan Leather Craft,Artisan clay sculpture draped in authentic hand-woven Jamdani and Baluchari silk with bell-metal jewelry.,"Handloom wooden shuttle looms, thousands of yarn spools, Dokra brass castings, natural dyed cotton, and soft ambient flute ragas.","Santoshpur Avenue South in South Kolkata transforms its puja pavilion into an ode to Bengal’s hereditary weavers and metalworkers. Every nook of the pandal features genuine handcrafted textures, providing livelihoods to rural craftspeople and enchanting visitors with textile elegance.",Biswa Bangla Sharad Samman (Best Handicraft Craftsmanship),22.495012,88.376023,https://www.facebook.com/SantoshpurAvenueSouthKolkata/,@santoshpuravenuesouth_kolkata,Kalighat,"Heritage Ekchala Pratima with authentic Sholar/Daker Saaj, traditional Kumari Puja, grand Bijoya Dashami Sindur Khela, and royal Dhunuchi Nach.",Visit early morning around 7:00 AM - 10:00 AM during Pushpanjali or late afternoon to experience tranquil heritage rituals without massive theme queues.
139,Santoshpur Lake Pally Durga Puja,South Kolkata,1984 (Over 42 Years),Heritage Traditional Sabeki,"Preservation of classical 19th-century zamindari and colonial Bengal devotional aesthetics, championing timeless Ekchala purity over modern conceptual gimmicks.",Timeless Sabeki Ekchala Protima with traditional Chandimandap architecture and thakur-dalan ambiance.,Nine decades of uncompromised classical Ekchala barowari traditions and devotion.,"Classic Ekchala idol adorned in shimmering Daker Saaj (pith and silver foil work), sporting fish-shaped elongated Trayanani eyes and royal lion mount.","Hooghly river clay, sholapith filigree work, beaten brass vessels, handcrafted wooden pillars, and traditional chandeliers.","Santoshpur Lake Pally Durga Puja in South Kolkata is a proud custodian of traditional Sabeki heritage. Eschewing transient modern themes, it preserves the authentic spiritual ambiance of classic Bengal, marked by reverberating dhak beats, fragrant dhuno incense, and family-centered community devotion.",Biswa Bangla Sharad Samman (Heritage Tradition Category),22.494334,88.376412,https://www.facebook.com/SantoshpurLakePallyDurgaPujaKolkata/,@santoshpurlakepallydurga_kolkata,Kalighat,"Heritage Ekchala Pratima with authentic Sholar/Daker Saaj, traditional Kumari Puja, grand Bijoya Dashami Sindur Khela, and royal Dhunuchi Nach.",Visit early morning around 7:00 AM - 10:00 AM during Pushpanjali or late afternoon to experience tranquil heritage rituals without massive theme queues.
140,Santoshpur Trikon Park Durgotsab,South Kolkata,1995 (Over 31 Years),Thought-Provoking Social Theme Installation,"Using the public pandal as a canvas for social awakening, mental health discourse, environmental preservation, and women’s empowerment.",2025: Muktir Alo (Light of Liberation & Mental Well-being) | 2024: Jal-Dharoni (Water Conservation & Future Generations) | 2023: Nari Shakti (The Divine Feminine in Modern Times),2025: Muktir Alo | 2024: Jal-Dharoni | 2023: Nari Shakti | 2022: Somoyer Ayna | 2021: Punorutthan,Modern contemporary clay idol sculpted with empathetic figurative expressions that reflect the resilience of modern women.,"Recycled metal wires, earthen kulhars, distressed wood planks, kinetic light installations, and thematic voiceover soundscapes.","Santoshpur Trikon Park Durgotsab in South Kolkata stands out for its bold, socially conscious conceptual installations. The puja committee uses modern installation art to provoke thought on contemporary humanitarian and environmental issues while maintaining deep spiritual reverence.","Asian Paints Sharad Samman (Creative Concept), Biswa Bangla Social Awareness Award",22.493645,88.375734,https://www.facebook.com/SantoshpurTrikonParkDurgotsabKolkata/,@santoshpurtrikonparkdurg_kolkata,Kalighat,"Experimental contemporary installation art, immersive spatial audio-visual storytelling, conceptual clay sculptures, and social reflection galleries.",Best experienced in the evening between 8:00 PM and midnight when thematic illumination and ambient acoustic soundscapes create an immersive sensory experience.
141,Shibmandir Sarbojanin Durgotsab Samiti,South Kolkata,2006 (Over 20 Years),Eco-Friendly Vernacular Folk Art,Celebration of Bengal’s rural artisanal heritage and ecological harmony; utilizing sustainable organic raw materials to recreate village courtyards and tribal sanctuaries.,"2025: Banglar Mati, Banglar Haat (Folk Bazaar of Bengal) | 2024: Shobujer Prarthana (Ode to Green Earth) | 2023: Lok-Shilpo O Gramin Jibon",2025: Banglar Mati | 2024: Shobujer Prarthana | 2023: Lok-Shilpo | 2022: Patachitra Akhyan | 2021: Matir Gandho,"Terracotta-finished earthen clay idol with serene rustic expressions, painted with organic turmeric and chalk pigments.","Untreated bamboo strips, natural jute burlap, Bankura terracotta tiles, dry date-palm weaves, and warm incandescent glow.","Shibmandir Sarbojanin Durgotsab Samiti in South Kolkata is renowned for its organic, sustainable theme approach. Embracing rural folk heritage, the pandal transports urban visitors into the peaceful sanctuary of a Bengal village, highlighting forgotten indigenous crafts and eco-friendly craftsmanship.",Biswa Bangla Sharad Samman (Eco-Friendly / Handicraft Category),22.515234,88.350845,https://www.facebook.com/ShibmandirSarbojaninDurgotsabSamitiKolkata/,@shibmandirsarbojanindurg_kolkata,Rabindra Sarobar,"Live demonstrations by rural Bengal folk craftspeople, sustainable natural installations (Dokra, Terracotta, Handloom), and rustic atmospheric village ambiance.","Visit during daytime (11:00 AM - 3:00 PM) to appreciate the natural colors, textures, and daylight detailing of the handicrafts."
142,Singhi Park Sarbojanin Durga Puja,South Kolkata,1952 (Over 74 Years),Grand Architectural Temple Replica,Bringing timeless sacred architecture from across the Indian subcontinent to Kolkata’s doorstep through meticulous sculptural imitation and light engineering.,2025: Grand Dravidian Temple of South India | 2024: Khajuraho Stone Carving Replica | 2023: Jagannath Puri Shrimandir Architecture,2025: Dravidian Temple | 2024: Khajuraho | 2023: Puri Shrimandir | 2022: Sun Temple Modhera | 2021: Golden Temple Amritsar,Majestic classical clay idol draped in opulent brocade and Benarasi silks with handcrafted filigree crowns.,"Thermocol relief panels, plaster carvings, fiberglass moldings, and extensive computer-controlled Chandannagar illumination gates.","Singhi Park Sarbojanin Durga Puja in South Kolkata dazzles festive crowds with its monumental architectural reproductions. Recreating historic temples and palaces down to the finest stone carving detail, it stands as a visual marvel that draws visitors from across Bengal.",Biswa Bangla Sharad Samman (Best Pandal Architecture & Lighting),22.519323,88.365412,https://www.facebook.com/SinghiParkSarbojaninDurgaPujaKolkata/,@singhiparksarbojanindurg_kolkata,Kalighat,"Colossal monumental architectural facade, dazzling 3D illuminated lighting gates by Chandannagar electrical artisans, and gold/jewel-adorned divine idol.",Expect very high footfall; visit during late midnight (1:30 AM to 4:30 AM) on Tritiya or Chaturthi to marvel at the exterior lighting with shorter lines.
143,Sonarpur Sarbojanin Durgotsav Puja Committee,South Kolkata,1963 (Over 63 Years),Handloom & Traditional Handicraft Showcase,"Reviving endangered handloom weaves, bell-metal artistry, and indigenous handcraft traditions into a tactile visual sanctuary.",2025: Tant-O-Tanti (Tribute to Bengal Handloom Weavers) | 2024: Dokra O Pittol (Lost-Wax Bell Metal Magic) | 2023: Kantha-Stitch & Jamdani Odyssey,2025: Tant-O-Tanti | 2024: Dokra O Pittol | 2023: Kantha-Stitch Odyssey | 2022: Purulia Chhau Art | 2021: Shantiniketan Leather Craft,Artisan clay sculpture draped in authentic hand-woven Jamdani and Baluchari silk with bell-metal jewelry.,"Handloom wooden shuttle looms, thousands of yarn spools, Dokra brass castings, natural dyed cotton, and soft ambient flute ragas.","Sonarpur Sarbojanin Durgotsav Puja Committee in South Kolkata transforms its puja pavilion into an ode to Bengal’s hereditary weavers and metalworkers. Every nook of the pandal features genuine handcrafted textures, providing livelihoods to rural craftspeople and enchanting visitors with textile elegance.",Biswa Bangla Sharad Samman (Best Handicraft Craftsmanship),22.443012,88.428023,https://www.facebook.com/SonarpurSarbojaninDurgotsavPujaCommitteeKolkata/,@sonarpursarbojanindurgot_kolkata,Kavi Nazrul,"Heritage Ekchala Pratima with authentic Sholar/Daker Saaj, traditional Kumari Puja, grand Bijoya Dashami Sindur Khela, and royal Dhunuchi Nach.",Visit early morning around 7:00 AM - 10:00 AM during Pushpanjali or late afternoon to experience tranquil heritage rituals without massive theme queues.
144,Sri Sri Sarbojanin Durga Puja,South Kolkata,1974 (Over 52 Years),Heritage Traditional Sabeki,"Preservation of classical 19th-century zamindari and colonial Bengal devotional aesthetics, championing timeless Ekchala purity over modern conceptual gimmicks.",Timeless Sabeki Ekchala Protima with traditional Chandimandap architecture and thakur-dalan ambiance.,Nine decades of uncompromised classical Ekchala barowari traditions and devotion.,"Classic Ekchala idol adorned in shimmering Daker Saaj (pith and silver foil work), sporting fish-shaped elongated Trayanani eyes and royal lion mount.","Hooghly river clay, sholapith filigree work, beaten brass vessels, handcrafted wooden pillars, and traditional chandeliers.","Sri Sri Sarbojanin Durga Puja in South Kolkata is a proud custodian of traditional Sabeki heritage. Eschewing transient modern themes, it preserves the authentic spiritual ambiance of classic Bengal, marked by reverberating dhak beats, fragrant dhuno incense, and family-centered community devotion.",Biswa Bangla Sharad Samman (Heritage Tradition Category),22.520012,88.346023,https://www.facebook.com/SriSriSarbojaninDurgaPujaKolkata/,@srisrisarbojanindurgapuj_kolkata,Kalighat,"Heritage Ekchala Pratima with authentic Sholar/Daker Saaj, traditional Kumari Puja, grand Bijoya Dashami Sindur Khela, and royal Dhunuchi Nach.",Visit early morning around 7:00 AM - 10:00 AM during Pushpanjali or late afternoon to experience tranquil heritage rituals without massive theme queues.
145,Surya Nagar Sarbojanin Durga Puja,South Kolkata,1985 (Over 41 Years),Thought-Provoking Social Theme Installation,"Using the public pandal as a canvas for social awakening, mental health discourse, environmental preservation, and women’s empowerment.",2025: Muktir Alo (Light of Liberation & Mental Well-being) | 2024: Jal-Dharoni (Water Conservation & Future Generations) | 2023: Nari Shakti (The Divine Feminine in Modern Times),2025: Muktir Alo | 2024: Jal-Dharoni | 2023: Nari Shakti | 2022: Somoyer Ayna | 2021: Punorutthan,Modern contemporary clay idol sculpted with empathetic figurative expressions that reflect the resilience of modern women.,"Recycled metal wires, earthen kulhars, distressed wood planks, kinetic light installations, and thematic voiceover soundscapes.","Surya Nagar Sarbojanin Durga Puja in South Kolkata stands out for its bold, socially conscious conceptual installations. The puja committee uses modern installation art to provoke thought on contemporary humanitarian and environmental issues while maintaining deep spiritual reverence.","Asian Paints Sharad Samman (Creative Concept), Biswa Bangla Social Awareness Award",22.464012,88.372023,https://www.facebook.com/SuryaNagarSarbojaninDurgaPujaKolkata/,@suryanagarsarbojanindurg_kolkata,Kalighat,"Experimental contemporary installation art, immersive spatial audio-visual storytelling, conceptual clay sculptures, and social reflection galleries.",Best experienced in the evening between 8:00 PM and midnight when thematic illumination and ambient acoustic soundscapes create an immersive sensory experience.
146,Tridhara Sammilani Durga Puja,South Kolkata,1947,Contemporary Philosophical & Spatial Installation,"Investigating human existence, cosmic balance, and cultural memory at the junction of three roads, transforming narrow lanes into deep artistic journeys.",2025: Akalbodhan (Untimely Awakening & Divine Consciousness) | 2024: Uttoron (Elevation of Soul) | 2023: Utsav er Antorkatha (The Unspoken Festivity),2025: Akalbodhan | 2024: Uttoron | 2023: Utsav er Antorkatha | 2022: Runanubandhan | 2021: Parichay | 2019: Prakriti O Manob,"Evocative, soulful clay sculpture integrating classical iconography with expressive contemporary figurative art by master sculptors.","Raw stone textures, oxidized copper panels, bamboo armatures, clay earthen pottery, and meditative atmospheric ambient music.","Tridhara Sammilani, located at the tripartite junction of Rashbehari Avenue, Manohar Pukur, and Mahanirban Road, is one of South Kolkata's most revered theme powerhouses. Led by Debashis Kumar, its daring spatial layouts draw massive queues who appreciate its fine aesthetic storytelling.","Biswa Bangla Sharad Samman (Serar Sera), Asian Paints Sharad Samman",22.519745,88.355123,https://www.facebook.com/tridharasammilaniofficial/,@tridharasammilanidurgapu_kolkata,Kalighat,"Experimental contemporary installation art, immersive spatial audio-visual storytelling, conceptual clay sculptures, and social reflection galleries.",Best experienced in the evening between 8:00 PM and midnight when thematic illumination and ambient acoustic soundscapes create an immersive sensory experience.
147,Tulipians Durgotsav,South Kolkata,2007 (Over 19 Years),Grand Architectural Temple Replica,Bringing timeless sacred architecture from across the Indian subcontinent to Kolkata’s doorstep through meticulous sculptural imitation and light engineering.,2025: Grand Dravidian Temple of South India | 2024: Khajuraho Stone Carving Replica | 2023: Jagannath Puri Shrimandir Architecture,2025: Dravidian Temple | 2024: Khajuraho | 2023: Puri Shrimandir | 2022: Sun Temple Modhera | 2021: Golden Temple Amritsar,Majestic classical clay idol draped in opulent brocade and Benarasi silks with handcrafted filigree crowns.,"Thermocol relief panels, plaster carvings, fiberglass moldings, and extensive computer-controlled Chandannagar illumination gates.","Tulipians Durgotsav in South Kolkata dazzles festive crowds with its monumental architectural reproductions. Recreating historic temples and palaces down to the finest stone carving detail, it stands as a visual marvel that draws visitors from across Bengal.",Biswa Bangla Sharad Samman (Best Pandal Architecture & Lighting),22.519012,88.348023,https://www.facebook.com/TulipiansDurgotsavKolkata/,@tulipiansdurgotsav_kolkata,Kalighat,"Colossal monumental architectural facade, dazzling 3D illuminated lighting gates by Chandannagar electrical artisans, and gold/jewel-adorned divine idol.",Expect very high footfall; visit during late midnight (1:30 AM to 4:30 AM) on Tritiya or Chaturthi to marvel at the exterior lighting with shorter lines.
148,Udayan Kidderpore Durga Puja,South Kolkata,1953 (Over 73 Years),Handloom & Traditional Handicraft Showcase,"Reviving endangered handloom weaves, bell-metal artistry, and indigenous handcraft traditions into a tactile visual sanctuary.",2025: Tant-O-Tanti (Tribute to Bengal Handloom Weavers) | 2024: Dokra O Pittol (Lost-Wax Bell Metal Magic) | 2023: Kantha-Stitch & Jamdani Odyssey,2025: Tant-O-Tanti | 2024: Dokra O Pittol | 2023: Kantha-Stitch Odyssey | 2022: Purulia Chhau Art | 2021: Shantiniketan Leather Craft,Artisan clay sculpture draped in authentic hand-woven Jamdani and Baluchari silk with bell-metal jewelry.,"Handloom wooden shuttle looms, thousands of yarn spools, Dokra brass castings, natural dyed cotton, and soft ambient flute ragas.","Udayan Kidderpore Durga Puja in South Kolkata transforms its puja pavilion into an ode to Bengal’s hereditary weavers and metalworkers. Every nook of the pandal features genuine handcrafted textures, providing livelihoods to rural craftspeople and enchanting visitors with textile elegance.",Biswa Bangla Sharad Samman (Best Handicraft Craftsmanship),22.534012,88.322023,https://www.facebook.com/UdayanKidderporeDurgaPujaKolkata/,@udayankidderporedurgapuj_kolkata,Majerhat,"Heritage Ekchala Pratima with authentic Sholar/Daker Saaj, traditional Kumari Puja, grand Bijoya Dashami Sindur Khela, and royal Dhunuchi Nach.",Visit early morning around 7:00 AM - 10:00 AM during Pushpanjali or late afternoon to experience tranquil heritage rituals without massive theme queues.
149,Upohar Utsav Committee,South Kolkata,1964 (Over 62 Years),Heritage Traditional Sabeki,"Preservation of classical 19th-century zamindari and colonial Bengal devotional aesthetics, championing timeless Ekchala purity over modern conceptual gimmicks.",Timeless Sabeki Ekchala Protima with traditional Chandimandap architecture and thakur-dalan ambiance.,Nine decades of uncompromised classical Ekchala barowari traditions and devotion.,"Classic Ekchala idol adorned in shimmering Daker Saaj (pith and silver foil work), sporting fish-shaped elongated Trayanani eyes and royal lion mount.","Hooghly river clay, sholapith filigree work, beaten brass vessels, handcrafted wooden pillars, and traditional chandeliers.","Upohar Utsav Committee in South Kolkata is a proud custodian of traditional Sabeki heritage. Eschewing transient modern themes, it preserves the authentic spiritual ambiance of classic Bengal, marked by reverberating dhak beats, fragrant dhuno incense, and family-centered community devotion.",Biswa Bangla Sharad Samman (Heritage Tradition Category),22.466012,88.384023,https://www.facebook.com/UpoharUtsavCommitteeKolkata/,@upoharutsavcommittee_kolkata,Kalighat,"Heritage Ekchala Pratima with authentic Sholar/Daker Saaj, traditional Kumari Puja, grand Bijoya Dashami Sindur Khela, and royal Dhunuchi Nach.",Visit early morning around 7:00 AM - 10:00 AM during Pushpanjali or late afternoon to experience tranquil heritage rituals without massive theme queues.
150,VIP Nagar Sarbojanin Durga Puja Committee,South Kolkata,1975 (Over 51 Years),Thought-Provoking Social Theme Installation,"Using the public pandal as a canvas for social awakening, mental health discourse, environmental preservation, and women’s empowerment.",2025: Muktir Alo (Light of Liberation & Mental Well-being) | 2024: Jal-Dharoni (Water Conservation & Future Generations) | 2023: Nari Shakti (The Divine Feminine in Modern Times),2025: Muktir Alo | 2024: Jal-Dharoni | 2023: Nari Shakti | 2022: Somoyer Ayna | 2021: Punorutthan,Modern contemporary clay idol sculpted with empathetic figurative expressions that reflect the resilience of modern women.,"Recycled metal wires, earthen kulhars, distressed wood planks, kinetic light installations, and thematic voiceover soundscapes.","VIP Nagar Sarbojanin Durga Puja Committee in South Kolkata stands out for its bold, socially conscious conceptual installations. The puja committee uses modern installation art to provoke thought on contemporary humanitarian and environmental issues while maintaining deep spiritual reverence.","Asian Paints Sharad Samman (Creative Concept), Biswa Bangla Social Awareness Award",22.516012,88.395023,https://www.facebook.com/VIPNagarSarbojaninDurgaPujaCommitteeKolkata/,@vipnagarsarbojanindurgap_kolkata,Kalighat,"Experimental contemporary installation art, immersive spatial audio-visual storytelling, conceptual clay sculptures, and social reflection galleries.",Best experienced in the evening between 8:00 PM and midnight when thematic illumination and ambient acoustic soundscapes create an immersive sensory experience.
151,Westend Park Sarbojanin Durga Puja,South Kolkata,1986 (Over 40 Years),Eco-Friendly Vernacular Folk Art,Celebration of Bengal’s rural artisanal heritage and ecological harmony; utilizing sustainable organic raw materials to recreate village courtyards and tribal sanctuaries.,"2025: Banglar Mati, Banglar Haat (Folk Bazaar of Bengal) | 2024: Shobujer Prarthana (Ode to Green Earth) | 2023: Lok-Shilpo O Gramin Jibon",2025: Banglar Mati | 2024: Shobujer Prarthana | 2023: Lok-Shilpo | 2022: Patachitra Akhyan | 2021: Matir Gandho,"Terracotta-finished earthen clay idol with serene rustic expressions, painted with organic turmeric and chalk pigments.","Untreated bamboo strips, natural jute burlap, Bankura terracotta tiles, dry date-palm weaves, and warm incandescent glow.","Westend Park Sarbojanin Durga Puja in South Kolkata is renowned for its organic, sustainable theme approach. Embracing rural folk heritage, the pandal transports urban visitors into the peaceful sanctuary of a Bengal village, highlighting forgotten indigenous crafts and eco-friendly craftsmanship.",Biswa Bangla Sharad Samman (Eco-Friendly / Handicraft Category),22.521012,88.343023,https://www.facebook.com/WestendParkSarbojaninDurgaPujaKolkata/,@westendparksarbojanindur_kolkata,Kalighat,"Live demonstrations by rural Bengal folk craftspeople, sustainable natural installations (Dokra, Terracotta, Handloom), and rustic atmospheric village ambiance.","Visit during daytime (11:00 AM - 3:00 PM) to appreciate the natural colors, textures, and daylight detailing of the handicrafts."
152,14 Pally Udayan Sangha,Central Kolkata,1997 (Over 29 Years),Grand Architectural Temple Replica,Bringing timeless sacred architecture from across the Indian subcontinent to Kolkata’s doorstep through meticulous sculptural imitation and light engineering.,2025: Grand Dravidian Temple of South India | 2024: Khajuraho Stone Carving Replica | 2023: Jagannath Puri Shrimandir Architecture,2025: Dravidian Temple | 2024: Khajuraho | 2023: Puri Shrimandir | 2022: Sun Temple Modhera | 2021: Golden Temple Amritsar,Majestic classical clay idol draped in opulent brocade and Benarasi silks with handcrafted filigree crowns.,"Thermocol relief panels, plaster carvings, fiberglass moldings, and extensive computer-controlled Chandannagar illumination gates.","14 Pally Udayan Sangha in Central Kolkata dazzles festive crowds with its monumental architectural reproductions. Recreating historic temples and palaces down to the finest stone carving detail, it stands as a visual marvel that draws visitors from across Bengal.",Biswa Bangla Sharad Samman (Best Pandal Architecture & Lighting),22.579012,88.358023,https://www.facebook.com/14PallyUdayanSanghaKolkata/,@14pallyudayansangha_kolkata,Mahatma Gandhi Road,"Colossal monumental architectural facade, dazzling 3D illuminated lighting gates by Chandannagar electrical artisans, and gold/jewel-adorned divine idol.",Expect very high footfall; visit during late midnight (1:30 AM to 4:30 AM) on Tritiya or Chaturthi to marvel at the exterior lighting with shorter lines.
153,37 Pally Sarbojanin Durgotsab,Central Kolkata,2008 (Over 18 Years),Handloom & Traditional Handicraft Showcase,"Reviving endangered handloom weaves, bell-metal artistry, and indigenous handcraft traditions into a tactile visual sanctuary.",2025: Tant-O-Tanti (Tribute to Bengal Handloom Weavers) | 2024: Dokra O Pittol (Lost-Wax Bell Metal Magic) | 2023: Kantha-Stitch & Jamdani Odyssey,2025: Tant-O-Tanti | 2024: Dokra O Pittol | 2023: Kantha-Stitch Odyssey | 2022: Purulia Chhau Art | 2021: Shantiniketan Leather Craft,Artisan clay sculpture draped in authentic hand-woven Jamdani and Baluchari silk with bell-metal jewelry.,"Handloom wooden shuttle looms, thousands of yarn spools, Dokra brass castings, natural dyed cotton, and soft ambient flute ragas.","37 Pally Sarbojanin Durgotsab in Central Kolkata transforms its puja pavilion into an ode to Bengal’s hereditary weavers and metalworkers. Every nook of the pandal features genuine handcrafted textures, providing livelihoods to rural craftspeople and enchanting visitors with textile elegance.",Biswa Bangla Sharad Samman (Best Handicraft Craftsmanship),22.578334,88.358412,https://www.facebook.com/37PallySarbojaninDurgotsabKolkata/,@37pallysarbojanindurgots_kolkata,Mahatma Gandhi Road,"Heritage Ekchala Pratima with authentic Sholar/Daker Saaj, traditional Kumari Puja, grand Bijoya Dashami Sindur Khela, and royal Dhunuchi Nach.",Visit early morning around 7:00 AM - 10:00 AM during Pushpanjali or late afternoon to experience tranquil heritage rituals without massive theme queues.
154,47 Pally Jubak Brinda Durga Puja,Central Kolkata,1954 (Over 72 Years),Heritage Traditional Sabeki,"Preservation of classical 19th-century zamindari and colonial Bengal devotional aesthetics, championing timeless Ekchala purity over modern conceptual gimmicks.",Timeless Sabeki Ekchala Protima with traditional Chandimandap architecture and thakur-dalan ambiance.,Nine decades of uncompromised classical Ekchala barowari traditions and devotion.,"Classic Ekchala idol adorned in shimmering Daker Saaj (pith and silver foil work), sporting fish-shaped elongated Trayanani eyes and royal lion mount.","Hooghly river clay, sholapith filigree work, beaten brass vessels, handcrafted wooden pillars, and traditional chandeliers.","47 Pally Jubak Brinda Durga Puja in Central Kolkata is a proud custodian of traditional Sabeki heritage. Eschewing transient modern themes, it preserves the authentic spiritual ambiance of classic Bengal, marked by reverberating dhak beats, fragrant dhuno incense, and family-centered community devotion.",Biswa Bangla Sharad Samman (Heritage Tradition Category),22.577645,88.357734,https://www.facebook.com/47PallyJubakBrindaDurgaPujaKolkata/,@47pallyjubakbrindadurgap_kolkata,Mahatma Gandhi Road,"Heritage Ekchala Pratima with authentic Sholar/Daker Saaj, traditional Kumari Puja, grand Bijoya Dashami Sindur Khela, and royal Dhunuchi Nach.",Visit early morning around 7:00 AM - 10:00 AM during Pushpanjali or late afternoon to experience tranquil heritage rituals without massive theme queues.
155,Central Calcutta Youth Association,Central Kolkata,1965 (Over 61 Years),Thought-Provoking Social Theme Installation,"Using the public pandal as a canvas for social awakening, mental health discourse, environmental preservation, and women’s empowerment.",2025: Muktir Alo (Light of Liberation & Mental Well-being) | 2024: Jal-Dharoni (Water Conservation & Future Generations) | 2023: Nari Shakti (The Divine Feminine in Modern Times),2025: Muktir Alo | 2024: Jal-Dharoni | 2023: Nari Shakti | 2022: Somoyer Ayna | 2021: Punorutthan,Modern contemporary clay idol sculpted with empathetic figurative expressions that reflect the resilience of modern women.,"Recycled metal wires, earthen kulhars, distressed wood planks, kinetic light installations, and thematic voiceover soundscapes.","Central Calcutta Youth Association in Central Kolkata stands out for its bold, socially conscious conceptual installations. The puja committee uses modern installation art to provoke thought on contemporary humanitarian and environmental issues while maintaining deep spiritual reverence.","Asian Paints Sharad Samman (Creative Concept), Biswa Bangla Social Awareness Award",22.569012,88.358023,https://www.facebook.com/CentralCalcuttaYouthAssociationKolkata/,@centralcalcuttayouthasso_kolkata,Central,"Experimental contemporary installation art, immersive spatial audio-visual storytelling, conceptual clay sculptures, and social reflection galleries.",Best experienced in the evening between 8:00 PM and midnight when thematic illumination and ambient acoustic soundscapes create an immersive sensory experience.
156,College Square Sarbojanin Durgotsav,Central Kolkata,1976 (Over 50 Years),Eco-Friendly Vernacular Folk Art,Celebration of Bengal’s rural artisanal heritage and ecological harmony; utilizing sustainable organic raw materials to recreate village courtyards and tribal sanctuaries.,"2025: Banglar Mati, Banglar Haat (Folk Bazaar of Bengal) | 2024: Shobujer Prarthana (Ode to Green Earth) | 2023: Lok-Shilpo O Gramin Jibon",2025: Banglar Mati | 2024: Shobujer Prarthana | 2023: Lok-Shilpo | 2022: Patachitra Akhyan | 2021: Matir Gandho,"Terracotta-finished earthen clay idol with serene rustic expressions, painted with organic turmeric and chalk pigments.","Untreated bamboo strips, natural jute burlap, Bankura terracotta tiles, dry date-palm weaves, and warm incandescent glow.","College Square Sarbojanin Durgotsav in Central Kolkata is renowned for its organic, sustainable theme approach. Embracing rural folk heritage, the pandal transports urban visitors into the peaceful sanctuary of a Bengal village, highlighting forgotten indigenous crafts and eco-friendly craftsmanship.",Biswa Bangla Sharad Samman (Eco-Friendly / Handicraft Category),22.573912,88.363845,https://www.facebook.com/CollegeSquareSarbojaninDurgotsavKolkata/,@collegesquaresarbojanind_kolkata,Mahatma Gandhi Road,"Live demonstrations by rural Bengal folk craftspeople, sustainable natural installations (Dokra, Terracotta, Handloom), and rustic atmospheric village ambiance.","Visit during daytime (11:00 AM - 3:00 PM) to appreciate the natural colors, textures, and daylight detailing of the handicrafts."
157,Entally Matribhumi Durga Puja,Central Kolkata,1987 (Over 39 Years),Grand Architectural Temple Replica,Bringing timeless sacred architecture from across the Indian subcontinent to Kolkata’s doorstep through meticulous sculptural imitation and light engineering.,2025: Grand Dravidian Temple of South India | 2024: Khajuraho Stone Carving Replica | 2023: Jagannath Puri Shrimandir Architecture,2025: Dravidian Temple | 2024: Khajuraho | 2023: Puri Shrimandir | 2022: Sun Temple Modhera | 2021: Golden Temple Amritsar,Majestic classical clay idol draped in opulent brocade and Benarasi silks with handcrafted filigree crowns.,"Thermocol relief panels, plaster carvings, fiberglass moldings, and extensive computer-controlled Chandannagar illumination gates.","Entally Matribhumi Durga Puja in Central Kolkata dazzles festive crowds with its monumental architectural reproductions. Recreating historic temples and palaces down to the finest stone carving detail, it stands as a visual marvel that draws visitors from across Bengal.",Biswa Bangla Sharad Samman (Best Pandal Architecture & Lighting),22.564012,88.372023,https://www.facebook.com/EntallyMatribhumiDurgaPujaKolkata/,@entallymatribhumidurgapu_kolkata,Sealdah,"Colossal monumental architectural facade, dazzling 3D illuminated lighting gates by Chandannagar electrical artisans, and gold/jewel-adorned divine idol.",Expect very high footfall; visit during late midnight (1:30 AM to 4:30 AM) on Tritiya or Chaturthi to marvel at the exterior lighting with shorter lines.
158,Entally Sarbojanin Sri Sri Durga Puja,Central Kolkata,1998 (Over 28 Years),Handloom & Traditional Handicraft Showcase,"Reviving endangered handloom weaves, bell-metal artistry, and indigenous handcraft traditions into a tactile visual sanctuary.",2025: Tant-O-Tanti (Tribute to Bengal Handloom Weavers) | 2024: Dokra O Pittol (Lost-Wax Bell Metal Magic) | 2023: Kantha-Stitch & Jamdani Odyssey,2025: Tant-O-Tanti | 2024: Dokra O Pittol | 2023: Kantha-Stitch Odyssey | 2022: Purulia Chhau Art | 2021: Shantiniketan Leather Craft,Artisan clay sculpture draped in authentic hand-woven Jamdani and Baluchari silk with bell-metal jewelry.,"Handloom wooden shuttle looms, thousands of yarn spools, Dokra brass castings, natural dyed cotton, and soft ambient flute ragas.","Entally Sarbojanin Sri Sri Durga Puja in Central Kolkata transforms its puja pavilion into an ode to Bengal’s hereditary weavers and metalworkers. Every nook of the pandal features genuine handcrafted textures, providing livelihoods to rural craftspeople and enchanting visitors with textile elegance.",Biswa Bangla Sharad Samman (Best Handicraft Craftsmanship),22.563334,88.372412,https://www.facebook.com/EntallySarbojaninSriSriDurgaPujaKolkata/,@entallysarbojaninsrisrid_kolkata,Sealdah,"Heritage Ekchala Pratima with authentic Sholar/Daker Saaj, traditional Kumari Puja, grand Bijoya Dashami Sindur Khela, and royal Dhunuchi Nach.",Visit early morning around 7:00 AM - 10:00 AM during Pushpanjali or late afternoon to experience tranquil heritage rituals without massive theme queues.
159,Interact Club of Chowringhee High School Sarbojanin Durga Puja,Central Kolkata,2009 (Over 17 Years),Heritage Traditional Sabeki,"Preservation of classical 19th-century zamindari and colonial Bengal devotional aesthetics, championing timeless Ekchala purity over modern conceptual gimmicks.",Timeless Sabeki Ekchala Protima with traditional Chandimandap architecture and thakur-dalan ambiance.,Nine decades of uncompromised classical Ekchala barowari traditions and devotion.,"Classic Ekchala idol adorned in shimmering Daker Saaj (pith and silver foil work), sporting fish-shaped elongated Trayanani eyes and royal lion mount.","Hooghly river clay, sholapith filigree work, beaten brass vessels, handcrafted wooden pillars, and traditional chandeliers.","Interact Club of Chowringhee High School Sarbojanin Durga Puja in Central Kolkata is a proud custodian of traditional Sabeki heritage. Eschewing transient modern themes, it preserves the authentic spiritual ambiance of classic Bengal, marked by reverberating dhak beats, fragrant dhuno incense, and family-centered community devotion.",Biswa Bangla Sharad Samman (Heritage Tradition Category),22.556012,88.353023,https://www.facebook.com/InteractClubofChowringheeHighSchoolSarbojaninDurgaPujaKolkata/,@interactclubofchowringhe_kolkata,Esplanade,"Heritage Ekchala Pratima with authentic Sholar/Daker Saaj, traditional Kumari Puja, grand Bijoya Dashami Sindur Khela, and royal Dhunuchi Nach.",Visit early morning around 7:00 AM - 10:00 AM during Pushpanjali or late afternoon to experience tranquil heritage rituals without massive theme queues.
160,Kanai Dhar Lane Adhibasi Brinda,Central Kolkata,1955 (Over 71 Years),Thought-Provoking Social Theme Installation,"Using the public pandal as a canvas for social awakening, mental health discourse, environmental preservation, and women’s empowerment.",2025: Muktir Alo (Light of Liberation & Mental Well-being) | 2024: Jal-Dharoni (Water Conservation & Future Generations) | 2023: Nari Shakti (The Divine Feminine in Modern Times),2025: Muktir Alo | 2024: Jal-Dharoni | 2023: Nari Shakti | 2022: Somoyer Ayna | 2021: Punorutthan,Modern contemporary clay idol sculpted with empathetic figurative expressions that reflect the resilience of modern women.,"Recycled metal wires, earthen kulhars, distressed wood planks, kinetic light installations, and thematic voiceover soundscapes.","Kanai Dhar Lane Adhibasi Brinda in Central Kolkata stands out for its bold, socially conscious conceptual installations. The puja committee uses modern installation art to provoke thought on contemporary humanitarian and environmental issues while maintaining deep spiritual reverence.","Asian Paints Sharad Samman (Creative Concept), Biswa Bangla Social Awareness Award",22.568012,88.361023,https://www.facebook.com/KanaiDharLaneAdhibasiBrindaKolkata/,@kanaidharlaneadhibasibri_kolkata,Central,"Experimental contemporary installation art, immersive spatial audio-visual storytelling, conceptual clay sculptures, and social reflection galleries.",Best experienced in the evening between 8:00 PM and midnight when thematic illumination and ambient acoustic soundscapes create an immersive sensory experience.
161,Machua Bazar Sarbajanik Durga Puja Samity,Central Kolkata,1966 (Over 60 Years),Eco-Friendly Vernacular Folk Art,Celebration of Bengal’s rural artisanal heritage and ecological harmony; utilizing sustainable organic raw materials to recreate village courtyards and tribal sanctuaries.,"2025: Banglar Mati, Banglar Haat (Folk Bazaar of Bengal) | 2024: Shobujer Prarthana (Ode to Green Earth) | 2023: Lok-Shilpo O Gramin Jibon",2025: Banglar Mati | 2024: Shobujer Prarthana | 2023: Lok-Shilpo | 2022: Patachitra Akhyan | 2021: Matir Gandho,"Terracotta-finished earthen clay idol with serene rustic expressions, painted with organic turmeric and chalk pigments.","Untreated bamboo strips, natural jute burlap, Bankura terracotta tiles, dry date-palm weaves, and warm incandescent glow.","Machua Bazar Sarbajanik Durga Puja Samity in Central Kolkata is renowned for its organic, sustainable theme approach. Embracing rural folk heritage, the pandal transports urban visitors into the peaceful sanctuary of a Bengal village, highlighting forgotten indigenous crafts and eco-friendly craftsmanship.",Biswa Bangla Sharad Samman (Eco-Friendly / Handicraft Category),22.581012,88.360023,https://www.facebook.com/MachuaBazarSarbajanikDurgaPujaSamityKolkata/,@machuabazarsarbajanikdur_kolkata,Mahatma Gandhi Road,"Live demonstrations by rural Bengal folk craftspeople, sustainable natural installations (Dokra, Terracotta, Handloom), and rustic atmospheric village ambiance.","Visit during daytime (11:00 AM - 3:00 PM) to appreciate the natural colors, textures, and daylight detailing of the handicrafts."
162,Md. Ali Park Durga Puja,Central Kolkata,1977 (Over 49 Years),Grand Architectural Temple Replica,Bringing timeless sacred architecture from across the Indian subcontinent to Kolkata’s doorstep through meticulous sculptural imitation and light engineering.,2025: Grand Dravidian Temple of South India | 2024: Khajuraho Stone Carving Replica | 2023: Jagannath Puri Shrimandir Architecture,2025: Dravidian Temple | 2024: Khajuraho | 2023: Puri Shrimandir | 2022: Sun Temple Modhera | 2021: Golden Temple Amritsar,Majestic classical clay idol draped in opulent brocade and Benarasi silks with handcrafted filigree crowns.,"Thermocol relief panels, plaster carvings, fiberglass moldings, and extensive computer-controlled Chandannagar illumination gates.","Md. Ali Park Durga Puja in Central Kolkata dazzles festive crowds with its monumental architectural reproductions. Recreating historic temples and palaces down to the finest stone carving detail, it stands as a visual marvel that draws visitors from across Bengal.",Biswa Bangla Sharad Samman (Best Pandal Architecture & Lighting),22.578623,88.360124,https://www.facebook.com/MdAliParkDurgaPujaKolkata/,@mdaliparkdurgapuja_kolkata,Mahatma Gandhi Road,"Colossal monumental architectural facade, dazzling 3D illuminated lighting gates by Chandannagar electrical artisans, and gold/jewel-adorned divine idol.",Expect very high footfall; visit during late midnight (1:30 AM to 4:30 AM) on Tritiya or Chaturthi to marvel at the exterior lighting with shorter lines.
163,New Market Sarbojanin Sri Sri Durga Puja,Central Kolkata,1988 (Over 38 Years),Handloom & Traditional Handicraft Showcase,"Reviving endangered handloom weaves, bell-metal artistry, and indigenous handcraft traditions into a tactile visual sanctuary.",2025: Tant-O-Tanti (Tribute to Bengal Handloom Weavers) | 2024: Dokra O Pittol (Lost-Wax Bell Metal Magic) | 2023: Kantha-Stitch & Jamdani Odyssey,2025: Tant-O-Tanti | 2024: Dokra O Pittol | 2023: Kantha-Stitch Odyssey | 2022: Purulia Chhau Art | 2021: Shantiniketan Leather Craft,Artisan clay sculpture draped in authentic hand-woven Jamdani and Baluchari silk with bell-metal jewelry.,"Handloom wooden shuttle looms, thousands of yarn spools, Dokra brass castings, natural dyed cotton, and soft ambient flute ragas.","New Market Sarbojanin Sri Sri Durga Puja in Central Kolkata transforms its puja pavilion into an ode to Bengal’s hereditary weavers and metalworkers. Every nook of the pandal features genuine handcrafted textures, providing livelihoods to rural craftspeople and enchanting visitors with textile elegance.",Biswa Bangla Sharad Samman (Best Handicraft Craftsmanship),22.560012,88.353023,https://www.facebook.com/NewMarketSarbojaninSriSriDurgaPujaKolkata/,@newmarketsarbojaninsrisr_kolkata,Esplanade,"Heritage Ekchala Pratima with authentic Sholar/Daker Saaj, traditional Kumari Puja, grand Bijoya Dashami Sindur Khela, and royal Dhunuchi Nach.",Visit early morning around 7:00 AM - 10:00 AM during Pushpanjali or late afternoon to experience tranquil heritage rituals without massive theme queues.
164,Pallir Yubak Brinda Durga Puja,Central Kolkata,1999 (Over 27 Years),Heritage Traditional Sabeki,"Preservation of classical 19th-century zamindari and colonial Bengal devotional aesthetics, championing timeless Ekchala purity over modern conceptual gimmicks.",Timeless Sabeki Ekchala Protima with traditional Chandimandap architecture and thakur-dalan ambiance.,Nine decades of uncompromised classical Ekchala barowari traditions and devotion.,"Classic Ekchala idol adorned in shimmering Daker Saaj (pith and silver foil work), sporting fish-shaped elongated Trayanani eyes and royal lion mount.","Hooghly river clay, sholapith filigree work, beaten brass vessels, handcrafted wooden pillars, and traditional chandeliers.","Pallir Yubak Brinda Durga Puja in Central Kolkata is a proud custodian of traditional Sabeki heritage. Eschewing transient modern themes, it preserves the authentic spiritual ambiance of classic Bengal, marked by reverberating dhak beats, fragrant dhuno incense, and family-centered community devotion.",Biswa Bangla Sharad Samman (Heritage Tradition Category),22.559334,88.353412,https://www.facebook.com/PallirYubakBrindaDurgaPujaKolkata/,@palliryubakbrindadurgapu_kolkata,Esplanade,"Heritage Ekchala Pratima with authentic Sholar/Daker Saaj, traditional Kumari Puja, grand Bijoya Dashami Sindur Khela, and royal Dhunuchi Nach.",Visit early morning around 7:00 AM - 10:00 AM during Pushpanjali or late afternoon to experience tranquil heritage rituals without massive theme queues.
165,Santosh Mitra Square Durga Puja,Central Kolkata,2010 (Over 16 Years),Thought-Provoking Social Theme Installation,"Using the public pandal as a canvas for social awakening, mental health discourse, environmental preservation, and women’s empowerment.",2025: Muktir Alo (Light of Liberation & Mental Well-being) | 2024: Jal-Dharoni (Water Conservation & Future Generations) | 2023: Nari Shakti (The Divine Feminine in Modern Times),2025: Muktir Alo | 2024: Jal-Dharoni | 2023: Nari Shakti | 2022: Somoyer Ayna | 2021: Punorutthan,Modern contemporary clay idol sculpted with empathetic figurative expressions that reflect the resilience of modern women.,"Recycled metal wires, earthen kulhars, distressed wood planks, kinetic light installations, and thematic voiceover soundscapes.","Santosh Mitra Square Durga Puja in Central Kolkata stands out for its bold, socially conscious conceptual installations. The puja committee uses modern installation art to provoke thought on contemporary humanitarian and environmental issues while maintaining deep spiritual reverence.","Asian Paints Sharad Samman (Creative Concept), Biswa Bangla Social Awareness Award",22.567834,88.365912,https://www.facebook.com/SantoshMitraSquareDurgaPujaKolkata/,@santoshmitrasquaredurgap_kolkata,Sealdah,"Experimental contemporary installation art, immersive spatial audio-visual storytelling, conceptual clay sculptures, and social reflection galleries.",Best experienced in the evening between 8:00 PM and midnight when thematic illumination and ambient acoustic soundscapes create an immersive sensory experience.
166,Shishu Palan Foundation,Central Kolkata,1956 (Over 70 Years),Eco-Friendly Vernacular Folk Art,Celebration of Bengal’s rural artisanal heritage and ecological harmony; utilizing sustainable organic raw materials to recreate village courtyards and tribal sanctuaries.,"2025: Banglar Mati, Banglar Haat (Folk Bazaar of Bengal) | 2024: Shobujer Prarthana (Ode to Green Earth) | 2023: Lok-Shilpo O Gramin Jibon",2025: Banglar Mati | 2024: Shobujer Prarthana | 2023: Lok-Shilpo | 2022: Patachitra Akhyan | 2021: Matir Gandho,"Terracotta-finished earthen clay idol with serene rustic expressions, painted with organic turmeric and chalk pigments.","Untreated bamboo strips, natural jute burlap, Bankura terracotta tiles, dry date-palm weaves, and warm incandescent glow.","Shishu Palan Foundation in Central Kolkata is renowned for its organic, sustainable theme approach. Embracing rural folk heritage, the pandal transports urban visitors into the peaceful sanctuary of a Bengal village, highlighting forgotten indigenous crafts and eco-friendly craftsmanship.",Biswa Bangla Sharad Samman (Eco-Friendly / Handicraft Category),22.577012,88.359023,https://www.facebook.com/ShishuPalanFoundationKolkata/,@shishupalanfoundation_kolkata,Mahatma Gandhi Road,"Live demonstrations by rural Bengal folk craftspeople, sustainable natural installations (Dokra, Terracotta, Handloom), and rustic atmospheric village ambiance.","Visit during daytime (11:00 AM - 3:00 PM) to appreciate the natural colors, textures, and daylight detailing of the handicrafts."
167,Wellington Nagarik Kalyan Samity Durga Puja,Central Kolkata,1967 (Over 59 Years),Grand Architectural Temple Replica,Bringing timeless sacred architecture from across the Indian subcontinent to Kolkata’s doorstep through meticulous sculptural imitation and light engineering.,2025: Grand Dravidian Temple of South India | 2024: Khajuraho Stone Carving Replica | 2023: Jagannath Puri Shrimandir Architecture,2025: Dravidian Temple | 2024: Khajuraho | 2023: Puri Shrimandir | 2022: Sun Temple Modhera | 2021: Golden Temple Amritsar,Majestic classical clay idol draped in opulent brocade and Benarasi silks with handcrafted filigree crowns.,"Thermocol relief panels, plaster carvings, fiberglass moldings, and extensive computer-controlled Chandannagar illumination gates.","Wellington Nagarik Kalyan Samity Durga Puja in Central Kolkata dazzles festive crowds with its monumental architectural reproductions. Recreating historic temples and palaces down to the finest stone carving detail, it stands as a visual marvel that draws visitors from across Bengal.",Biswa Bangla Sharad Samman (Best Pandal Architecture & Lighting),22.563012,88.358023,https://www.facebook.com/WellingtonNagarikKalyanSamityDurgaPujaKolkata/,@wellingtonnagarikkalyans_kolkata,Esplanade,"Colossal monumental architectural facade, dazzling 3D illuminated lighting gates by Chandannagar electrical artisans, and gold/jewel-adorned divine idol.",Expect very high footfall; visit during late midnight (1:30 AM to 4:30 AM) on Tritiya or Chaturthi to marvel at the exterior lighting with shorter lines.
168,Shimla Byam Samity,Central Kolkata,1978 (Over 48 Years),Handloom & Traditional Handicraft Showcase,"Reviving endangered handloom weaves, bell-metal artistry, and indigenous handcraft traditions into a tactile visual sanctuary.",2025: Tant-O-Tanti (Tribute to Bengal Handloom Weavers) | 2024: Dokra O Pittol (Lost-Wax Bell Metal Magic) | 2023: Kantha-Stitch & Jamdani Odyssey,2025: Tant-O-Tanti | 2024: Dokra O Pittol | 2023: Kantha-Stitch Odyssey | 2022: Purulia Chhau Art | 2021: Shantiniketan Leather Craft,Artisan clay sculpture draped in authentic hand-woven Jamdani and Baluchari silk with bell-metal jewelry.,"Handloom wooden shuttle looms, thousands of yarn spools, Dokra brass castings, natural dyed cotton, and soft ambient flute ragas.","Shimla Byam Samity in Central Kolkata transforms its puja pavilion into an ode to Bengal’s hereditary weavers and metalworkers. Every nook of the pandal features genuine handcrafted textures, providing livelihoods to rural craftspeople and enchanting visitors with textile elegance.",Biswa Bangla Sharad Samman (Best Handicraft Craftsmanship),22.585012,88.364023,https://www.facebook.com/ShimlaByamSamityKolkata/,@shimlabyamsamity_kolkata,Mahatma Gandhi Road,"Heritage Ekchala Pratima with authentic Sholar/Daker Saaj, traditional Kumari Puja, grand Bijoya Dashami Sindur Khela, and royal Dhunuchi Nach.",Visit early morning around 7:00 AM - 10:00 AM during Pushpanjali or late afternoon to experience tranquil heritage rituals without massive theme queues.
169,Singhi Bagan Durga Puja,Central Kolkata,1989 (Over 37 Years),Heritage Traditional Sabeki,"Preservation of classical 19th-century zamindari and colonial Bengal devotional aesthetics, championing timeless Ekchala purity over modern conceptual gimmicks.",Timeless Sabeki Ekchala Protima with traditional Chandimandap architecture and thakur-dalan ambiance.,Nine decades of uncompromised classical Ekchala barowari traditions and devotion.,"Classic Ekchala idol adorned in shimmering Daker Saaj (pith and silver foil work), sporting fish-shaped elongated Trayanani eyes and royal lion mount.","Hooghly river clay, sholapith filigree work, beaten brass vessels, handcrafted wooden pillars, and traditional chandeliers.","Singhi Bagan Durga Puja in Central Kolkata is a proud custodian of traditional Sabeki heritage. Eschewing transient modern themes, it preserves the authentic spiritual ambiance of classic Bengal, marked by reverberating dhak beats, fragrant dhuno incense, and family-centered community devotion.",Biswa Bangla Sharad Samman (Heritage Tradition Category),22.584334,88.364412,https://www.facebook.com/SinghiBaganDurgaPujaKolkata/,@singhibagandurgapuja_kolkata,Mahatma Gandhi Road,"Heritage Ekchala Pratima with authentic Sholar/Daker Saaj, traditional Kumari Puja, grand Bijoya Dashami Sindur Khela, and royal Dhunuchi Nach.",Visit early morning around 7:00 AM - 10:00 AM during Pushpanjali or late afternoon to experience tranquil heritage rituals without massive theme queues.
170,Beliaghata 33 Palli Durga Puja,Central Kolkata,2000 (Over 26 Years),Thought-Provoking Social Theme Installation,"Using the public pandal as a canvas for social awakening, mental health discourse, environmental preservation, and women’s empowerment.",2025: Muktir Alo (Light of Liberation & Mental Well-being) | 2024: Jal-Dharoni (Water Conservation & Future Generations) | 2023: Nari Shakti (The Divine Feminine in Modern Times),2025: Muktir Alo | 2024: Jal-Dharoni | 2023: Nari Shakti | 2022: Somoyer Ayna | 2021: Punorutthan,Modern contemporary clay idol sculpted with empathetic figurative expressions that reflect the resilience of modern women.,"Recycled metal wires, earthen kulhars, distressed wood planks, kinetic light installations, and thematic voiceover soundscapes.","Beliaghata 33 Palli Durga Puja in Central Kolkata stands out for its bold, socially conscious conceptual installations. The puja committee uses modern installation art to provoke thought on contemporary humanitarian and environmental issues while maintaining deep spiritual reverence.","Asian Paints Sharad Samman (Creative Concept), Biswa Bangla Social Awareness Award",22.568012,88.384023,https://www.facebook.com/Beliaghata33PalliDurgaPujaKolkata/,@beliaghata33pallidurgapu_kolkata,Sealdah,"Experimental contemporary installation art, immersive spatial audio-visual storytelling, conceptual clay sculptures, and social reflection galleries.",Best experienced in the evening between 8:00 PM and midnight when thematic illumination and ambient acoustic soundscapes create an immersive sensory experience.
171,Entally Sarbojanin,Central Kolkata,2011 (Over 15 Years),Eco-Friendly Vernacular Folk Art,Celebration of Bengal’s rural artisanal heritage and ecological harmony; utilizing sustainable organic raw materials to recreate village courtyards and tribal sanctuaries.,"2025: Banglar Mati, Banglar Haat (Folk Bazaar of Bengal) | 2024: Shobujer Prarthana (Ode to Green Earth) | 2023: Lok-Shilpo O Gramin Jibon",2025: Banglar Mati | 2024: Shobujer Prarthana | 2023: Lok-Shilpo | 2022: Patachitra Akhyan | 2021: Matir Gandho,"Terracotta-finished earthen clay idol with serene rustic expressions, painted with organic turmeric and chalk pigments.","Untreated bamboo strips, natural jute burlap, Bankura terracotta tiles, dry date-palm weaves, and warm incandescent glow.","Entally Sarbojanin in Central Kolkata is renowned for its organic, sustainable theme approach. Embracing rural folk heritage, the pandal transports urban visitors into the peaceful sanctuary of a Bengal village, highlighting forgotten indigenous crafts and eco-friendly craftsmanship.",Biswa Bangla Sharad Samman (Eco-Friendly / Handicraft Category),22.562012,88.373023,https://www.facebook.com/EntallySarbojaninKolkata/,@entallysarbojanin_kolkata,Sealdah,"Live demonstrations by rural Bengal folk craftspeople, sustainable natural installations (Dokra, Terracotta, Handloom), and rustic atmospheric village ambiance.","Visit during daytime (11:00 AM - 3:00 PM) to appreciate the natural colors, textures, and daylight detailing of the handicrafts."
172,AJ Block Durga Puja,East Kolkata & Salt Lake,1957 (Over 69 Years),Grand Architectural Temple Replica,Bringing timeless sacred architecture from across the Indian subcontinent to Kolkata’s doorstep through meticulous sculptural imitation and light engineering.,2025: Grand Dravidian Temple of South India | 2024: Khajuraho Stone Carving Replica | 2023: Jagannath Puri Shrimandir Architecture,2025: Dravidian Temple | 2024: Khajuraho | 2023: Puri Shrimandir | 2022: Sun Temple Modhera | 2021: Golden Temple Amritsar,Majestic classical clay idol draped in opulent brocade and Benarasi silks with handcrafted filigree crowns.,"Thermocol relief panels, plaster carvings, fiberglass moldings, and extensive computer-controlled Chandannagar illumination gates.","AJ Block Durga Puja in East Kolkata & Salt Lake dazzles festive crowds with its monumental architectural reproductions. Recreating historic temples and palaces down to the finest stone carving detail, it stands as a visual marvel that draws visitors from across Bengal.",Biswa Bangla Sharad Samman (Best Pandal Architecture & Lighting),22.588012,88.411023,https://www.facebook.com/AJBlockDurgaPujaKolkata/,@ajblockdurgapuja_kolkata,City Centre,"Colossal monumental architectural facade, dazzling 3D illuminated lighting gates by Chandannagar electrical artisans, and gold/jewel-adorned divine idol.",Expect very high footfall; visit during late midnight (1:30 AM to 4:30 AM) on Tritiya or Chaturthi to marvel at the exterior lighting with shorter lines.
173,BD Block Sarbojanin Durgotsab Committee,East Kolkata & Salt Lake,1968 (Over 58 Years),Handloom & Traditional Handicraft Showcase,"Reviving endangered handloom weaves, bell-metal artistry, and indigenous handcraft traditions into a tactile visual sanctuary.",2025: Tant-O-Tanti (Tribute to Bengal Handloom Weavers) | 2024: Dokra O Pittol (Lost-Wax Bell Metal Magic) | 2023: Kantha-Stitch & Jamdani Odyssey,2025: Tant-O-Tanti | 2024: Dokra O Pittol | 2023: Kantha-Stitch Odyssey | 2022: Purulia Chhau Art | 2021: Shantiniketan Leather Craft,Artisan clay sculpture draped in authentic hand-woven Jamdani and Baluchari silk with bell-metal jewelry.,"Handloom wooden shuttle looms, thousands of yarn spools, Dokra brass castings, natural dyed cotton, and soft ambient flute ragas.","BD Block Sarbojanin Durgotsab Committee in East Kolkata & Salt Lake transforms its puja pavilion into an ode to Bengal’s hereditary weavers and metalworkers. Every nook of the pandal features genuine handcrafted textures, providing livelihoods to rural craftspeople and enchanting visitors with textile elegance.",Biswa Bangla Sharad Samman (Best Handicraft Craftsmanship),22.587334,88.411412,https://www.facebook.com/BDBlockSarbojaninDurgotsabCommitteeKolkata/,@bdblocksarbojanindurgots_kolkata,City Centre,"Heritage Ekchala Pratima with authentic Sholar/Daker Saaj, traditional Kumari Puja, grand Bijoya Dashami Sindur Khela, and royal Dhunuchi Nach.",Visit early morning around 7:00 AM - 10:00 AM during Pushpanjali or late afternoon to experience tranquil heritage rituals without massive theme queues.
174,BJ Block Saradotsav Committee,East Kolkata & Salt Lake,1979 (Over 47 Years),Heritage Traditional Sabeki,"Preservation of classical 19th-century zamindari and colonial Bengal devotional aesthetics, championing timeless Ekchala purity over modern conceptual gimmicks.",Timeless Sabeki Ekchala Protima with traditional Chandimandap architecture and thakur-dalan ambiance.,Nine decades of uncompromised classical Ekchala barowari traditions and devotion.,"Classic Ekchala idol adorned in shimmering Daker Saaj (pith and silver foil work), sporting fish-shaped elongated Trayanani eyes and royal lion mount.","Hooghly river clay, sholapith filigree work, beaten brass vessels, handcrafted wooden pillars, and traditional chandeliers.","BJ Block Saradotsav Committee in East Kolkata & Salt Lake is a proud custodian of traditional Sabeki heritage. Eschewing transient modern themes, it preserves the authentic spiritual ambiance of classic Bengal, marked by reverberating dhak beats, fragrant dhuno incense, and family-centered community devotion.",Biswa Bangla Sharad Samman (Heritage Tradition Category),22.584312,88.417823,https://www.facebook.com/BJBlockSaradotsavCommitteeKolkata/,@bjblocksaradotsavcommitt_kolkata,City Centre,"Heritage Ekchala Pratima with authentic Sholar/Daker Saaj, traditional Kumari Puja, grand Bijoya Dashami Sindur Khela, and royal Dhunuchi Nach.",Visit early morning around 7:00 AM - 10:00 AM during Pushpanjali or late afternoon to experience tranquil heritage rituals without massive theme queues.
175,BL Block Durga Puja,East Kolkata & Salt Lake,1990 (Over 36 Years),Thought-Provoking Social Theme Installation,"Using the public pandal as a canvas for social awakening, mental health discourse, environmental preservation, and women’s empowerment.",2025: Muktir Alo (Light of Liberation & Mental Well-being) | 2024: Jal-Dharoni (Water Conservation & Future Generations) | 2023: Nari Shakti (The Divine Feminine in Modern Times),2025: Muktir Alo | 2024: Jal-Dharoni | 2023: Nari Shakti | 2022: Somoyer Ayna | 2021: Punorutthan,Modern contemporary clay idol sculpted with empathetic figurative expressions that reflect the resilience of modern women.,"Recycled metal wires, earthen kulhars, distressed wood planks, kinetic light installations, and thematic voiceover soundscapes.","BL Block Durga Puja in East Kolkata & Salt Lake stands out for its bold, socially conscious conceptual installations. The puja committee uses modern installation art to provoke thought on contemporary humanitarian and environmental issues while maintaining deep spiritual reverence.","Asian Paints Sharad Samman (Creative Concept), Biswa Bangla Social Awareness Award",22.586645,88.410734,https://www.facebook.com/BLBlockDurgaPujaKolkata/,@blblockdurgapuja_kolkata,City Centre,"Experimental contemporary installation art, immersive spatial audio-visual storytelling, conceptual clay sculptures, and social reflection galleries.",Best experienced in the evening between 8:00 PM and midnight when thematic illumination and ambient acoustic soundscapes create an immersive sensory experience.
176,EKTP Phase 2 Abasik Puja Samity,East Kolkata & Salt Lake,2001 (Over 25 Years),Eco-Friendly Vernacular Folk Art,Celebration of Bengal’s rural artisanal heritage and ecological harmony; utilizing sustainable organic raw materials to recreate village courtyards and tribal sanctuaries.,"2025: Banglar Mati, Banglar Haat (Folk Bazaar of Bengal) | 2024: Shobujer Prarthana (Ode to Green Earth) | 2023: Lok-Shilpo O Gramin Jibon",2025: Banglar Mati | 2024: Shobujer Prarthana | 2023: Lok-Shilpo | 2022: Patachitra Akhyan | 2021: Matir Gandho,"Terracotta-finished earthen clay idol with serene rustic expressions, painted with organic turmeric and chalk pigments.","Untreated bamboo strips, natural jute burlap, Bankura terracotta tiles, dry date-palm weaves, and warm incandescent glow.","EKTP Phase 2 Abasik Puja Samity in East Kolkata & Salt Lake is renowned for its organic, sustainable theme approach. Embracing rural folk heritage, the pandal transports urban visitors into the peaceful sanctuary of a Bengal village, highlighting forgotten indigenous crafts and eco-friendly craftsmanship.",Biswa Bangla Sharad Samman (Eco-Friendly / Handicraft Category),22.548012,88.402023,https://www.facebook.com/EKTPPhase2AbasikPujaSamityKolkata/,@ektpphase2abasikpujasami_kolkata,City Centre,"Live demonstrations by rural Bengal folk craftspeople, sustainable natural installations (Dokra, Terracotta, Handloom), and rustic atmospheric village ambiance.","Visit during daytime (11:00 AM - 3:00 PM) to appreciate the natural colors, textures, and daylight detailing of the handicrafts."
177,Jawpur Bayam Samity Durga Puja,East Kolkata & Salt Lake,2012 (Over 14 Years),Grand Architectural Temple Replica,Bringing timeless sacred architecture from across the Indian subcontinent to Kolkata’s doorstep through meticulous sculptural imitation and light engineering.,2025: Grand Dravidian Temple of South India | 2024: Khajuraho Stone Carving Replica | 2023: Jagannath Puri Shrimandir Architecture,2025: Dravidian Temple | 2024: Khajuraho | 2023: Puri Shrimandir | 2022: Sun Temple Modhera | 2021: Golden Temple Amritsar,Majestic classical clay idol draped in opulent brocade and Benarasi silks with handcrafted filigree crowns.,"Thermocol relief panels, plaster carvings, fiberglass moldings, and extensive computer-controlled Chandannagar illumination gates.","Jawpur Bayam Samity Durga Puja in East Kolkata & Salt Lake dazzles festive crowds with its monumental architectural reproductions. Recreating historic temples and palaces down to the finest stone carving detail, it stands as a visual marvel that draws visitors from across Bengal.",Biswa Bangla Sharad Samman (Best Pandal Architecture & Lighting),22.618012,88.386023,https://www.facebook.com/JawpurBayamSamityDurgaPujaKolkata/,@jawpurbayamsamitydurgapu_kolkata,City Centre,"Colossal monumental architectural facade, dazzling 3D illuminated lighting gates by Chandannagar electrical artisans, and gold/jewel-adorned divine idol.",Expect very high footfall; visit during late midnight (1:30 AM to 4:30 AM) on Tritiya or Chaturthi to marvel at the exterior lighting with shorter lines.
178,Judge Bagan Sarbojanin Durgotsab,East Kolkata & Salt Lake,1958 (Over 68 Years),Handloom & Traditional Handicraft Showcase,"Reviving endangered handloom weaves, bell-metal artistry, and indigenous handcraft traditions into a tactile visual sanctuary.",2025: Tant-O-Tanti (Tribute to Bengal Handloom Weavers) | 2024: Dokra O Pittol (Lost-Wax Bell Metal Magic) | 2023: Kantha-Stitch & Jamdani Odyssey,2025: Tant-O-Tanti | 2024: Dokra O Pittol | 2023: Kantha-Stitch Odyssey | 2022: Purulia Chhau Art | 2021: Shantiniketan Leather Craft,Artisan clay sculpture draped in authentic hand-woven Jamdani and Baluchari silk with bell-metal jewelry.,"Handloom wooden shuttle looms, thousands of yarn spools, Dokra brass castings, natural dyed cotton, and soft ambient flute ragas.","Judge Bagan Sarbojanin Durgotsab in East Kolkata & Salt Lake transforms its puja pavilion into an ode to Bengal’s hereditary weavers and metalworkers. Every nook of the pandal features genuine handcrafted textures, providing livelihoods to rural craftspeople and enchanting visitors with textile elegance.",Biswa Bangla Sharad Samman (Best Handicraft Craftsmanship),22.582012,88.405023,https://www.facebook.com/JudgeBaganSarbojaninDurgotsabKolkata/,@judgebagansarbojanindurg_kolkata,City Centre,"Heritage Ekchala Pratima with authentic Sholar/Daker Saaj, traditional Kumari Puja, grand Bijoya Dashami Sindur Khela, and royal Dhunuchi Nach.",Visit early morning around 7:00 AM - 10:00 AM during Pushpanjali or late afternoon to experience tranquil heritage rituals without massive theme queues.
179,Kanjial Para Puja Samity Durga Puja,East Kolkata & Salt Lake,1969 (Over 57 Years),Heritage Traditional Sabeki,"Preservation of classical 19th-century zamindari and colonial Bengal devotional aesthetics, championing timeless Ekchala purity over modern conceptual gimmicks.",Timeless Sabeki Ekchala Protima with traditional Chandimandap architecture and thakur-dalan ambiance.,Nine decades of uncompromised classical Ekchala barowari traditions and devotion.,"Classic Ekchala idol adorned in shimmering Daker Saaj (pith and silver foil work), sporting fish-shaped elongated Trayanani eyes and royal lion mount.","Hooghly river clay, sholapith filigree work, beaten brass vessels, handcrafted wooden pillars, and traditional chandeliers.","Kanjial Para Puja Samity Durga Puja in East Kolkata & Salt Lake is a proud custodian of traditional Sabeki heritage. Eschewing transient modern themes, it preserves the authentic spiritual ambiance of classic Bengal, marked by reverberating dhak beats, fragrant dhuno incense, and family-centered community devotion.",Biswa Bangla Sharad Samman (Heritage Tradition Category),22.581334,88.405412,https://www.facebook.com/KanjialParaPujaSamityDurgaPujaKolkata/,@kanjialparapujasamitydur_kolkata,City Centre,"Heritage Ekchala Pratima with authentic Sholar/Daker Saaj, traditional Kumari Puja, grand Bijoya Dashami Sindur Khela, and royal Dhunuchi Nach.",Visit early morning around 7:00 AM - 10:00 AM during Pushpanjali or late afternoon to experience tranquil heritage rituals without massive theme queues.
180,Nabapally Adhibashi Brinda Durga Puja,East Kolkata & Salt Lake,1980 (Over 46 Years),Thought-Provoking Social Theme Installation,"Using the public pandal as a canvas for social awakening, mental health discourse, environmental preservation, and women’s empowerment.",2025: Muktir Alo (Light of Liberation & Mental Well-being) | 2024: Jal-Dharoni (Water Conservation & Future Generations) | 2023: Nari Shakti (The Divine Feminine in Modern Times),2025: Muktir Alo | 2024: Jal-Dharoni | 2023: Nari Shakti | 2022: Somoyer Ayna | 2021: Punorutthan,Modern contemporary clay idol sculpted with empathetic figurative expressions that reflect the resilience of modern women.,"Recycled metal wires, earthen kulhars, distressed wood planks, kinetic light installations, and thematic voiceover soundscapes.","Nabapally Adhibashi Brinda Durga Puja in East Kolkata & Salt Lake stands out for its bold, socially conscious conceptual installations. The puja committee uses modern installation art to provoke thought on contemporary humanitarian and environmental issues while maintaining deep spiritual reverence.","Asian Paints Sharad Samman (Creative Concept), Biswa Bangla Social Awareness Award",22.580645,88.404734,https://www.facebook.com/NabapallyAdhibashiBrindaDurgaPujaKolkata/,@nabapallyadhibashibrinda_kolkata,City Centre,"Experimental contemporary installation art, immersive spatial audio-visual storytelling, conceptual clay sculptures, and social reflection galleries.",Best experienced in the evening between 8:00 PM and midnight when thematic illumination and ambient acoustic soundscapes create an immersive sensory experience.
181,Netaji Sporting Club Durga Puja,East Kolkata & Salt Lake,1991 (Over 35 Years),Eco-Friendly Vernacular Folk Art,Celebration of Bengal’s rural artisanal heritage and ecological harmony; utilizing sustainable organic raw materials to recreate village courtyards and tribal sanctuaries.,"2025: Banglar Mati, Banglar Haat (Folk Bazaar of Bengal) | 2024: Shobujer Prarthana (Ode to Green Earth) | 2023: Lok-Shilpo O Gramin Jibon",2025: Banglar Mati | 2024: Shobujer Prarthana | 2023: Lok-Shilpo | 2022: Patachitra Akhyan | 2021: Matir Gandho,"Terracotta-finished earthen clay idol with serene rustic expressions, painted with organic turmeric and chalk pigments.","Untreated bamboo strips, natural jute burlap, Bankura terracotta tiles, dry date-palm weaves, and warm incandescent glow.","Netaji Sporting Club Durga Puja in East Kolkata & Salt Lake is renowned for its organic, sustainable theme approach. Embracing rural folk heritage, the pandal transports urban visitors into the peaceful sanctuary of a Bengal village, highlighting forgotten indigenous crafts and eco-friendly craftsmanship.",Biswa Bangla Sharad Samman (Eco-Friendly / Handicraft Category),22.579012,88.404023,https://www.facebook.com/NetajiSportingClubDurgaPujaKolkata/,@netajisportingclubdurgap_kolkata,City Centre,"Live demonstrations by rural Bengal folk craftspeople, sustainable natural installations (Dokra, Terracotta, Handloom), and rustic atmospheric village ambiance.","Visit during daytime (11:00 AM - 3:00 PM) to appreciate the natural colors, textures, and daylight detailing of the handicrafts."
182,Prafulla Kanan Sarbojanin Durgotsab,East Kolkata & Salt Lake,2002 (Over 24 Years),Grand Architectural Temple Replica,Bringing timeless sacred architecture from across the Indian subcontinent to Kolkata’s doorstep through meticulous sculptural imitation and light engineering.,2025: Grand Dravidian Temple of South India | 2024: Khajuraho Stone Carving Replica | 2023: Jagannath Puri Shrimandir Architecture,2025: Dravidian Temple | 2024: Khajuraho | 2023: Puri Shrimandir | 2022: Sun Temple Modhera | 2021: Golden Temple Amritsar,Majestic classical clay idol draped in opulent brocade and Benarasi silks with handcrafted filigree crowns.,"Thermocol relief panels, plaster carvings, fiberglass moldings, and extensive computer-controlled Chandannagar illumination gates.","Prafulla Kanan Sarbojanin Durgotsab in East Kolkata & Salt Lake dazzles festive crowds with its monumental architectural reproductions. Recreating historic temples and palaces down to the finest stone carving detail, it stands as a visual marvel that draws visitors from across Bengal.",Biswa Bangla Sharad Samman (Best Pandal Architecture & Lighting),22.605012,88.423023,https://www.facebook.com/PrafullaKananSarbojaninDurgotsabKolkata/,@prafullakanansarbojanind_kolkata,City Centre,"Colossal monumental architectural facade, dazzling 3D illuminated lighting gates by Chandannagar electrical artisans, and gold/jewel-adorned divine idol.",Expect very high footfall; visit during late midnight (1:30 AM to 4:30 AM) on Tritiya or Chaturthi to marvel at the exterior lighting with shorter lines.
183,Purba Kalikata Sarbojanin Durgotsav,East Kolkata & Salt Lake,2013 (Over 13 Years),Handloom & Traditional Handicraft Showcase,"Reviving endangered handloom weaves, bell-metal artistry, and indigenous handcraft traditions into a tactile visual sanctuary.",2025: Tant-O-Tanti (Tribute to Bengal Handloom Weavers) | 2024: Dokra O Pittol (Lost-Wax Bell Metal Magic) | 2023: Kantha-Stitch & Jamdani Odyssey,2025: Tant-O-Tanti | 2024: Dokra O Pittol | 2023: Kantha-Stitch Odyssey | 2022: Purulia Chhau Art | 2021: Shantiniketan Leather Craft,Artisan clay sculpture draped in authentic hand-woven Jamdani and Baluchari silk with bell-metal jewelry.,"Handloom wooden shuttle looms, thousands of yarn spools, Dokra brass castings, natural dyed cotton, and soft ambient flute ragas.","Purba Kalikata Sarbojanin Durgotsav in East Kolkata & Salt Lake transforms its puja pavilion into an ode to Bengal’s hereditary weavers and metalworkers. Every nook of the pandal features genuine handcrafted textures, providing livelihoods to rural craftspeople and enchanting visitors with textile elegance.",Biswa Bangla Sharad Samman (Best Handicraft Craftsmanship),22.571012,88.388023,https://www.facebook.com/PurbaKalikataSarbojaninDurgotsavKolkata/,@purbakalikatasarbojanind_kolkata,City Centre,"Heritage Ekchala Pratima with authentic Sholar/Daker Saaj, traditional Kumari Puja, grand Bijoya Dashami Sindur Khela, and royal Dhunuchi Nach.",Visit early morning around 7:00 AM - 10:00 AM during Pushpanjali or late afternoon to experience tranquil heritage rituals without massive theme queues.
184,Purbanchal Prabhati Sangha Durga Puja,East Kolkata & Salt Lake,1959 (Over 67 Years),Heritage Traditional Sabeki,"Preservation of classical 19th-century zamindari and colonial Bengal devotional aesthetics, championing timeless Ekchala purity over modern conceptual gimmicks.",Timeless Sabeki Ekchala Protima with traditional Chandimandap architecture and thakur-dalan ambiance.,Nine decades of uncompromised classical Ekchala barowari traditions and devotion.,"Classic Ekchala idol adorned in shimmering Daker Saaj (pith and silver foil work), sporting fish-shaped elongated Trayanani eyes and royal lion mount.","Hooghly river clay, sholapith filigree work, beaten brass vessels, handcrafted wooden pillars, and traditional chandeliers.","Purbanchal Prabhati Sangha Durga Puja in East Kolkata & Salt Lake is a proud custodian of traditional Sabeki heritage. Eschewing transient modern themes, it preserves the authentic spiritual ambiance of classic Bengal, marked by reverberating dhak beats, fragrant dhuno incense, and family-centered community devotion.",Biswa Bangla Sharad Samman (Heritage Tradition Category),22.570334,88.388412,https://www.facebook.com/PurbanchalPrabhatiSanghaDurgaPujaKolkata/,@purbanchalprabhatisangha_kolkata,City Centre,"Heritage Ekchala Pratima with authentic Sholar/Daker Saaj, traditional Kumari Puja, grand Bijoya Dashami Sindur Khela, and royal Dhunuchi Nach.",Visit early morning around 7:00 AM - 10:00 AM during Pushpanjali or late afternoon to experience tranquil heritage rituals without massive theme queues.
185,Sixemes Cooperative Housing Durgotsav,East Kolkata & Salt Lake,1970 (Over 56 Years),Thought-Provoking Social Theme Installation,"Using the public pandal as a canvas for social awakening, mental health discourse, environmental preservation, and women’s empowerment.",2025: Muktir Alo (Light of Liberation & Mental Well-being) | 2024: Jal-Dharoni (Water Conservation & Future Generations) | 2023: Nari Shakti (The Divine Feminine in Modern Times),2025: Muktir Alo | 2024: Jal-Dharoni | 2023: Nari Shakti | 2022: Somoyer Ayna | 2021: Punorutthan,Modern contemporary clay idol sculpted with empathetic figurative expressions that reflect the resilience of modern women.,"Recycled metal wires, earthen kulhars, distressed wood planks, kinetic light installations, and thematic voiceover soundscapes.","Sixemes Cooperative Housing Durgotsav in East Kolkata & Salt Lake stands out for its bold, socially conscious conceptual installations. The puja committee uses modern installation art to provoke thought on contemporary humanitarian and environmental issues while maintaining deep spiritual reverence.","Asian Paints Sharad Samman (Creative Concept), Biswa Bangla Social Awareness Award",22.585012,88.415023,https://www.facebook.com/SixemesCooperativeHousingDurgotsavKolkata/,@sixemescooperativehousin_kolkata,City Centre,"Experimental contemporary installation art, immersive spatial audio-visual storytelling, conceptual clay sculptures, and social reflection galleries.",Best experienced in the evening between 8:00 PM and midnight when thematic illumination and ambient acoustic soundscapes create an immersive sensory experience.
186,"Sree Sree Durga Puja Committee, Rabindrapally",East Kolkata & Salt Lake,1981 (Over 45 Years),Eco-Friendly Vernacular Folk Art,Celebration of Bengal’s rural artisanal heritage and ecological harmony; utilizing sustainable organic raw materials to recreate village courtyards and tribal sanctuaries.,"2025: Banglar Mati, Banglar Haat (Folk Bazaar of Bengal) | 2024: Shobujer Prarthana (Ode to Green Earth) | 2023: Lok-Shilpo O Gramin Jibon",2025: Banglar Mati | 2024: Shobujer Prarthana | 2023: Lok-Shilpo | 2022: Patachitra Akhyan | 2021: Matir Gandho,"Terracotta-finished earthen clay idol with serene rustic expressions, painted with organic turmeric and chalk pigments.","Untreated bamboo strips, natural jute burlap, Bankura terracotta tiles, dry date-palm weaves, and warm incandescent glow.","Sree Sree Durga Puja Committee, Rabindrapally in East Kolkata & Salt Lake is renowned for its organic, sustainable theme approach. Embracing rural folk heritage, the pandal transports urban visitors into the peaceful sanctuary of a Bengal village, highlighting forgotten indigenous crafts and eco-friendly craftsmanship.",Biswa Bangla Sharad Samman (Eco-Friendly / Handicraft Category),22.602012,88.426023,https://www.facebook.com/SreeSreeDurgaPujaCommitteeRabindrapallyKolkata/,@sreesreedurgapujacommitt_kolkata,City Centre,"Live demonstrations by rural Bengal folk craftspeople, sustainable natural installations (Dokra, Terracotta, Handloom), and rustic atmospheric village ambiance.","Visit during daytime (11:00 AM - 3:00 PM) to appreciate the natural colors, textures, and daylight detailing of the handicrafts."
187,New Town Sarbojanin,East Kolkata & Salt Lake,1992 (Over 34 Years),Grand Architectural Temple Replica,Bringing timeless sacred architecture from across the Indian subcontinent to Kolkata’s doorstep through meticulous sculptural imitation and light engineering.,2025: Grand Dravidian Temple of South India | 2024: Khajuraho Stone Carving Replica | 2023: Jagannath Puri Shrimandir Architecture,2025: Dravidian Temple | 2024: Khajuraho | 2023: Puri Shrimandir | 2022: Sun Temple Modhera | 2021: Golden Temple Amritsar,Majestic classical clay idol draped in opulent brocade and Benarasi silks with handcrafted filigree crowns.,"Thermocol relief panels, plaster carvings, fiberglass moldings, and extensive computer-controlled Chandannagar illumination gates.","New Town Sarbojanin in East Kolkata & Salt Lake dazzles festive crowds with its monumental architectural reproductions. Recreating historic temples and palaces down to the finest stone carving detail, it stands as a visual marvel that draws visitors from across Bengal.",Biswa Bangla Sharad Samman (Best Pandal Architecture & Lighting),22.586012,88.462023,https://www.facebook.com/NewTownSarbojaninKolkata/,@newtownsarbojanin_kolkata,Karunamoyee,"Colossal monumental architectural facade, dazzling 3D illuminated lighting gates by Chandannagar electrical artisans, and gold/jewel-adorned divine idol.",Expect very high footfall; visit during late midnight (1:30 AM to 4:30 AM) on Tritiya or Chaturthi to marvel at the exterior lighting with shorter lines.
188,AK Block Salt Lake,East Kolkata & Salt Lake,2003 (Over 23 Years),Handloom & Traditional Handicraft Showcase,"Reviving endangered handloom weaves, bell-metal artistry, and indigenous handcraft traditions into a tactile visual sanctuary.",2025: Tant-O-Tanti (Tribute to Bengal Handloom Weavers) | 2024: Dokra O Pittol (Lost-Wax Bell Metal Magic) | 2023: Kantha-Stitch & Jamdani Odyssey,2025: Tant-O-Tanti | 2024: Dokra O Pittol | 2023: Kantha-Stitch Odyssey | 2022: Purulia Chhau Art | 2021: Shantiniketan Leather Craft,Artisan clay sculpture draped in authentic hand-woven Jamdani and Baluchari silk with bell-metal jewelry.,"Handloom wooden shuttle looms, thousands of yarn spools, Dokra brass castings, natural dyed cotton, and soft ambient flute ragas.","AK Block Salt Lake in East Kolkata & Salt Lake transforms its puja pavilion into an ode to Bengal’s hereditary weavers and metalworkers. Every nook of the pandal features genuine handcrafted textures, providing livelihoods to rural craftspeople and enchanting visitors with textile elegance.",Biswa Bangla Sharad Samman (Best Handicraft Craftsmanship),22.589012,88.412023,https://www.facebook.com/AKBlockSaltLakeKolkata/,@akblocksaltlake_kolkata,City Centre,"Heritage Ekchala Pratima with authentic Sholar/Daker Saaj, traditional Kumari Puja, grand Bijoya Dashami Sindur Khela, and royal Dhunuchi Nach.",Visit early morning around 7:00 AM - 10:00 AM during Pushpanjali or late afternoon to experience tranquil heritage rituals without massive theme queues.
189,Mitali Sangha Kankurgachi,East Kolkata & Salt Lake,2014 (Over 12 Years),Heritage Traditional Sabeki,"Preservation of classical 19th-century zamindari and colonial Bengal devotional aesthetics, championing timeless Ekchala purity over modern conceptual gimmicks.",Timeless Sabeki Ekchala Protima with traditional Chandimandap architecture and thakur-dalan ambiance.,Nine decades of uncompromised classical Ekchala barowari traditions and devotion.,"Classic Ekchala idol adorned in shimmering Daker Saaj (pith and silver foil work), sporting fish-shaped elongated Trayanani eyes and royal lion mount.","Hooghly river clay, sholapith filigree work, beaten brass vessels, handcrafted wooden pillars, and traditional chandeliers.","Mitali Sangha Kankurgachi in East Kolkata & Salt Lake is a proud custodian of traditional Sabeki heritage. Eschewing transient modern themes, it preserves the authentic spiritual ambiance of classic Bengal, marked by reverberating dhak beats, fragrant dhuno incense, and family-centered community devotion.",Biswa Bangla Sharad Samman (Heritage Tradition Category),22.588012,88.382023,https://www.facebook.com/MitaliSanghaKankurgachiKolkata/,@mitalisanghakankurgachi_kolkata,City Centre,"Heritage Ekchala Pratima with authentic Sholar/Daker Saaj, traditional Kumari Puja, grand Bijoya Dashami Sindur Khela, and royal Dhunuchi Nach.",Visit early morning around 7:00 AM - 10:00 AM during Pushpanjali or late afternoon to experience tranquil heritage rituals without massive theme queues.
190,2 No Basudebpur Sarbojanin Durga Puja,Behala,1960 (Over 66 Years),Thought-Provoking Social Theme Installation,"Using the public pandal as a canvas for social awakening, mental health discourse, environmental preservation, and women’s empowerment.",2025: Muktir Alo (Light of Liberation & Mental Well-being) | 2024: Jal-Dharoni (Water Conservation & Future Generations) | 2023: Nari Shakti (The Divine Feminine in Modern Times),2025: Muktir Alo | 2024: Jal-Dharoni | 2023: Nari Shakti | 2022: Somoyer Ayna | 2021: Punorutthan,Modern contemporary clay idol sculpted with empathetic figurative expressions that reflect the resilience of modern women.,"Recycled metal wires, earthen kulhars, distressed wood planks, kinetic light installations, and thematic voiceover soundscapes.","2 No Basudebpur Sarbojanin Durga Puja in Behala stands out for its bold, socially conscious conceptual installations. The puja committee uses modern installation art to provoke thought on contemporary humanitarian and environmental issues while maintaining deep spiritual reverence.","Asian Paints Sharad Samman (Creative Concept), Biswa Bangla Social Awareness Award",22.496012,88.312023,https://www.facebook.com/2NoBasudebpurSarbojaninDurgaPujaKolkata/,@2nobasudebpursarbojanind_kolkata,Behala Bazar,"Experimental contemporary installation art, immersive spatial audio-visual storytelling, conceptual clay sculptures, and social reflection galleries.",Best experienced in the evening between 8:00 PM and midnight when thematic illumination and ambient acoustic soundscapes create an immersive sensory experience.
191,7er Pally Sarbojanin Durga Puja Committee,Behala,1971 (Over 55 Years),Eco-Friendly Vernacular Folk Art,Celebration of Bengal’s rural artisanal heritage and ecological harmony; utilizing sustainable organic raw materials to recreate village courtyards and tribal sanctuaries.,"2025: Banglar Mati, Banglar Haat (Folk Bazaar of Bengal) | 2024: Shobujer Prarthana (Ode to Green Earth) | 2023: Lok-Shilpo O Gramin Jibon",2025: Banglar Mati | 2024: Shobujer Prarthana | 2023: Lok-Shilpo | 2022: Patachitra Akhyan | 2021: Matir Gandho,"Terracotta-finished earthen clay idol with serene rustic expressions, painted with organic turmeric and chalk pigments.","Untreated bamboo strips, natural jute burlap, Bankura terracotta tiles, dry date-palm weaves, and warm incandescent glow.","7er Pally Sarbojanin Durga Puja Committee in Behala is renowned for its organic, sustainable theme approach. Embracing rural folk heritage, the pandal transports urban visitors into the peaceful sanctuary of a Bengal village, highlighting forgotten indigenous crafts and eco-friendly craftsmanship.",Biswa Bangla Sharad Samman (Eco-Friendly / Handicraft Category),22.495334,88.312412,https://www.facebook.com/7erPallySarbojaninDurgaPujaCommitteeKolkata/,@7erpallysarbojanindurgap_kolkata,Behala Bazar,"Live demonstrations by rural Bengal folk craftspeople, sustainable natural installations (Dokra, Terracotta, Handloom), and rustic atmospheric village ambiance.","Visit during daytime (11:00 AM - 3:00 PM) to appreciate the natural colors, textures, and daylight detailing of the handicrafts."
192,Acharya Prafulla Sangha,Behala,1982 (Over 44 Years),Grand Architectural Temple Replica,Bringing timeless sacred architecture from across the Indian subcontinent to Kolkata’s doorstep through meticulous sculptural imitation and light engineering.,2025: Grand Dravidian Temple of South India | 2024: Khajuraho Stone Carving Replica | 2023: Jagannath Puri Shrimandir Architecture,2025: Dravidian Temple | 2024: Khajuraho | 2023: Puri Shrimandir | 2022: Sun Temple Modhera | 2021: Golden Temple Amritsar,Majestic classical clay idol draped in opulent brocade and Benarasi silks with handcrafted filigree crowns.,"Thermocol relief panels, plaster carvings, fiberglass moldings, and extensive computer-controlled Chandannagar illumination gates.","Acharya Prafulla Sangha in Behala dazzles festive crowds with its monumental architectural reproductions. Recreating historic temples and palaces down to the finest stone carving detail, it stands as a visual marvel that draws visitors from across Bengal.",Biswa Bangla Sharad Samman (Best Pandal Architecture & Lighting),22.494645,88.311734,https://www.facebook.com/AcharyaPrafullaSanghaKolkata/,@acharyaprafullasangha_kolkata,Behala Bazar,"Colossal monumental architectural facade, dazzling 3D illuminated lighting gates by Chandannagar electrical artisans, and gold/jewel-adorned divine idol.",Expect very high footfall; visit during late midnight (1:30 AM to 4:30 AM) on Tritiya or Chaturthi to marvel at the exterior lighting with shorter lines.
193,Ajeya Sanghati Durga Puja,Behala,1993 (Over 33 Years),Handloom & Traditional Handicraft Showcase,"Reviving endangered handloom weaves, bell-metal artistry, and indigenous handcraft traditions into a tactile visual sanctuary.",2025: Tant-O-Tanti (Tribute to Bengal Handloom Weavers) | 2024: Dokra O Pittol (Lost-Wax Bell Metal Magic) | 2023: Kantha-Stitch & Jamdani Odyssey,2025: Tant-O-Tanti | 2024: Dokra O Pittol | 2023: Kantha-Stitch Odyssey | 2022: Purulia Chhau Art | 2021: Shantiniketan Leather Craft,Artisan clay sculpture draped in authentic hand-woven Jamdani and Baluchari silk with bell-metal jewelry.,"Handloom wooden shuttle looms, thousands of yarn spools, Dokra brass castings, natural dyed cotton, and soft ambient flute ragas.","Ajeya Sanghati Durga Puja in Behala transforms its puja pavilion into an ode to Bengal’s hereditary weavers and metalworkers. Every nook of the pandal features genuine handcrafted textures, providing livelihoods to rural craftspeople and enchanting visitors with textile elegance.",Biswa Bangla Sharad Samman (Best Handicraft Craftsmanship),22.493012,88.311023,https://www.facebook.com/AjeyaSanghatiDurgaPujaKolkata/,@ajeyasanghatidurgapuja_kolkata,Behala Bazar,"Heritage Ekchala Pratima with authentic Sholar/Daker Saaj, traditional Kumari Puja, grand Bijoya Dashami Sindur Khela, and royal Dhunuchi Nach.",Visit early morning around 7:00 AM - 10:00 AM during Pushpanjali or late afternoon to experience tranquil heritage rituals without massive theme queues.
194,Barisha Kumarpara Youngs' Club Durga Puja,Behala,2004 (Over 22 Years),Heritage Traditional Sabeki,"Preservation of classical 19th-century zamindari and colonial Bengal devotional aesthetics, championing timeless Ekchala purity over modern conceptual gimmicks.",Timeless Sabeki Ekchala Protima with traditional Chandimandap architecture and thakur-dalan ambiance.,Nine decades of uncompromised classical Ekchala barowari traditions and devotion.,"Classic Ekchala idol adorned in shimmering Daker Saaj (pith and silver foil work), sporting fish-shaped elongated Trayanani eyes and royal lion mount.","Hooghly river clay, sholapith filigree work, beaten brass vessels, handcrafted wooden pillars, and traditional chandeliers.","Barisha Kumarpara Youngs' Club Durga Puja in Behala is a proud custodian of traditional Sabeki heritage. Eschewing transient modern themes, it preserves the authentic spiritual ambiance of classic Bengal, marked by reverberating dhak beats, fragrant dhuno incense, and family-centered community devotion.",Biswa Bangla Sharad Samman (Heritage Tradition Category),22.483012,88.311023,https://www.facebook.com/BarishaKumarparaYoungsClubDurgaPujaKolkata/,@barishakumarparayoungscl_kolkata,Behala Chowrasta,"Heritage Ekchala Pratima with authentic Sholar/Daker Saaj, traditional Kumari Puja, grand Bijoya Dashami Sindur Khela, and royal Dhunuchi Nach.",Visit early morning around 7:00 AM - 10:00 AM during Pushpanjali or late afternoon to experience tranquil heritage rituals without massive theme queues.
195,Barisha Maitree Sangha Durgotsab,Behala,1950 (Over 76 Years),Thought-Provoking Social Theme Installation,"Using the public pandal as a canvas for social awakening, mental health discourse, environmental preservation, and women’s empowerment.",2025: Muktir Alo (Light of Liberation & Mental Well-being) | 2024: Jal-Dharoni (Water Conservation & Future Generations) | 2023: Nari Shakti (The Divine Feminine in Modern Times),2025: Muktir Alo | 2024: Jal-Dharoni | 2023: Nari Shakti | 2022: Somoyer Ayna | 2021: Punorutthan,Modern contemporary clay idol sculpted with empathetic figurative expressions that reflect the resilience of modern women.,"Recycled metal wires, earthen kulhars, distressed wood planks, kinetic light installations, and thematic voiceover soundscapes.","Barisha Maitree Sangha Durgotsab in Behala stands out for its bold, socially conscious conceptual installations. The puja committee uses modern installation art to provoke thought on contemporary humanitarian and environmental issues while maintaining deep spiritual reverence.","Asian Paints Sharad Samman (Creative Concept), Biswa Bangla Social Awareness Award",22.482334,88.311412,https://www.facebook.com/BarishaMaitreeSanghaDurgotsabKolkata/,@barishamaitreesanghadurg_kolkata,Behala Chowrasta,"Experimental contemporary installation art, immersive spatial audio-visual storytelling, conceptual clay sculptures, and social reflection galleries.",Best experienced in the evening between 8:00 PM and midnight when thematic illumination and ambient acoustic soundscapes create an immersive sensory experience.
196,Barisha Milani Sangha Durga Puja,Behala,1961 (Over 65 Years),Eco-Friendly Vernacular Folk Art,Celebration of Bengal’s rural artisanal heritage and ecological harmony; utilizing sustainable organic raw materials to recreate village courtyards and tribal sanctuaries.,"2025: Banglar Mati, Banglar Haat (Folk Bazaar of Bengal) | 2024: Shobujer Prarthana (Ode to Green Earth) | 2023: Lok-Shilpo O Gramin Jibon",2025: Banglar Mati | 2024: Shobujer Prarthana | 2023: Lok-Shilpo | 2022: Patachitra Akhyan | 2021: Matir Gandho,"Terracotta-finished earthen clay idol with serene rustic expressions, painted with organic turmeric and chalk pigments.","Untreated bamboo strips, natural jute burlap, Bankura terracotta tiles, dry date-palm weaves, and warm incandescent glow.","Barisha Milani Sangha Durga Puja in Behala is renowned for its organic, sustainable theme approach. Embracing rural folk heritage, the pandal transports urban visitors into the peaceful sanctuary of a Bengal village, highlighting forgotten indigenous crafts and eco-friendly craftsmanship.",Biswa Bangla Sharad Samman (Eco-Friendly / Handicraft Category),22.481645,88.310734,https://www.facebook.com/BarishaMilaniSanghaDurgaPujaKolkata/,@barishamilanisanghadurga_kolkata,Behala Chowrasta,"Live demonstrations by rural Bengal folk craftspeople, sustainable natural installations (Dokra, Terracotta, Handloom), and rustic atmospheric village ambiance.","Visit during daytime (11:00 AM - 3:00 PM) to appreciate the natural colors, textures, and daylight detailing of the handicrafts."
197,Barisha Netaji Sangha Durga Puja,Behala,1972 (Over 54 Years),Grand Architectural Temple Replica,Bringing timeless sacred architecture from across the Indian subcontinent to Kolkata’s doorstep through meticulous sculptural imitation and light engineering.,2025: Grand Dravidian Temple of South India | 2024: Khajuraho Stone Carving Replica | 2023: Jagannath Puri Shrimandir Architecture,2025: Dravidian Temple | 2024: Khajuraho | 2023: Puri Shrimandir | 2022: Sun Temple Modhera | 2021: Golden Temple Amritsar,Majestic classical clay idol draped in opulent brocade and Benarasi silks with handcrafted filigree crowns.,"Thermocol relief panels, plaster carvings, fiberglass moldings, and extensive computer-controlled Chandannagar illumination gates.","Barisha Netaji Sangha Durga Puja in Behala dazzles festive crowds with its monumental architectural reproductions. Recreating historic temples and palaces down to the finest stone carving detail, it stands as a visual marvel that draws visitors from across Bengal.",Biswa Bangla Sharad Samman (Best Pandal Architecture & Lighting),22.480012,88.310023,https://www.facebook.com/BarishaNetajiSanghaDurgaPujaKolkata/,@barishanetajisanghadurga_kolkata,Behala Chowrasta,"Colossal monumental architectural facade, dazzling 3D illuminated lighting gates by Chandannagar electrical artisans, and gold/jewel-adorned divine idol.",Expect very high footfall; visit during late midnight (1:30 AM to 4:30 AM) on Tritiya or Chaturthi to marvel at the exterior lighting with shorter lines.
198,Barisha Sarbojanin Durgotsab,Behala,1983 (Over 43 Years),Handloom & Traditional Handicraft Showcase,"Reviving endangered handloom weaves, bell-metal artistry, and indigenous handcraft traditions into a tactile visual sanctuary.",2025: Tant-O-Tanti (Tribute to Bengal Handloom Weavers) | 2024: Dokra O Pittol (Lost-Wax Bell Metal Magic) | 2023: Kantha-Stitch & Jamdani Odyssey,2025: Tant-O-Tanti | 2024: Dokra O Pittol | 2023: Kantha-Stitch Odyssey | 2022: Purulia Chhau Art | 2021: Shantiniketan Leather Craft,Artisan clay sculpture draped in authentic hand-woven Jamdani and Baluchari silk with bell-metal jewelry.,"Handloom wooden shuttle looms, thousands of yarn spools, Dokra brass castings, natural dyed cotton, and soft ambient flute ragas.","Barisha Sarbojanin Durgotsab in Behala transforms its puja pavilion into an ode to Bengal’s hereditary weavers and metalworkers. Every nook of the pandal features genuine handcrafted textures, providing livelihoods to rural craftspeople and enchanting visitors with textile elegance.",Biswa Bangla Sharad Samman (Best Handicraft Craftsmanship),22.479334,88.310412,https://www.facebook.com/BarishaSarbojaninDurgotsabKolkata/,@barishasarbojanindurgots_kolkata,Behala Chowrasta,"Heritage Ekchala Pratima with authentic Sholar/Daker Saaj, traditional Kumari Puja, grand Bijoya Dashami Sindur Khela, and royal Dhunuchi Nach.",Visit early morning around 7:00 AM - 10:00 AM during Pushpanjali or late afternoon to experience tranquil heritage rituals without massive theme queues.
199,Barisha Saterpalli Sammilani Durga Puja,Behala,1994 (Over 32 Years),Heritage Traditional Sabeki,"Preservation of classical 19th-century zamindari and colonial Bengal devotional aesthetics, championing timeless Ekchala purity over modern conceptual gimmicks.",Timeless Sabeki Ekchala Protima with traditional Chandimandap architecture and thakur-dalan ambiance.,Nine decades of uncompromised classical Ekchala barowari traditions and devotion.,"Classic Ekchala idol adorned in shimmering Daker Saaj (pith and silver foil work), sporting fish-shaped elongated Trayanani eyes and royal lion mount.","Hooghly river clay, sholapith filigree work, beaten brass vessels, handcrafted wooden pillars, and traditional chandeliers.","Barisha Saterpalli Sammilani Durga Puja in Behala is a proud custodian of traditional Sabeki heritage. Eschewing transient modern themes, it preserves the authentic spiritual ambiance of classic Bengal, marked by reverberating dhak beats, fragrant dhuno incense, and family-centered community devotion.",Biswa Bangla Sharad Samman (Heritage Tradition Category),22.478645,88.309734,https://www.facebook.com/BarishaSaterpalliSammilaniDurgaPujaKolkata/,@barishasaterpallisammila_kolkata,Behala Chowrasta,"Heritage Ekchala Pratima with authentic Sholar/Daker Saaj, traditional Kumari Puja, grand Bijoya Dashami Sindur Khela, and royal Dhunuchi Nach.",Visit early morning around 7:00 AM - 10:00 AM during Pushpanjali or late afternoon to experience tranquil heritage rituals without massive theme queues.
200,Behala 11 Pally Durga Puja,Behala,2005 (Over 21 Years),Thought-Provoking Social Theme Installation,"Using the public pandal as a canvas for social awakening, mental health discourse, environmental preservation, and women’s empowerment.",2025: Muktir Alo (Light of Liberation & Mental Well-being) | 2024: Jal-Dharoni (Water Conservation & Future Generations) | 2023: Nari Shakti (The Divine Feminine in Modern Times),2025: Muktir Alo | 2024: Jal-Dharoni | 2023: Nari Shakti | 2022: Somoyer Ayna | 2021: Punorutthan,Modern contemporary clay idol sculpted with empathetic figurative expressions that reflect the resilience of modern women.,"Recycled metal wires, earthen kulhars, distressed wood planks, kinetic light installations, and thematic voiceover soundscapes.","Behala 11 Pally Durga Puja in Behala stands out for its bold, socially conscious conceptual installations. The puja committee uses modern installation art to provoke thought on contemporary humanitarian and environmental issues while maintaining deep spiritual reverence.","Asian Paints Sharad Samman (Creative Concept), Biswa Bangla Social Awareness Award",22.492012,88.315023,https://www.facebook.com/Behala11PallyDurgaPujaKolkata/,@behala11pallydurgapuja_kolkata,Behala Bazar,"Experimental contemporary installation art, immersive spatial audio-visual storytelling, conceptual clay sculptures, and social reflection galleries.",Best experienced in the evening between 8:00 PM and midnight when thematic illumination and ambient acoustic soundscapes create an immersive sensory experience.
201,Haridevpur 41 Palli,Haridevpur,1951 (Over 75 Years),Eco-Friendly Vernacular Folk Art,Celebration of Bengal’s rural artisanal heritage and ecological harmony; utilizing sustainable organic raw materials to recreate village courtyards and tribal sanctuaries.,"2025: Banglar Mati, Banglar Haat (Folk Bazaar of Bengal) | 2024: Shobujer Prarthana (Ode to Green Earth) | 2023: Lok-Shilpo O Gramin Jibon",2025: Banglar Mati | 2024: Shobujer Prarthana | 2023: Lok-Shilpo | 2022: Patachitra Akhyan | 2021: Matir Gandho,"Terracotta-finished earthen clay idol with serene rustic expressions, painted with organic turmeric and chalk pigments.","Untreated bamboo strips, natural jute burlap, Bankura terracotta tiles, dry date-palm weaves, and warm incandescent glow.","Haridevpur 41 Palli in Haridevpur is renowned for its organic, sustainable theme approach. Embracing rural folk heritage, the pandal transports urban visitors into the peaceful sanctuary of a Bengal village, highlighting forgotten indigenous crafts and eco-friendly craftsmanship.",Biswa Bangla Sharad Samman (Eco-Friendly / Handicraft Category),22.480534,88.337512,https://www.facebook.com/Haridevpur41PalliKolkata/,@haridevpur41palli_kolkata,Mahanayak Uttam Kumar,"Live demonstrations by rural Bengal folk craftspeople, sustainable natural installations (Dokra, Terracotta, Handloom), and rustic atmospheric village ambiance.","Visit during daytime (11:00 AM - 3:00 PM) to appreciate the natural colors, textures, and daylight detailing of the handicrafts."
202,Vivekananda Park Athletic Club Durga Puja,Haridevpur,1962 (Over 64 Years),Grand Architectural Temple Replica,Bringing timeless sacred architecture from across the Indian subcontinent to Kolkata’s doorstep through meticulous sculptural imitation and light engineering.,2025: Grand Dravidian Temple of South India | 2024: Khajuraho Stone Carving Replica | 2023: Jagannath Puri Shrimandir Architecture,2025: Dravidian Temple | 2024: Khajuraho | 2023: Puri Shrimandir | 2022: Sun Temple Modhera | 2021: Golden Temple Amritsar,Majestic classical clay idol draped in opulent brocade and Benarasi silks with handcrafted filigree crowns.,"Thermocol relief panels, plaster carvings, fiberglass moldings, and extensive computer-controlled Chandannagar illumination gates.","Vivekananda Park Athletic Club Durga Puja in Haridevpur dazzles festive crowds with its monumental architectural reproductions. Recreating historic temples and palaces down to the finest stone carving detail, it stands as a visual marvel that draws visitors from across Bengal.",Biswa Bangla Sharad Samman (Best Pandal Architecture & Lighting),22.479812,88.337934,https://www.facebook.com/VivekanandaParkAthleticClubDurgaPujaKolkata/,@vivekanandaparkathleticc_kolkata,Mahanayak Uttam Kumar,"Colossal monumental architectural facade, dazzling 3D illuminated lighting gates by Chandannagar electrical artisans, and gold/jewel-adorned divine idol.",Expect very high footfall; visit during late midnight (1:30 AM to 4:30 AM) on Tritiya or Chaturthi to marvel at the exterior lighting with shorter lines.
203,Haridevpur Nabinsathi Club,Haridevpur,1973 (Over 53 Years),Handloom & Traditional Handicraft Showcase,"Reviving endangered handloom weaves, bell-metal artistry, and indigenous handcraft traditions into a tactile visual sanctuary.",2025: Tant-O-Tanti (Tribute to Bengal Handloom Weavers) | 2024: Dokra O Pittol (Lost-Wax Bell Metal Magic) | 2023: Kantha-Stitch & Jamdani Odyssey,2025: Tant-O-Tanti | 2024: Dokra O Pittol | 2023: Kantha-Stitch Odyssey | 2022: Purulia Chhau Art | 2021: Shantiniketan Leather Craft,Artisan clay sculpture draped in authentic hand-woven Jamdani and Baluchari silk with bell-metal jewelry.,"Handloom wooden shuttle looms, thousands of yarn spools, Dokra brass castings, natural dyed cotton, and soft ambient flute ragas.","Haridevpur Nabinsathi Club in Haridevpur transforms its puja pavilion into an ode to Bengal’s hereditary weavers and metalworkers. Every nook of the pandal features genuine handcrafted textures, providing livelihoods to rural craftspeople and enchanting visitors with textile elegance.",Biswa Bangla Sharad Samman (Best Handicraft Craftsmanship),22.479134,88.337212,https://www.facebook.com/HaridevpurNabinsathiClubKolkata/,@haridevpurnabinsathiclub_kolkata,Mahanayak Uttam Kumar,"Heritage Ekchala Pratima with authentic Sholar/Daker Saaj, traditional Kumari Puja, grand Bijoya Dashami Sindur Khela, and royal Dhunuchi Nach.",Visit early morning around 7:00 AM - 10:00 AM during Pushpanjali or late afternoon to experience tranquil heritage rituals without massive theme queues.
204,Sodepur Jatiya Sangha Durga Puja,Haridevpur,1984 (Over 42 Years),Heritage Traditional Sabeki,"Preservation of classical 19th-century zamindari and colonial Bengal devotional aesthetics, championing timeless Ekchala purity over modern conceptual gimmicks.",Timeless Sabeki Ekchala Protima with traditional Chandimandap architecture and thakur-dalan ambiance.,Nine decades of uncompromised classical Ekchala barowari traditions and devotion.,"Classic Ekchala idol adorned in shimmering Daker Saaj (pith and silver foil work), sporting fish-shaped elongated Trayanani eyes and royal lion mount.","Hooghly river clay, sholapith filigree work, beaten brass vessels, handcrafted wooden pillars, and traditional chandeliers.","Sodepur Jatiya Sangha Durga Puja in Haridevpur is a proud custodian of traditional Sabeki heritage. Eschewing transient modern themes, it preserves the authentic spiritual ambiance of classic Bengal, marked by reverberating dhak beats, fragrant dhuno incense, and family-centered community devotion.",Biswa Bangla Sharad Samman (Heritage Tradition Category),22.477012,88.336023,https://www.facebook.com/SodepurJatiyaSanghaDurgaPujaKolkata/,@sodepurjatiyasanghadurga_kolkata,Mahanayak Uttam Kumar,"Heritage Ekchala Pratima with authentic Sholar/Daker Saaj, traditional Kumari Puja, grand Bijoya Dashami Sindur Khela, and royal Dhunuchi Nach.",Visit early morning around 7:00 AM - 10:00 AM during Pushpanjali or late afternoon to experience tranquil heritage rituals without massive theme queues.
205,Adarsha Samiti Club Durga Puja,Haridevpur,1995 (Over 31 Years),Thought-Provoking Social Theme Installation,"Using the public pandal as a canvas for social awakening, mental health discourse, environmental preservation, and women’s empowerment.",2025: Muktir Alo (Light of Liberation & Mental Well-being) | 2024: Jal-Dharoni (Water Conservation & Future Generations) | 2023: Nari Shakti (The Divine Feminine in Modern Times),2025: Muktir Alo | 2024: Jal-Dharoni | 2023: Nari Shakti | 2022: Somoyer Ayna | 2021: Punorutthan,Modern contemporary clay idol sculpted with empathetic figurative expressions that reflect the resilience of modern women.,"Recycled metal wires, earthen kulhars, distressed wood planks, kinetic light installations, and thematic voiceover soundscapes.","Adarsha Samiti Club Durga Puja in Haridevpur stands out for its bold, socially conscious conceptual installations. The puja committee uses modern installation art to provoke thought on contemporary humanitarian and environmental issues while maintaining deep spiritual reverence.","Asian Paints Sharad Samman (Creative Concept), Biswa Bangla Social Awareness Award",22.476334,88.336412,https://www.facebook.com/AdarshaSamitiClubDurgaPujaKolkata/,@adarshasamiticlubdurgapu_kolkata,Mahanayak Uttam Kumar,"Experimental contemporary installation art, immersive spatial audio-visual storytelling, conceptual clay sculptures, and social reflection galleries.",Best experienced in the evening between 8:00 PM and midnight when thematic illumination and ambient acoustic soundscapes create an immersive sensory experience.
206,Haridevpur Vivekananda Park,Haridevpur,2006 (Over 20 Years),Eco-Friendly Vernacular Folk Art,Celebration of Bengal’s rural artisanal heritage and ecological harmony; utilizing sustainable organic raw materials to recreate village courtyards and tribal sanctuaries.,"2025: Banglar Mati, Banglar Haat (Folk Bazaar of Bengal) | 2024: Shobujer Prarthana (Ode to Green Earth) | 2023: Lok-Shilpo O Gramin Jibon",2025: Banglar Mati | 2024: Shobujer Prarthana | 2023: Lok-Shilpo | 2022: Patachitra Akhyan | 2021: Matir Gandho,"Terracotta-finished earthen clay idol with serene rustic expressions, painted with organic turmeric and chalk pigments.","Untreated bamboo strips, natural jute burlap, Bankura terracotta tiles, dry date-palm weaves, and warm incandescent glow.","Haridevpur Vivekananda Park in Haridevpur is renowned for its organic, sustainable theme approach. Embracing rural folk heritage, the pandal transports urban visitors into the peaceful sanctuary of a Bengal village, highlighting forgotten indigenous crafts and eco-friendly craftsmanship.",Biswa Bangla Sharad Samman (Eco-Friendly / Handicraft Category),22.475645,88.335734,https://www.facebook.com/HaridevpurVivekanandaParkKolkata/,@haridevpurvivekanandapar_kolkata,Mahanayak Uttam Kumar,"Live demonstrations by rural Bengal folk craftspeople, sustainable natural installations (Dokra, Terracotta, Handloom), and rustic atmospheric village ambiance.","Visit during daytime (11:00 AM - 3:00 PM) to appreciate the natural colors, textures, and daylight detailing of the handicrafts."
207,Haridevpur Friends Club Durga Puja,Haridevpur,1952 (Over 74 Years),Grand Architectural Temple Replica,Bringing timeless sacred architecture from across the Indian subcontinent to Kolkata’s doorstep through meticulous sculptural imitation and light engineering.,2025: Grand Dravidian Temple of South India | 2024: Khajuraho Stone Carving Replica | 2023: Jagannath Puri Shrimandir Architecture,2025: Dravidian Temple | 2024: Khajuraho | 2023: Puri Shrimandir | 2022: Sun Temple Modhera | 2021: Golden Temple Amritsar,Majestic classical clay idol draped in opulent brocade and Benarasi silks with handcrafted filigree crowns.,"Thermocol relief panels, plaster carvings, fiberglass moldings, and extensive computer-controlled Chandannagar illumination gates.","Haridevpur Friends Club Durga Puja in Haridevpur dazzles festive crowds with its monumental architectural reproductions. Recreating historic temples and palaces down to the finest stone carving detail, it stands as a visual marvel that draws visitors from across Bengal.",Biswa Bangla Sharad Samman (Best Pandal Architecture & Lighting),22.474012,88.335023,https://www.facebook.com/HaridevpurFriendsClubDurgaPujaKolkata/,@haridevpurfriendsclubdur_kolkata,Mahanayak Uttam Kumar,"Colossal monumental architectural facade, dazzling 3D illuminated lighting gates by Chandannagar electrical artisans, and gold/jewel-adorned divine idol.",Expect very high footfall; visit during late midnight (1:30 AM to 4:30 AM) on Tritiya or Chaturthi to marvel at the exterior lighting with shorter lines.
208,Haridevpur Paschimpara Sarbojanin,Haridevpur,1963 (Over 63 Years),Handloom & Traditional Handicraft Showcase,"Reviving endangered handloom weaves, bell-metal artistry, and indigenous handcraft traditions into a tactile visual sanctuary.",2025: Tant-O-Tanti (Tribute to Bengal Handloom Weavers) | 2024: Dokra O Pittol (Lost-Wax Bell Metal Magic) | 2023: Kantha-Stitch & Jamdani Odyssey,2025: Tant-O-Tanti | 2024: Dokra O Pittol | 2023: Kantha-Stitch Odyssey | 2022: Purulia Chhau Art | 2021: Shantiniketan Leather Craft,Artisan clay sculpture draped in authentic hand-woven Jamdani and Baluchari silk with bell-metal jewelry.,"Handloom wooden shuttle looms, thousands of yarn spools, Dokra brass castings, natural dyed cotton, and soft ambient flute ragas.","Haridevpur Paschimpara Sarbojanin in Haridevpur transforms its puja pavilion into an ode to Bengal’s hereditary weavers and metalworkers. Every nook of the pandal features genuine handcrafted textures, providing livelihoods to rural craftspeople and enchanting visitors with textile elegance.",Biswa Bangla Sharad Samman (Best Handicraft Craftsmanship),22.473334,88.335412,https://www.facebook.com/HaridevpurPaschimparaSarbojaninKolkata/,@haridevpurpaschimparasar_kolkata,Mahanayak Uttam Kumar,"Heritage Ekchala Pratima with authentic Sholar/Daker Saaj, traditional Kumari Puja, grand Bijoya Dashami Sindur Khela, and royal Dhunuchi Nach.",Visit early morning around 7:00 AM - 10:00 AM during Pushpanjali or late afternoon to experience tranquil heritage rituals without massive theme queues.
209,Haridevpur New Sporting Club,Haridevpur,1974 (Over 52 Years),Heritage Traditional Sabeki,"Preservation of classical 19th-century zamindari and colonial Bengal devotional aesthetics, championing timeless Ekchala purity over modern conceptual gimmicks.",Timeless Sabeki Ekchala Protima with traditional Chandimandap architecture and thakur-dalan ambiance.,Nine decades of uncompromised classical Ekchala barowari traditions and devotion.,"Classic Ekchala idol adorned in shimmering Daker Saaj (pith and silver foil work), sporting fish-shaped elongated Trayanani eyes and royal lion mount.","Hooghly river clay, sholapith filigree work, beaten brass vessels, handcrafted wooden pillars, and traditional chandeliers.","Haridevpur New Sporting Club in Haridevpur is a proud custodian of traditional Sabeki heritage. Eschewing transient modern themes, it preserves the authentic spiritual ambiance of classic Bengal, marked by reverberating dhak beats, fragrant dhuno incense, and family-centered community devotion.",Biswa Bangla Sharad Samman (Heritage Tradition Category),22.472645,88.334734,https://www.facebook.com/HaridevpurNewSportingClubKolkata/,@haridevpurnewsportingclu_kolkata,Mahanayak Uttam Kumar,"Heritage Ekchala Pratima with authentic Sholar/Daker Saaj, traditional Kumari Puja, grand Bijoya Dashami Sindur Khela, and royal Dhunuchi Nach.",Visit early morning around 7:00 AM - 10:00 AM during Pushpanjali or late afternoon to experience tranquil heritage rituals without massive theme queues.
210,Dum Dum Park Tarun Sangha,Dum Dum / South Dumdum,1985 (Over 41 Years),Thought-Provoking Social Theme Installation,"Using the public pandal as a canvas for social awakening, mental health discourse, environmental preservation, and women’s empowerment.",2025: Muktir Alo (Light of Liberation & Mental Well-being) | 2024: Jal-Dharoni (Water Conservation & Future Generations) | 2023: Nari Shakti (The Divine Feminine in Modern Times),2025: Muktir Alo | 2024: Jal-Dharoni | 2023: Nari Shakti | 2022: Somoyer Ayna | 2021: Punorutthan,Modern contemporary clay idol sculpted with empathetic figurative expressions that reflect the resilience of modern women.,"Recycled metal wires, earthen kulhars, distressed wood planks, kinetic light installations, and thematic voiceover soundscapes.","Dum Dum Park Tarun Sangha in Dum Dum / South Dumdum stands out for its bold, socially conscious conceptual installations. The puja committee uses modern installation art to provoke thought on contemporary humanitarian and environmental issues while maintaining deep spiritual reverence.","Asian Paints Sharad Samman (Creative Concept), Biswa Bangla Social Awareness Award",22.611123,88.398545,https://www.facebook.com/DumDumParkTarunSanghaKolkata/,@dumdumparktarunsangha_kolkata,Dum Dum,"Experimental contemporary installation art, immersive spatial audio-visual storytelling, conceptual clay sculptures, and social reflection galleries.",Best experienced in the evening between 8:00 PM and midnight when thematic illumination and ambient acoustic soundscapes create an immersive sensory experience.
211,Dum Dum Park Bharat Chakra,Dum Dum / South Dumdum,1951,Creative Conceptual Folk & Eco-Art,Reinventing rustic vernacular craft into high-modern abstract geometry; fusing indigenous tribal identity with eco-preservation.,2025: Matir Bhasha (Voice of the Soil) | 2024: Oitijhyer Khoje (Quest for Heritage) | 2023: Anuranan (Resonance of Rural Craft) | 2022: Jal o Jibon,2025: Matir Bhasha | 2024: Oitijhyer Khoje | 2023: Anuranan | 2022: Jal o Jibon | 2021: Prokriti Bandhob,Abstract tribal-inspired terracotta and stone-texture idol reflecting indigenous feminine strength and harmony with nature.,"Terracotta relief tiles, bamboo lattices, dry date-palm fronds, brass accents, and rustic acoustic flutes.","Dum Dum Park Bharat Chakra is a pioneering anchor of the Dum Dum theme cluster. Known for using humble, earthy materials to build intricate geometric marvels, its installations draw immense praise for their sustainable artistry and organic beauty.","Asian Paints Sharad Samman (Creativity & Eco-Friendly Design), Biswa Bangla Special Jury",22.610512,88.399234,https://www.facebook.com/DumDumParkBharatChakra/,@dumdumparkbharatchakra_kolkata,Dum Dum,"Live demonstrations by rural Bengal folk craftspeople, sustainable natural installations (Dokra, Terracotta, Handloom), and rustic atmospheric village ambiance.","Visit during daytime (11:00 AM - 3:00 PM) to appreciate the natural colors, textures, and daylight detailing of the handicrafts."
212,Dum Dum Park Yubak Brinda,Dum Dum / South Dumdum,2007 (Over 19 Years),Grand Architectural Temple Replica,Bringing timeless sacred architecture from across the Indian subcontinent to Kolkata’s doorstep through meticulous sculptural imitation and light engineering.,2025: Grand Dravidian Temple of South India | 2024: Khajuraho Stone Carving Replica | 2023: Jagannath Puri Shrimandir Architecture,2025: Dravidian Temple | 2024: Khajuraho | 2023: Puri Shrimandir | 2022: Sun Temple Modhera | 2021: Golden Temple Amritsar,Majestic classical clay idol draped in opulent brocade and Benarasi silks with handcrafted filigree crowns.,"Thermocol relief panels, plaster carvings, fiberglass moldings, and extensive computer-controlled Chandannagar illumination gates.","Dum Dum Park Yubak Brinda in Dum Dum / South Dumdum dazzles festive crowds with its monumental architectural reproductions. Recreating historic temples and palaces down to the finest stone carving detail, it stands as a visual marvel that draws visitors from across Bengal.",Biswa Bangla Sharad Samman (Best Pandal Architecture & Lighting),22.609834,88.399612,https://www.facebook.com/DumDumParkYubakBrindaKolkata/,@dumdumparkyubakbrinda_kolkata,Dum Dum,"Colossal monumental architectural facade, dazzling 3D illuminated lighting gates by Chandannagar electrical artisans, and gold/jewel-adorned divine idol.",Expect very high footfall; visit during late midnight (1:30 AM to 4:30 AM) on Tritiya or Chaturthi to marvel at the exterior lighting with shorter lines.
213,Dum Dum Park Sarbojanin Durga Puja Samity,Dum Dum / South Dumdum,1953 (Over 73 Years),Handloom & Traditional Handicraft Showcase,"Reviving endangered handloom weaves, bell-metal artistry, and indigenous handcraft traditions into a tactile visual sanctuary.",2025: Tant-O-Tanti (Tribute to Bengal Handloom Weavers) | 2024: Dokra O Pittol (Lost-Wax Bell Metal Magic) | 2023: Kantha-Stitch & Jamdani Odyssey,2025: Tant-O-Tanti | 2024: Dokra O Pittol | 2023: Kantha-Stitch Odyssey | 2022: Purulia Chhau Art | 2021: Shantiniketan Leather Craft,Artisan clay sculpture draped in authentic hand-woven Jamdani and Baluchari silk with bell-metal jewelry.,"Handloom wooden shuttle looms, thousands of yarn spools, Dokra brass castings, natural dyed cotton, and soft ambient flute ragas.","Dum Dum Park Sarbojanin Durga Puja Samity in Dum Dum / South Dumdum transforms its puja pavilion into an ode to Bengal’s hereditary weavers and metalworkers. Every nook of the pandal features genuine handcrafted textures, providing livelihoods to rural craftspeople and enchanting visitors with textile elegance.",Biswa Bangla Sharad Samman (Best Handicraft Craftsmanship),22.609145,88.398934,https://www.facebook.com/DumDumParkSarbojaninDurgaPujaSamityKolkata/,@dumdumparksarbojanindurg_kolkata,Dum Dum,"Heritage Ekchala Pratima with authentic Sholar/Daker Saaj, traditional Kumari Puja, grand Bijoya Dashami Sindur Khela, and royal Dhunuchi Nach.",Visit early morning around 7:00 AM - 10:00 AM during Pushpanjali or late afternoon to experience tranquil heritage rituals without massive theme queues.
214,Dakshindari Youth,Dum Dum / South Dumdum,1964 (Over 62 Years),Heritage Traditional Sabeki,"Preservation of classical 19th-century zamindari and colonial Bengal devotional aesthetics, championing timeless Ekchala purity over modern conceptual gimmicks.",Timeless Sabeki Ekchala Protima with traditional Chandimandap architecture and thakur-dalan ambiance.,Nine decades of uncompromised classical Ekchala barowari traditions and devotion.,"Classic Ekchala idol adorned in shimmering Daker Saaj (pith and silver foil work), sporting fish-shaped elongated Trayanani eyes and royal lion mount.","Hooghly river clay, sholapith filigree work, beaten brass vessels, handcrafted wooden pillars, and traditional chandeliers.","Dakshindari Youth in Dum Dum / South Dumdum is a proud custodian of traditional Sabeki heritage. Eschewing transient modern themes, it preserves the authentic spiritual ambiance of classic Bengal, marked by reverberating dhak beats, fragrant dhuno incense, and family-centered community devotion.",Biswa Bangla Sharad Samman (Heritage Tradition Category),22.603012,88.394023,https://www.facebook.com/DakshindariYouthKolkata/,@dakshindariyouth_kolkata,Dum Dum,"Heritage Ekchala Pratima with authentic Sholar/Daker Saaj, traditional Kumari Puja, grand Bijoya Dashami Sindur Khela, and royal Dhunuchi Nach.",Visit early morning around 7:00 AM - 10:00 AM during Pushpanjali or late afternoon to experience tranquil heritage rituals without massive theme queues.
215,Dum Dum Tarun Dal,Dum Dum / South Dumdum,1975 (Over 51 Years),Thought-Provoking Social Theme Installation,"Using the public pandal as a canvas for social awakening, mental health discourse, environmental preservation, and women’s empowerment.",2025: Muktir Alo (Light of Liberation & Mental Well-being) | 2024: Jal-Dharoni (Water Conservation & Future Generations) | 2023: Nari Shakti (The Divine Feminine in Modern Times),2025: Muktir Alo | 2024: Jal-Dharoni | 2023: Nari Shakti | 2022: Somoyer Ayna | 2021: Punorutthan,Modern contemporary clay idol sculpted with empathetic figurative expressions that reflect the resilience of modern women.,"Recycled metal wires, earthen kulhars, distressed wood planks, kinetic light installations, and thematic voiceover soundscapes.","Dum Dum Tarun Dal in Dum Dum / South Dumdum stands out for its bold, socially conscious conceptual installations. The puja committee uses modern installation art to provoke thought on contemporary humanitarian and environmental issues while maintaining deep spiritual reverence.","Asian Paints Sharad Samman (Creative Concept), Biswa Bangla Social Awareness Award",22.621012,88.379023,https://www.facebook.com/DumDumTarunDalKolkata/,@dumdumtarundal_kolkata,Dum Dum,"Experimental contemporary installation art, immersive spatial audio-visual storytelling, conceptual clay sculptures, and social reflection galleries.",Best experienced in the evening between 8:00 PM and midnight when thematic illumination and ambient acoustic soundscapes create an immersive sensory experience.
216,Dum Dum Tarun Sangha,Dum Dum / South Dumdum,1986 (Over 40 Years),Eco-Friendly Vernacular Folk Art,Celebration of Bengal’s rural artisanal heritage and ecological harmony; utilizing sustainable organic raw materials to recreate village courtyards and tribal sanctuaries.,"2025: Banglar Mati, Banglar Haat (Folk Bazaar of Bengal) | 2024: Shobujer Prarthana (Ode to Green Earth) | 2023: Lok-Shilpo O Gramin Jibon",2025: Banglar Mati | 2024: Shobujer Prarthana | 2023: Lok-Shilpo | 2022: Patachitra Akhyan | 2021: Matir Gandho,"Terracotta-finished earthen clay idol with serene rustic expressions, painted with organic turmeric and chalk pigments.","Untreated bamboo strips, natural jute burlap, Bankura terracotta tiles, dry date-palm weaves, and warm incandescent glow.","Dum Dum Tarun Sangha in Dum Dum / South Dumdum is renowned for its organic, sustainable theme approach. Embracing rural folk heritage, the pandal transports urban visitors into the peaceful sanctuary of a Bengal village, highlighting forgotten indigenous crafts and eco-friendly craftsmanship.",Biswa Bangla Sharad Samman (Eco-Friendly / Handicraft Category),22.620334,88.379412,https://www.facebook.com/DumDumTarunSanghaKolkata/,@dumdumtarunsangha_kolkata,Dum Dum,"Live demonstrations by rural Bengal folk craftspeople, sustainable natural installations (Dokra, Terracotta, Handloom), and rustic atmospheric village ambiance.","Visit during daytime (11:00 AM - 3:00 PM) to appreciate the natural colors, textures, and daylight detailing of the handicrafts."
217,Dum Dum Motijheel College Para Durga Puja,Dum Dum / South Dumdum,1997 (Over 29 Years),Grand Architectural Temple Replica,Bringing timeless sacred architecture from across the Indian subcontinent to Kolkata’s doorstep through meticulous sculptural imitation and light engineering.,2025: Grand Dravidian Temple of South India | 2024: Khajuraho Stone Carving Replica | 2023: Jagannath Puri Shrimandir Architecture,2025: Dravidian Temple | 2024: Khajuraho | 2023: Puri Shrimandir | 2022: Sun Temple Modhera | 2021: Golden Temple Amritsar,Majestic classical clay idol draped in opulent brocade and Benarasi silks with handcrafted filigree crowns.,"Thermocol relief panels, plaster carvings, fiberglass moldings, and extensive computer-controlled Chandannagar illumination gates.","Dum Dum Motijheel College Para Durga Puja in Dum Dum / South Dumdum dazzles festive crowds with its monumental architectural reproductions. Recreating historic temples and palaces down to the finest stone carving detail, it stands as a visual marvel that draws visitors from across Bengal.",Biswa Bangla Sharad Samman (Best Pandal Architecture & Lighting),22.623012,88.382023,https://www.facebook.com/DumDumMotijheelCollegeParaDurgaPujaKolkata/,@dumdummotijheelcollegepa_kolkata,Dum Dum,"Colossal monumental architectural facade, dazzling 3D illuminated lighting gates by Chandannagar electrical artisans, and gold/jewel-adorned divine idol.",Expect very high footfall; visit during late midnight (1:30 AM to 4:30 AM) on Tritiya or Chaturthi to marvel at the exterior lighting with shorter lines.
218,Dum Dum Park Bharat Mata Puja,Dum Dum / South Dumdum,2008 (Over 18 Years),Handloom & Traditional Handicraft Showcase,"Reviving endangered handloom weaves, bell-metal artistry, and indigenous handcraft traditions into a tactile visual sanctuary.",2025: Tant-O-Tanti (Tribute to Bengal Handloom Weavers) | 2024: Dokra O Pittol (Lost-Wax Bell Metal Magic) | 2023: Kantha-Stitch & Jamdani Odyssey,2025: Tant-O-Tanti | 2024: Dokra O Pittol | 2023: Kantha-Stitch Odyssey | 2022: Purulia Chhau Art | 2021: Shantiniketan Leather Craft,Artisan clay sculpture draped in authentic hand-woven Jamdani and Baluchari silk with bell-metal jewelry.,"Handloom wooden shuttle looms, thousands of yarn spools, Dokra brass castings, natural dyed cotton, and soft ambient flute ragas.","Dum Dum Park Bharat Mata Puja in Dum Dum / South Dumdum transforms its puja pavilion into an ode to Bengal’s hereditary weavers and metalworkers. Every nook of the pandal features genuine handcrafted textures, providing livelihoods to rural craftspeople and enchanting visitors with textile elegance.",Biswa Bangla Sharad Samman (Best Handicraft Craftsmanship),22.610012,88.398023,https://www.facebook.com/DumDumParkBharatMataPujaKolkata/,@dumdumparkbharatmatapuja_kolkata,Dum Dum,"Heritage Ekchala Pratima with authentic Sholar/Daker Saaj, traditional Kumari Puja, grand Bijoya Dashami Sindur Khela, and royal Dhunuchi Nach.",Visit early morning around 7:00 AM - 10:00 AM during Pushpanjali or late afternoon to experience tranquil heritage rituals without massive theme queues.
219,Nagerbazar Sarbojanin Durga Puja,Dum Dum / South Dumdum,1954 (Over 72 Years),Heritage Traditional Sabeki,"Preservation of classical 19th-century zamindari and colonial Bengal devotional aesthetics, championing timeless Ekchala purity over modern conceptual gimmicks.",Timeless Sabeki Ekchala Protima with traditional Chandimandap architecture and thakur-dalan ambiance.,Nine decades of uncompromised classical Ekchala barowari traditions and devotion.,"Classic Ekchala idol adorned in shimmering Daker Saaj (pith and silver foil work), sporting fish-shaped elongated Trayanani eyes and royal lion mount.","Hooghly river clay, sholapith filigree work, beaten brass vessels, handcrafted wooden pillars, and traditional chandeliers.","Nagerbazar Sarbojanin Durga Puja in Dum Dum / South Dumdum is a proud custodian of traditional Sabeki heritage. Eschewing transient modern themes, it preserves the authentic spiritual ambiance of classic Bengal, marked by reverberating dhak beats, fragrant dhuno incense, and family-centered community devotion.",Biswa Bangla Sharad Samman (Heritage Tradition Category),22.628012,88.391023,https://www.facebook.com/NagerbazarSarbojaninDurgaPujaKolkata/,@nagerbazarsarbojanindurg_kolkata,Dum Dum,"Heritage Ekchala Pratima with authentic Sholar/Daker Saaj, traditional Kumari Puja, grand Bijoya Dashami Sindur Khela, and royal Dhunuchi Nach.",Visit early morning around 7:00 AM - 10:00 AM during Pushpanjali or late afternoon to experience tranquil heritage rituals without massive theme queues.
220,New Town Sarbojanin Durga Puja,New Town,1965 (Over 61 Years),Thought-Provoking Social Theme Installation,"Using the public pandal as a canvas for social awakening, mental health discourse, environmental preservation, and women’s empowerment.",2025: Muktir Alo (Light of Liberation & Mental Well-being) | 2024: Jal-Dharoni (Water Conservation & Future Generations) | 2023: Nari Shakti (The Divine Feminine in Modern Times),2025: Muktir Alo | 2024: Jal-Dharoni | 2023: Nari Shakti | 2022: Somoyer Ayna | 2021: Punorutthan,Modern contemporary clay idol sculpted with empathetic figurative expressions that reflect the resilience of modern women.,"Recycled metal wires, earthen kulhars, distressed wood planks, kinetic light installations, and thematic voiceover soundscapes.","New Town Sarbojanin Durga Puja in New Town stands out for its bold, socially conscious conceptual installations. The puja committee uses modern installation art to provoke thought on contemporary humanitarian and environmental issues while maintaining deep spiritual reverence.","Asian Paints Sharad Samman (Creative Concept), Biswa Bangla Social Awareness Award",22.586012,88.462023,https://www.facebook.com/NewTownSarbojaninDurgaPujaKolkata/,@newtownsarbojanindurgapu_kolkata,Karunamoyee,"Experimental contemporary installation art, immersive spatial audio-visual storytelling, conceptual clay sculptures, and social reflection galleries.",Best experienced in the evening between 8:00 PM and midnight when thematic illumination and ambient acoustic soundscapes create an immersive sensory experience.
221,"New Town Durga Puja Committee, BG Block",New Town,1976 (Over 50 Years),Eco-Friendly Vernacular Folk Art,Celebration of Bengal’s rural artisanal heritage and ecological harmony; utilizing sustainable organic raw materials to recreate village courtyards and tribal sanctuaries.,"2025: Banglar Mati, Banglar Haat (Folk Bazaar of Bengal) | 2024: Shobujer Prarthana (Ode to Green Earth) | 2023: Lok-Shilpo O Gramin Jibon",2025: Banglar Mati | 2024: Shobujer Prarthana | 2023: Lok-Shilpo | 2022: Patachitra Akhyan | 2021: Matir Gandho,"Terracotta-finished earthen clay idol with serene rustic expressions, painted with organic turmeric and chalk pigments.","Untreated bamboo strips, natural jute burlap, Bankura terracotta tiles, dry date-palm weaves, and warm incandescent glow.","New Town Durga Puja Committee, BG Block in New Town is renowned for its organic, sustainable theme approach. Embracing rural folk heritage, the pandal transports urban visitors into the peaceful sanctuary of a Bengal village, highlighting forgotten indigenous crafts and eco-friendly craftsmanship.",Biswa Bangla Sharad Samman (Eco-Friendly / Handicraft Category),22.585334,88.462412,https://www.facebook.com/NewTownDurgaPujaCommitteeBGBlockKolkata/,@newtowndurgapujacommitte_kolkata,Karunamoyee,"Live demonstrations by rural Bengal folk craftspeople, sustainable natural installations (Dokra, Terracotta, Handloom), and rustic atmospheric village ambiance.","Visit during daytime (11:00 AM - 3:00 PM) to appreciate the natural colors, textures, and daylight detailing of the handicrafts."
222,AA 1D Sarbojanin Durga Puja,New Town,1987 (Over 39 Years),Grand Architectural Temple Replica,Bringing timeless sacred architecture from across the Indian subcontinent to Kolkata’s doorstep through meticulous sculptural imitation and light engineering.,2025: Grand Dravidian Temple of South India | 2024: Khajuraho Stone Carving Replica | 2023: Jagannath Puri Shrimandir Architecture,2025: Dravidian Temple | 2024: Khajuraho | 2023: Puri Shrimandir | 2022: Sun Temple Modhera | 2021: Golden Temple Amritsar,Majestic classical clay idol draped in opulent brocade and Benarasi silks with handcrafted filigree crowns.,"Thermocol relief panels, plaster carvings, fiberglass moldings, and extensive computer-controlled Chandannagar illumination gates.","AA 1D Sarbojanin Durga Puja in New Town dazzles festive crowds with its monumental architectural reproductions. Recreating historic temples and palaces down to the finest stone carving detail, it stands as a visual marvel that draws visitors from across Bengal.",Biswa Bangla Sharad Samman (Best Pandal Architecture & Lighting),22.584645,88.461734,https://www.facebook.com/AA1DSarbojaninDurgaPujaKolkata/,@aa1dsarbojanindurgapuja_kolkata,Karunamoyee,"Colossal monumental architectural facade, dazzling 3D illuminated lighting gates by Chandannagar electrical artisans, and gold/jewel-adorned divine idol.",Expect very high footfall; visit during late midnight (1:30 AM to 4:30 AM) on Tritiya or Chaturthi to marvel at the exterior lighting with shorter lines.
223,BD Block Durga Puja,New Town,1998 (Over 28 Years),Handloom & Traditional Handicraft Showcase,"Reviving endangered handloom weaves, bell-metal artistry, and indigenous handcraft traditions into a tactile visual sanctuary.",2025: Tant-O-Tanti (Tribute to Bengal Handloom Weavers) | 2024: Dokra O Pittol (Lost-Wax Bell Metal Magic) | 2023: Kantha-Stitch & Jamdani Odyssey,2025: Tant-O-Tanti | 2024: Dokra O Pittol | 2023: Kantha-Stitch Odyssey | 2022: Purulia Chhau Art | 2021: Shantiniketan Leather Craft,Artisan clay sculpture draped in authentic hand-woven Jamdani and Baluchari silk with bell-metal jewelry.,"Handloom wooden shuttle looms, thousands of yarn spools, Dokra brass castings, natural dyed cotton, and soft ambient flute ragas.","BD Block Durga Puja in New Town transforms its puja pavilion into an ode to Bengal’s hereditary weavers and metalworkers. Every nook of the pandal features genuine handcrafted textures, providing livelihoods to rural craftspeople and enchanting visitors with textile elegance.",Biswa Bangla Sharad Samman (Best Handicraft Craftsmanship),22.587012,88.465023,https://www.facebook.com/BDBlockDurgaPujaKolkata/,@bdblockdurgapuja_kolkata,City Centre,"Heritage Ekchala Pratima with authentic Sholar/Daker Saaj, traditional Kumari Puja, grand Bijoya Dashami Sindur Khela, and royal Dhunuchi Nach.",Visit early morning around 7:00 AM - 10:00 AM during Pushpanjali or late afternoon to experience tranquil heritage rituals without massive theme queues.
224,CD Block Durga Puja,New Town,2009 (Over 17 Years),Heritage Traditional Sabeki,"Preservation of classical 19th-century zamindari and colonial Bengal devotional aesthetics, championing timeless Ekchala purity over modern conceptual gimmicks.",Timeless Sabeki Ekchala Protima with traditional Chandimandap architecture and thakur-dalan ambiance.,Nine decades of uncompromised classical Ekchala barowari traditions and devotion.,"Classic Ekchala idol adorned in shimmering Daker Saaj (pith and silver foil work), sporting fish-shaped elongated Trayanani eyes and royal lion mount.","Hooghly river clay, sholapith filigree work, beaten brass vessels, handcrafted wooden pillars, and traditional chandeliers.","CD Block Durga Puja in New Town is a proud custodian of traditional Sabeki heritage. Eschewing transient modern themes, it preserves the authentic spiritual ambiance of classic Bengal, marked by reverberating dhak beats, fragrant dhuno incense, and family-centered community devotion.",Biswa Bangla Sharad Samman (Heritage Tradition Category),22.586334,88.465412,https://www.facebook.com/CDBlockDurgaPujaKolkata/,@cdblockdurgapuja_kolkata,Karunamoyee,"Heritage Ekchala Pratima with authentic Sholar/Daker Saaj, traditional Kumari Puja, grand Bijoya Dashami Sindur Khela, and royal Dhunuchi Nach.",Visit early morning around 7:00 AM - 10:00 AM during Pushpanjali or late afternoon to experience tranquil heritage rituals without massive theme queues.
225,DB Block Durga Puja,New Town,1955 (Over 71 Years),Thought-Provoking Social Theme Installation,"Using the public pandal as a canvas for social awakening, mental health discourse, environmental preservation, and women’s empowerment.",2025: Muktir Alo (Light of Liberation & Mental Well-being) | 2024: Jal-Dharoni (Water Conservation & Future Generations) | 2023: Nari Shakti (The Divine Feminine in Modern Times),2025: Muktir Alo | 2024: Jal-Dharoni | 2023: Nari Shakti | 2022: Somoyer Ayna | 2021: Punorutthan,Modern contemporary clay idol sculpted with empathetic figurative expressions that reflect the resilience of modern women.,"Recycled metal wires, earthen kulhars, distressed wood planks, kinetic light installations, and thematic voiceover soundscapes.","DB Block Durga Puja in New Town stands out for its bold, socially conscious conceptual installations. The puja committee uses modern installation art to provoke thought on contemporary humanitarian and environmental issues while maintaining deep spiritual reverence.","Asian Paints Sharad Samman (Creative Concept), Biswa Bangla Social Awareness Award",22.585645,88.464734,https://www.facebook.com/DBBlockDurgaPujaKolkata/,@dbblockdurgapuja_kolkata,Karunamoyee,"Experimental contemporary installation art, immersive spatial audio-visual storytelling, conceptual clay sculptures, and social reflection galleries.",Best experienced in the evening between 8:00 PM and midnight when thematic illumination and ambient acoustic soundscapes create an immersive sensory experience.
226,BA Block Durga Puja,New Town,1966 (Over 60 Years),Eco-Friendly Vernacular Folk Art,Celebration of Bengal’s rural artisanal heritage and ecological harmony; utilizing sustainable organic raw materials to recreate village courtyards and tribal sanctuaries.,"2025: Banglar Mati, Banglar Haat (Folk Bazaar of Bengal) | 2024: Shobujer Prarthana (Ode to Green Earth) | 2023: Lok-Shilpo O Gramin Jibon",2025: Banglar Mati | 2024: Shobujer Prarthana | 2023: Lok-Shilpo | 2022: Patachitra Akhyan | 2021: Matir Gandho,"Terracotta-finished earthen clay idol with serene rustic expressions, painted with organic turmeric and chalk pigments.","Untreated bamboo strips, natural jute burlap, Bankura terracotta tiles, dry date-palm weaves, and warm incandescent glow.","BA Block Durga Puja in New Town is renowned for its organic, sustainable theme approach. Embracing rural folk heritage, the pandal transports urban visitors into the peaceful sanctuary of a Bengal village, highlighting forgotten indigenous crafts and eco-friendly craftsmanship.",Biswa Bangla Sharad Samman (Eco-Friendly / Handicraft Category),22.584012,88.464023,https://www.facebook.com/BABlockDurgaPujaKolkata/,@bablockdurgapuja_kolkata,Karunamoyee,"Live demonstrations by rural Bengal folk craftspeople, sustainable natural installations (Dokra, Terracotta, Handloom), and rustic atmospheric village ambiance.","Visit during daytime (11:00 AM - 3:00 PM) to appreciate the natural colors, textures, and daylight detailing of the handicrafts."
227,CG Block Durga Puja,New Town,1977 (Over 49 Years),Grand Architectural Temple Replica,Bringing timeless sacred architecture from across the Indian subcontinent to Kolkata’s doorstep through meticulous sculptural imitation and light engineering.,2025: Grand Dravidian Temple of South India | 2024: Khajuraho Stone Carving Replica | 2023: Jagannath Puri Shrimandir Architecture,2025: Dravidian Temple | 2024: Khajuraho | 2023: Puri Shrimandir | 2022: Sun Temple Modhera | 2021: Golden Temple Amritsar,Majestic classical clay idol draped in opulent brocade and Benarasi silks with handcrafted filigree crowns.,"Thermocol relief panels, plaster carvings, fiberglass moldings, and extensive computer-controlled Chandannagar illumination gates.","CG Block Durga Puja in New Town dazzles festive crowds with its monumental architectural reproductions. Recreating historic temples and palaces down to the finest stone carving detail, it stands as a visual marvel that draws visitors from across Bengal.",Biswa Bangla Sharad Samman (Best Pandal Architecture & Lighting),22.583334,88.464412,https://www.facebook.com/CGBlockDurgaPujaKolkata/,@cgblockdurgapuja_kolkata,Karunamoyee,"Colossal monumental architectural facade, dazzling 3D illuminated lighting gates by Chandannagar electrical artisans, and gold/jewel-adorned divine idol.",Expect very high footfall; visit during late midnight (1:30 AM to 4:30 AM) on Tritiya or Chaturthi to marvel at the exterior lighting with shorter lines.
228,B Block Durga Puja,New Town,1988 (Over 38 Years),Handloom & Traditional Handicraft Showcase,"Reviving endangered handloom weaves, bell-metal artistry, and indigenous handcraft traditions into a tactile visual sanctuary.",2025: Tant-O-Tanti (Tribute to Bengal Handloom Weavers) | 2024: Dokra O Pittol (Lost-Wax Bell Metal Magic) | 2023: Kantha-Stitch & Jamdani Odyssey,2025: Tant-O-Tanti | 2024: Dokra O Pittol | 2023: Kantha-Stitch Odyssey | 2022: Purulia Chhau Art | 2021: Shantiniketan Leather Craft,Artisan clay sculpture draped in authentic hand-woven Jamdani and Baluchari silk with bell-metal jewelry.,"Handloom wooden shuttle looms, thousands of yarn spools, Dokra brass castings, natural dyed cotton, and soft ambient flute ragas.","B Block Durga Puja in New Town transforms its puja pavilion into an ode to Bengal’s hereditary weavers and metalworkers. Every nook of the pandal features genuine handcrafted textures, providing livelihoods to rural craftspeople and enchanting visitors with textile elegance.",Biswa Bangla Sharad Samman (Best Handicraft Craftsmanship),22.582645,88.463734,https://www.facebook.com/BBlockDurgaPujaKolkata/,@bblockdurgapuja_kolkata,Karunamoyee,"Heritage Ekchala Pratima with authentic Sholar/Daker Saaj, traditional Kumari Puja, grand Bijoya Dashami Sindur Khela, and royal Dhunuchi Nach.",Visit early morning around 7:00 AM - 10:00 AM during Pushpanjali or late afternoon to experience tranquil heritage rituals without massive theme queues.
229,New Town Action Area 1 Puja Committee,New Town,1999 (Over 27 Years),Heritage Traditional Sabeki,"Preservation of classical 19th-century zamindari and colonial Bengal devotional aesthetics, championing timeless Ekchala purity over modern conceptual gimmicks.",Timeless Sabeki Ekchala Protima with traditional Chandimandap architecture and thakur-dalan ambiance.,Nine decades of uncompromised classical Ekchala barowari traditions and devotion.,"Classic Ekchala idol adorned in shimmering Daker Saaj (pith and silver foil work), sporting fish-shaped elongated Trayanani eyes and royal lion mount.","Hooghly river clay, sholapith filigree work, beaten brass vessels, handcrafted wooden pillars, and traditional chandeliers.","New Town Action Area 1 Puja Committee in New Town is a proud custodian of traditional Sabeki heritage. Eschewing transient modern themes, it preserves the authentic spiritual ambiance of classic Bengal, marked by reverberating dhak beats, fragrant dhuno incense, and family-centered community devotion.",Biswa Bangla Sharad Samman (Heritage Tradition Category),22.581012,88.463023,https://www.facebook.com/NewTownActionArea1PujaCommitteeKolkata/,@newtownactionarea1pujaco_kolkata,Karunamoyee,"Heritage Ekchala Pratima with authentic Sholar/Daker Saaj, traditional Kumari Puja, grand Bijoya Dashami Sindur Khela, and royal Dhunuchi Nach.",Visit early morning around 7:00 AM - 10:00 AM during Pushpanjali or late afternoon to experience tranquil heritage rituals without massive theme queues.
230,AK Block Salt Lake Durga Puja,Salt Lake,2010 (Over 16 Years),Thought-Provoking Social Theme Installation,"Using the public pandal as a canvas for social awakening, mental health discourse, environmental preservation, and women’s empowerment.",2025: Muktir Alo (Light of Liberation & Mental Well-being) | 2024: Jal-Dharoni (Water Conservation & Future Generations) | 2023: Nari Shakti (The Divine Feminine in Modern Times),2025: Muktir Alo | 2024: Jal-Dharoni | 2023: Nari Shakti | 2022: Somoyer Ayna | 2021: Punorutthan,Modern contemporary clay idol sculpted with empathetic figurative expressions that reflect the resilience of modern women.,"Recycled metal wires, earthen kulhars, distressed wood planks, kinetic light installations, and thematic voiceover soundscapes.","AK Block Salt Lake Durga Puja in Salt Lake stands out for its bold, socially conscious conceptual installations. The puja committee uses modern installation art to provoke thought on contemporary humanitarian and environmental issues while maintaining deep spiritual reverence.","Asian Paints Sharad Samman (Creative Concept), Biswa Bangla Social Awareness Award",22.589012,88.412023,https://www.facebook.com/AKBlockSaltLakeDurgaPujaKolkata/,@akblocksaltlakedurgapuja_kolkata,City Centre,"Experimental contemporary installation art, immersive spatial audio-visual storytelling, conceptual clay sculptures, and social reflection galleries.",Best experienced in the evening between 8:00 PM and midnight when thematic illumination and ambient acoustic soundscapes create an immersive sensory experience.
231,BD Block Sarbojanin Durgotsab,Salt Lake,1956 (Over 70 Years),Eco-Friendly Vernacular Folk Art,Celebration of Bengal’s rural artisanal heritage and ecological harmony; utilizing sustainable organic raw materials to recreate village courtyards and tribal sanctuaries.,"2025: Banglar Mati, Banglar Haat (Folk Bazaar of Bengal) | 2024: Shobujer Prarthana (Ode to Green Earth) | 2023: Lok-Shilpo O Gramin Jibon",2025: Banglar Mati | 2024: Shobujer Prarthana | 2023: Lok-Shilpo | 2022: Patachitra Akhyan | 2021: Matir Gandho,"Terracotta-finished earthen clay idol with serene rustic expressions, painted with organic turmeric and chalk pigments.","Untreated bamboo strips, natural jute burlap, Bankura terracotta tiles, dry date-palm weaves, and warm incandescent glow.","BD Block Sarbojanin Durgotsab in Salt Lake is renowned for its organic, sustainable theme approach. Embracing rural folk heritage, the pandal transports urban visitors into the peaceful sanctuary of a Bengal village, highlighting forgotten indigenous crafts and eco-friendly craftsmanship.",Biswa Bangla Sharad Samman (Eco-Friendly / Handicraft Category),22.587334,88.411412,https://www.facebook.com/BDBlockSarbojaninDurgotsabKolkata/,@bdblocksarbojanindurgots_kolkata,City Centre,"Live demonstrations by rural Bengal folk craftspeople, sustainable natural installations (Dokra, Terracotta, Handloom), and rustic atmospheric village ambiance.","Visit during daytime (11:00 AM - 3:00 PM) to appreciate the natural colors, textures, and daylight detailing of the handicrafts."
232,BJ Block Saradotsav,Salt Lake,1967 (Over 59 Years),Grand Architectural Temple Replica,Bringing timeless sacred architecture from across the Indian subcontinent to Kolkata’s doorstep through meticulous sculptural imitation and light engineering.,2025: Grand Dravidian Temple of South India | 2024: Khajuraho Stone Carving Replica | 2023: Jagannath Puri Shrimandir Architecture,2025: Dravidian Temple | 2024: Khajuraho | 2023: Puri Shrimandir | 2022: Sun Temple Modhera | 2021: Golden Temple Amritsar,Majestic classical clay idol draped in opulent brocade and Benarasi silks with handcrafted filigree crowns.,"Thermocol relief panels, plaster carvings, fiberglass moldings, and extensive computer-controlled Chandannagar illumination gates.","BJ Block Saradotsav in Salt Lake dazzles festive crowds with its monumental architectural reproductions. Recreating historic temples and palaces down to the finest stone carving detail, it stands as a visual marvel that draws visitors from across Bengal.",Biswa Bangla Sharad Samman (Best Pandal Architecture & Lighting),22.584312,88.417823,https://www.facebook.com/BJBlockSaradotsavKolkata/,@bjblocksaradotsav_kolkata,City Centre,"Colossal monumental architectural facade, dazzling 3D illuminated lighting gates by Chandannagar electrical artisans, and gold/jewel-adorned divine idol.",Expect very high footfall; visit during late midnight (1:30 AM to 4:30 AM) on Tritiya or Chaturthi to marvel at the exterior lighting with shorter lines.
233,FD Block Durga Puja,Salt Lake,1978 (Over 48 Years),Handloom & Traditional Handicraft Showcase,"Reviving endangered handloom weaves, bell-metal artistry, and indigenous handcraft traditions into a tactile visual sanctuary.",2025: Tant-O-Tanti (Tribute to Bengal Handloom Weavers) | 2024: Dokra O Pittol (Lost-Wax Bell Metal Magic) | 2023: Kantha-Stitch & Jamdani Odyssey,2025: Tant-O-Tanti | 2024: Dokra O Pittol | 2023: Kantha-Stitch Odyssey | 2022: Purulia Chhau Art | 2021: Shantiniketan Leather Craft,Artisan clay sculpture draped in authentic hand-woven Jamdani and Baluchari silk with bell-metal jewelry.,"Handloom wooden shuttle looms, thousands of yarn spools, Dokra brass castings, natural dyed cotton, and soft ambient flute ragas.","FD Block Durga Puja in Salt Lake transforms its puja pavilion into an ode to Bengal’s hereditary weavers and metalworkers. Every nook of the pandal features genuine handcrafted textures, providing livelihoods to rural craftspeople and enchanting visitors with textile elegance.",Biswa Bangla Sharad Samman (Best Handicraft Craftsmanship),22.576534,88.411223,https://www.facebook.com/FDBlockDurgaPujaKolkata/,@fdblockdurgapuja_kolkata,City Centre,"Heritage Ekchala Pratima with authentic Sholar/Daker Saaj, traditional Kumari Puja, grand Bijoya Dashami Sindur Khela, and royal Dhunuchi Nach.",Visit early morning around 7:00 AM - 10:00 AM during Pushpanjali or late afternoon to experience tranquil heritage rituals without massive theme queues.
234,HB Block Durga Puja,Salt Lake,1989 (Over 37 Years),Heritage Traditional Sabeki,"Preservation of classical 19th-century zamindari and colonial Bengal devotional aesthetics, championing timeless Ekchala purity over modern conceptual gimmicks.",Timeless Sabeki Ekchala Protima with traditional Chandimandap architecture and thakur-dalan ambiance.,Nine decades of uncompromised classical Ekchala barowari traditions and devotion.,"Classic Ekchala idol adorned in shimmering Daker Saaj (pith and silver foil work), sporting fish-shaped elongated Trayanani eyes and royal lion mount.","Hooghly river clay, sholapith filigree work, beaten brass vessels, handcrafted wooden pillars, and traditional chandeliers.","HB Block Durga Puja in Salt Lake is a proud custodian of traditional Sabeki heritage. Eschewing transient modern themes, it preserves the authentic spiritual ambiance of classic Bengal, marked by reverberating dhak beats, fragrant dhuno incense, and family-centered community devotion.",Biswa Bangla Sharad Samman (Heritage Tradition Category),22.582012,88.416023,https://www.facebook.com/HBBlockDurgaPujaKolkata/,@hbblockdurgapuja_kolkata,City Centre,"Heritage Ekchala Pratima with authentic Sholar/Daker Saaj, traditional Kumari Puja, grand Bijoya Dashami Sindur Khela, and royal Dhunuchi Nach.",Visit early morning around 7:00 AM - 10:00 AM during Pushpanjali or late afternoon to experience tranquil heritage rituals without massive theme queues.
235,EC Block Durga Puja,Salt Lake,2000 (Over 26 Years),Thought-Provoking Social Theme Installation,"Using the public pandal as a canvas for social awakening, mental health discourse, environmental preservation, and women’s empowerment.",2025: Muktir Alo (Light of Liberation & Mental Well-being) | 2024: Jal-Dharoni (Water Conservation & Future Generations) | 2023: Nari Shakti (The Divine Feminine in Modern Times),2025: Muktir Alo | 2024: Jal-Dharoni | 2023: Nari Shakti | 2022: Somoyer Ayna | 2021: Punorutthan,Modern contemporary clay idol sculpted with empathetic figurative expressions that reflect the resilience of modern women.,"Recycled metal wires, earthen kulhars, distressed wood planks, kinetic light installations, and thematic voiceover soundscapes.","EC Block Durga Puja in Salt Lake stands out for its bold, socially conscious conceptual installations. The puja committee uses modern installation art to provoke thought on contemporary humanitarian and environmental issues while maintaining deep spiritual reverence.","Asian Paints Sharad Samman (Creative Concept), Biswa Bangla Social Awareness Award",22.581334,88.416412,https://www.facebook.com/ECBlockDurgaPujaKolkata/,@ecblockdurgapuja_kolkata,City Centre,"Experimental contemporary installation art, immersive spatial audio-visual storytelling, conceptual clay sculptures, and social reflection galleries.",Best experienced in the evening between 8:00 PM and midnight when thematic illumination and ambient acoustic soundscapes create an immersive sensory experience.
236,EE Block Durga Puja,Salt Lake,2011 (Over 15 Years),Eco-Friendly Vernacular Folk Art,Celebration of Bengal’s rural artisanal heritage and ecological harmony; utilizing sustainable organic raw materials to recreate village courtyards and tribal sanctuaries.,"2025: Banglar Mati, Banglar Haat (Folk Bazaar of Bengal) | 2024: Shobujer Prarthana (Ode to Green Earth) | 2023: Lok-Shilpo O Gramin Jibon",2025: Banglar Mati | 2024: Shobujer Prarthana | 2023: Lok-Shilpo | 2022: Patachitra Akhyan | 2021: Matir Gandho,"Terracotta-finished earthen clay idol with serene rustic expressions, painted with organic turmeric and chalk pigments.","Untreated bamboo strips, natural jute burlap, Bankura terracotta tiles, dry date-palm weaves, and warm incandescent glow.","EE Block Durga Puja in Salt Lake is renowned for its organic, sustainable theme approach. Embracing rural folk heritage, the pandal transports urban visitors into the peaceful sanctuary of a Bengal village, highlighting forgotten indigenous crafts and eco-friendly craftsmanship.",Biswa Bangla Sharad Samman (Eco-Friendly / Handicraft Category),22.580645,88.415734,https://www.facebook.com/EEBlockDurgaPujaKolkata/,@eeblockdurgapuja_kolkata,City Centre,"Live demonstrations by rural Bengal folk craftspeople, sustainable natural installations (Dokra, Terracotta, Handloom), and rustic atmospheric village ambiance.","Visit during daytime (11:00 AM - 3:00 PM) to appreciate the natural colors, textures, and daylight detailing of the handicrafts."
237,Salt Lake Labony Estate Durga Puja,Salt Lake,1957 (Over 69 Years),Grand Architectural Temple Replica,Bringing timeless sacred architecture from across the Indian subcontinent to Kolkata’s doorstep through meticulous sculptural imitation and light engineering.,2025: Grand Dravidian Temple of South India | 2024: Khajuraho Stone Carving Replica | 2023: Jagannath Puri Shrimandir Architecture,2025: Dravidian Temple | 2024: Khajuraho | 2023: Puri Shrimandir | 2022: Sun Temple Modhera | 2021: Golden Temple Amritsar,Majestic classical clay idol draped in opulent brocade and Benarasi silks with handcrafted filigree crowns.,"Thermocol relief panels, plaster carvings, fiberglass moldings, and extensive computer-controlled Chandannagar illumination gates.","Salt Lake Labony Estate Durga Puja in Salt Lake dazzles festive crowds with its monumental architectural reproductions. Recreating historic temples and palaces down to the finest stone carving detail, it stands as a visual marvel that draws visitors from across Bengal.",Biswa Bangla Sharad Samman (Best Pandal Architecture & Lighting),22.585012,88.414023,https://www.facebook.com/SaltLakeLabonyEstateDurgaPujaKolkata/,@saltlakelabonyestatedurg_kolkata,City Centre,"Colossal monumental architectural facade, dazzling 3D illuminated lighting gates by Chandannagar electrical artisans, and gold/jewel-adorned divine idol.",Expect very high footfall; visit during late midnight (1:30 AM to 4:30 AM) on Tritiya or Chaturthi to marvel at the exterior lighting with shorter lines.
238,Behala Nutan Dal Durga Puja,Behala,1968 (Over 58 Years),Handloom & Traditional Handicraft Showcase,"Reviving endangered handloom weaves, bell-metal artistry, and indigenous handcraft traditions into a tactile visual sanctuary.",2025: Tant-O-Tanti (Tribute to Bengal Handloom Weavers) | 2024: Dokra O Pittol (Lost-Wax Bell Metal Magic) | 2023: Kantha-Stitch & Jamdani Odyssey,2025: Tant-O-Tanti | 2024: Dokra O Pittol | 2023: Kantha-Stitch Odyssey | 2022: Purulia Chhau Art | 2021: Shantiniketan Leather Craft,Artisan clay sculpture draped in authentic hand-woven Jamdani and Baluchari silk with bell-metal jewelry.,"Handloom wooden shuttle looms, thousands of yarn spools, Dokra brass castings, natural dyed cotton, and soft ambient flute ragas.","Behala Nutan Dal Durga Puja in Behala transforms its puja pavilion into an ode to Bengal’s hereditary weavers and metalworkers. Every nook of the pandal features genuine handcrafted textures, providing livelihoods to rural craftspeople and enchanting visitors with textile elegance.",Biswa Bangla Sharad Samman (Best Handicraft Craftsmanship),22.489012,88.318023,https://www.facebook.com/BehalaNutanDalDurgaPujaKolkata/,@behalanutandaldurgapuja_kolkata,Behala Bazar,"Heritage Ekchala Pratima with authentic Sholar/Daker Saaj, traditional Kumari Puja, grand Bijoya Dashami Sindur Khela, and royal Dhunuchi Nach.",Visit early morning around 7:00 AM - 10:00 AM during Pushpanjali or late afternoon to experience tranquil heritage rituals without massive theme queues.
239,Behala Friends Durga Puja,Behala,1979 (Over 47 Years),Heritage Traditional Sabeki,"Preservation of classical 19th-century zamindari and colonial Bengal devotional aesthetics, championing timeless Ekchala purity over modern conceptual gimmicks.",Timeless Sabeki Ekchala Protima with traditional Chandimandap architecture and thakur-dalan ambiance.,Nine decades of uncompromised classical Ekchala barowari traditions and devotion.,"Classic Ekchala idol adorned in shimmering Daker Saaj (pith and silver foil work), sporting fish-shaped elongated Trayanani eyes and royal lion mount.","Hooghly river clay, sholapith filigree work, beaten brass vessels, handcrafted wooden pillars, and traditional chandeliers.","Behala Friends Durga Puja in Behala is a proud custodian of traditional Sabeki heritage. Eschewing transient modern themes, it preserves the authentic spiritual ambiance of classic Bengal, marked by reverberating dhak beats, fragrant dhuno incense, and family-centered community devotion.",Biswa Bangla Sharad Samman (Heritage Tradition Category),22.493012,88.316023,https://www.facebook.com/BehalaFriendsDurgaPujaKolkata/,@behalafriendsdurgapuja_kolkata,Behala Bazar,"Heritage Ekchala Pratima with authentic Sholar/Daker Saaj, traditional Kumari Puja, grand Bijoya Dashami Sindur Khela, and royal Dhunuchi Nach.",Visit early morning around 7:00 AM - 10:00 AM during Pushpanjali or late afternoon to experience tranquil heritage rituals without massive theme queues.
240,Behala Club Durga Puja,Behala,1990 (Over 36 Years),Thought-Provoking Social Theme Installation,"Using the public pandal as a canvas for social awakening, mental health discourse, environmental preservation, and women’s empowerment.",2025: Muktir Alo (Light of Liberation & Mental Well-being) | 2024: Jal-Dharoni (Water Conservation & Future Generations) | 2023: Nari Shakti (The Divine Feminine in Modern Times),2025: Muktir Alo | 2024: Jal-Dharoni | 2023: Nari Shakti | 2022: Somoyer Ayna | 2021: Punorutthan,Modern contemporary clay idol sculpted with empathetic figurative expressions that reflect the resilience of modern women.,"Recycled metal wires, earthen kulhars, distressed wood planks, kinetic light installations, and thematic voiceover soundscapes.","Behala Club Durga Puja in Behala stands out for its bold, socially conscious conceptual installations. The puja committee uses modern installation art to provoke thought on contemporary humanitarian and environmental issues while maintaining deep spiritual reverence.","Asian Paints Sharad Samman (Creative Concept), Biswa Bangla Social Awareness Award",22.492334,88.316412,https://www.facebook.com/BehalaClubDurgaPujaKolkata/,@behalaclubdurgapuja_kolkata,Behala Bazar,"Experimental contemporary installation art, immersive spatial audio-visual storytelling, conceptual clay sculptures, and social reflection galleries.",Best experienced in the evening between 8:00 PM and midnight when thematic illumination and ambient acoustic soundscapes create an immersive sensory experience.
241,Behala Young Men's Association Durga Puja,Behala,2001 (Over 25 Years),Eco-Friendly Vernacular Folk Art,Celebration of Bengal’s rural artisanal heritage and ecological harmony; utilizing sustainable organic raw materials to recreate village courtyards and tribal sanctuaries.,"2025: Banglar Mati, Banglar Haat (Folk Bazaar of Bengal) | 2024: Shobujer Prarthana (Ode to Green Earth) | 2023: Lok-Shilpo O Gramin Jibon",2025: Banglar Mati | 2024: Shobujer Prarthana | 2023: Lok-Shilpo | 2022: Patachitra Akhyan | 2021: Matir Gandho,"Terracotta-finished earthen clay idol with serene rustic expressions, painted with organic turmeric and chalk pigments.","Untreated bamboo strips, natural jute burlap, Bankura terracotta tiles, dry date-palm weaves, and warm incandescent glow.","Behala Young Men's Association Durga Puja in Behala is renowned for its organic, sustainable theme approach. Embracing rural folk heritage, the pandal transports urban visitors into the peaceful sanctuary of a Bengal village, highlighting forgotten indigenous crafts and eco-friendly craftsmanship.",Biswa Bangla Sharad Samman (Eco-Friendly / Handicraft Category),22.491645,88.315734,https://www.facebook.com/BehalaYoungMensAssociationDurgaPujaKolkata/,@behalayoungmensassociati_kolkata,Behala Bazar,"Live demonstrations by rural Bengal folk craftspeople, sustainable natural installations (Dokra, Terracotta, Handloom), and rustic atmospheric village ambiance.","Visit during daytime (11:00 AM - 3:00 PM) to appreciate the natural colors, textures, and daylight detailing of the handicrafts."
242,Barisha Club Durga Puja,Behala,2012 (Over 14 Years),Grand Architectural Temple Replica,Bringing timeless sacred architecture from across the Indian subcontinent to Kolkata’s doorstep through meticulous sculptural imitation and light engineering.,2025: Grand Dravidian Temple of South India | 2024: Khajuraho Stone Carving Replica | 2023: Jagannath Puri Shrimandir Architecture,2025: Dravidian Temple | 2024: Khajuraho | 2023: Puri Shrimandir | 2022: Sun Temple Modhera | 2021: Golden Temple Amritsar,Majestic classical clay idol draped in opulent brocade and Benarasi silks with handcrafted filigree crowns.,"Thermocol relief panels, plaster carvings, fiberglass moldings, and extensive computer-controlled Chandannagar illumination gates.","Barisha Club Durga Puja in Behala dazzles festive crowds with its monumental architectural reproductions. Recreating historic temples and palaces down to the finest stone carving detail, it stands as a visual marvel that draws visitors from across Bengal.",Biswa Bangla Sharad Samman (Best Pandal Architecture & Lighting),22.482123,88.312034,https://www.facebook.com/BarishaClubDurgaPujaKolkata/,@barishaclubdurgapuja_kolkata,Behala Chowrasta,"Colossal monumental architectural facade, dazzling 3D illuminated lighting gates by Chandannagar electrical artisans, and gold/jewel-adorned divine idol.",Expect very high footfall; visit during late midnight (1:30 AM to 4:30 AM) on Tritiya or Chaturthi to marvel at the exterior lighting with shorter lines.
243,Barisha Janakalyan Sangha Durga Puja,Behala,1958 (Over 68 Years),Handloom & Traditional Handicraft Showcase,"Reviving endangered handloom weaves, bell-metal artistry, and indigenous handcraft traditions into a tactile visual sanctuary.",2025: Tant-O-Tanti (Tribute to Bengal Handloom Weavers) | 2024: Dokra O Pittol (Lost-Wax Bell Metal Magic) | 2023: Kantha-Stitch & Jamdani Odyssey,2025: Tant-O-Tanti | 2024: Dokra O Pittol | 2023: Kantha-Stitch Odyssey | 2022: Purulia Chhau Art | 2021: Shantiniketan Leather Craft,Artisan clay sculpture draped in authentic hand-woven Jamdani and Baluchari silk with bell-metal jewelry.,"Handloom wooden shuttle looms, thousands of yarn spools, Dokra brass castings, natural dyed cotton, and soft ambient flute ragas.","Barisha Janakalyan Sangha Durga Puja in Behala transforms its puja pavilion into an ode to Bengal’s hereditary weavers and metalworkers. Every nook of the pandal features genuine handcrafted textures, providing livelihoods to rural craftspeople and enchanting visitors with textile elegance.",Biswa Bangla Sharad Samman (Best Handicraft Craftsmanship),22.480012,88.309023,https://www.facebook.com/BarishaJanakalyanSanghaDurgaPujaKolkata/,@barishajanakalyansanghad_kolkata,Behala Chowrasta,"Heritage Ekchala Pratima with authentic Sholar/Daker Saaj, traditional Kumari Puja, grand Bijoya Dashami Sindur Khela, and royal Dhunuchi Nach.",Visit early morning around 7:00 AM - 10:00 AM during Pushpanjali or late afternoon to experience tranquil heritage rituals without massive theme queues.
244,Mudiali Club Durga Puja,South Kolkata,1969 (Over 57 Years),Heritage Traditional Sabeki,"Preservation of classical 19th-century zamindari and colonial Bengal devotional aesthetics, championing timeless Ekchala purity over modern conceptual gimmicks.",Timeless Sabeki Ekchala Protima with traditional Chandimandap architecture and thakur-dalan ambiance.,Nine decades of uncompromised classical Ekchala barowari traditions and devotion.,"Classic Ekchala idol adorned in shimmering Daker Saaj (pith and silver foil work), sporting fish-shaped elongated Trayanani eyes and royal lion mount.","Hooghly river clay, sholapith filigree work, beaten brass vessels, handcrafted wooden pillars, and traditional chandeliers.","Mudiali Club Durga Puja in South Kolkata is a proud custodian of traditional Sabeki heritage. Eschewing transient modern themes, it preserves the authentic spiritual ambiance of classic Bengal, marked by reverberating dhak beats, fragrant dhuno incense, and family-centered community devotion.",Biswa Bangla Sharad Samman (Heritage Tradition Category),22.513512,88.349634,https://www.facebook.com/MudialiClubDurgaPujaKolkata/,@mudialiclubdurgapuja_kolkata,Rabindra Sarobar,"Heritage Ekchala Pratima with authentic Sholar/Daker Saaj, traditional Kumari Puja, grand Bijoya Dashami Sindur Khela, and royal Dhunuchi Nach.",Visit early morning around 7:00 AM - 10:00 AM during Pushpanjali or late afternoon to experience tranquil heritage rituals without massive theme queues.
245,Hazra Park Sarbojanin Durga Puja,South Kolkata,1980 (Over 46 Years),Thought-Provoking Social Theme Installation,"Using the public pandal as a canvas for social awakening, mental health discourse, environmental preservation, and women’s empowerment.",2025: Muktir Alo (Light of Liberation & Mental Well-being) | 2024: Jal-Dharoni (Water Conservation & Future Generations) | 2023: Nari Shakti (The Divine Feminine in Modern Times),2025: Muktir Alo | 2024: Jal-Dharoni | 2023: Nari Shakti | 2022: Somoyer Ayna | 2021: Punorutthan,Modern contemporary clay idol sculpted with empathetic figurative expressions that reflect the resilience of modern women.,"Recycled metal wires, earthen kulhars, distressed wood planks, kinetic light installations, and thematic voiceover soundscapes.","Hazra Park Sarbojanin Durga Puja in South Kolkata stands out for its bold, socially conscious conceptual installations. The puja committee uses modern installation art to provoke thought on contemporary humanitarian and environmental issues while maintaining deep spiritual reverence.","Asian Paints Sharad Samman (Creative Concept), Biswa Bangla Social Awareness Award",22.524012,88.346023,https://www.facebook.com/HazraParkSarbojaninDurgaPujaKolkata/,@hazraparksarbojanindurga_kolkata,Kalighat,"Experimental contemporary installation art, immersive spatial audio-visual storytelling, conceptual clay sculptures, and social reflection galleries.",Best experienced in the evening between 8:00 PM and midnight when thematic illumination and ambient acoustic soundscapes create an immersive sensory experience.
246,Bosepukur Sitala Mandir Durga Puja,South Kolkata,1991 (Over 35 Years),Eco-Friendly Vernacular Folk Art,Celebration of Bengal’s rural artisanal heritage and ecological harmony; utilizing sustainable organic raw materials to recreate village courtyards and tribal sanctuaries.,"2025: Banglar Mati, Banglar Haat (Folk Bazaar of Bengal) | 2024: Shobujer Prarthana (Ode to Green Earth) | 2023: Lok-Shilpo O Gramin Jibon",2025: Banglar Mati | 2024: Shobujer Prarthana | 2023: Lok-Shilpo | 2022: Patachitra Akhyan | 2021: Matir Gandho,"Terracotta-finished earthen clay idol with serene rustic expressions, painted with organic turmeric and chalk pigments.","Untreated bamboo strips, natural jute burlap, Bankura terracotta tiles, dry date-palm weaves, and warm incandescent glow.","Bosepukur Sitala Mandir Durga Puja in South Kolkata is renowned for its organic, sustainable theme approach. Embracing rural folk heritage, the pandal transports urban visitors into the peaceful sanctuary of a Bengal village, highlighting forgotten indigenous crafts and eco-friendly craftsmanship.",Biswa Bangla Sharad Samman (Eco-Friendly / Handicraft Category),22.515512,88.384234,https://www.facebook.com/BosepukurSitalaMandirDurgaPujaKolkata/,@bosepukursitalamandirdur_kolkata,Kalighat,"Live demonstrations by rural Bengal folk craftspeople, sustainable natural installations (Dokra, Terracotta, Handloom), and rustic atmospheric village ambiance.","Visit during daytime (11:00 AM - 3:00 PM) to appreciate the natural colors, textures, and daylight detailing of the handicrafts."
247,Rajdanga Naba Udayan Sangha Durga Puja,South Kolkata,2002 (Over 24 Years),Grand Architectural Temple Replica,Bringing timeless sacred architecture from across the Indian subcontinent to Kolkata’s doorstep through meticulous sculptural imitation and light engineering.,2025: Grand Dravidian Temple of South India | 2024: Khajuraho Stone Carving Replica | 2023: Jagannath Puri Shrimandir Architecture,2025: Dravidian Temple | 2024: Khajuraho | 2023: Puri Shrimandir | 2022: Sun Temple Modhera | 2021: Golden Temple Amritsar,Majestic classical clay idol draped in opulent brocade and Benarasi silks with handcrafted filigree crowns.,"Thermocol relief panels, plaster carvings, fiberglass moldings, and extensive computer-controlled Chandannagar illumination gates.","Rajdanga Naba Udayan Sangha Durga Puja in South Kolkata dazzles festive crowds with its monumental architectural reproductions. Recreating historic temples and palaces down to the finest stone carving detail, it stands as a visual marvel that draws visitors from across Bengal.",Biswa Bangla Sharad Samman (Best Pandal Architecture & Lighting),22.511012,88.389023,https://www.facebook.com/RajdangaNabaUdayanSanghaDurgaPujaKolkata/,@rajdanganabaudayansangha_kolkata,Kalighat,"Colossal monumental architectural facade, dazzling 3D illuminated lighting gates by Chandannagar electrical artisans, and gold/jewel-adorned divine idol.",Expect very high footfall; visit during late midnight (1:30 AM to 4:30 AM) on Tritiya or Chaturthi to marvel at the exterior lighting with shorter lines.
248,Shibmandir Durga Puja,South Kolkata,2013 (Over 13 Years),Handloom & Traditional Handicraft Showcase,"Reviving endangered handloom weaves, bell-metal artistry, and indigenous handcraft traditions into a tactile visual sanctuary.",2025: Tant-O-Tanti (Tribute to Bengal Handloom Weavers) | 2024: Dokra O Pittol (Lost-Wax Bell Metal Magic) | 2023: Kantha-Stitch & Jamdani Odyssey,2025: Tant-O-Tanti | 2024: Dokra O Pittol | 2023: Kantha-Stitch Odyssey | 2022: Purulia Chhau Art | 2021: Shantiniketan Leather Craft,Artisan clay sculpture draped in authentic hand-woven Jamdani and Baluchari silk with bell-metal jewelry.,"Handloom wooden shuttle looms, thousands of yarn spools, Dokra brass castings, natural dyed cotton, and soft ambient flute ragas.","Shibmandir Durga Puja in South Kolkata transforms its puja pavilion into an ode to Bengal’s hereditary weavers and metalworkers. Every nook of the pandal features genuine handcrafted textures, providing livelihoods to rural craftspeople and enchanting visitors with textile elegance.",Biswa Bangla Sharad Samman (Best Handicraft Craftsmanship),22.515234,88.350845,https://www.facebook.com/ShibmandirDurgaPujaKolkata/,@shibmandirdurgapuja_kolkata,Rabindra Sarobar,"Heritage Ekchala Pratima with authentic Sholar/Daker Saaj, traditional Kumari Puja, grand Bijoya Dashami Sindur Khela, and royal Dhunuchi Nach.",Visit early morning around 7:00 AM - 10:00 AM during Pushpanjali or late afternoon to experience tranquil heritage rituals without massive theme queues.
