id,name,area,address,latitude,longitude,image,walking_distance,nearest_metro,popularity,crowd_level,theme,description,rating,organizer,opening_time,closing_time
1,Ahiritola Jubak Brinda Durga Puja,North Kolkata,"Ahiritola Jubak Brinda Durga Puja, Ahiritola Jubak Brinda, North Kolkata, Kolkata, West Bengal, 700005, India",22.596201,88.358241,https://images.pujapath.in/pandals/ahiritola_jubak_brinda_durga_puja.jpg,500,Shobhabazar Sutanuti,9.1,High,Traditional Sabeki Protima & Cultural Bengal Heritage,"Famous Durga Puja celebration in North Kolkata, Kolkata featuring traditional rituals and vibrant community festivities.",4.5,,06:00 AM,12:00 AM
2,Amherst Sarbojanin Durgotsab,North Kolkata,"Amherst Sarbojanin Durgotsab, Amherst Durgotsab, North Kolkata, Kolkata, West Bengal, 700007, India",22.584012,88.367345,https://images.pujapath.in/pandals/amherst_sarbojanin_durgotsab.jpg,700,Mahatma Gandhi Road,7.4,Low,Traditional Sabeki Protima & Cultural Bengal Heritage,"Famous Durga Puja celebration in North Kolkata, Kolkata featuring traditional rituals and vibrant community festivities.",4.5,,06:00 AM,12:00 AM
3,Aswiningar Sarbojanin Durgotsav,North Kolkata,"Aswiningar Sarbojanin Durgotsav, Aswiningar, North Kolkata, Kolkata, West Bengal, 700004, India",22.612234,88.365123,https://images.pujapath.in/pandals/aswiningar_sarbojanin_durgotsav.jpg,900,Shyambazar,7.5,Low,Traditional Sabeki Protima & Cultural Bengal Heritage,"Famous Durga Puja celebration in North Kolkata, Kolkata featuring traditional rituals and vibrant community festivities.",4.5,,06:00 AM,12:00 AM
4,Baghbazar Palli Puja O Pradarshani,North Kolkata,"Baghbazar Palli Puja O Pradarshani, Baghbazar Palli Puja O Pradarshani, North Kolkata, Kolkata, West Bengal, 700004, India",22.603345,88.366289,https://images.pujapath.in/pandals/baghbazar_palli_puja_o_pradarshani.jpg,1100,Shyambazar,9.4,High,Traditional Sabeki Protima & Cultural Bengal Heritage,"Famous Durga Puja celebration in North Kolkata, Kolkata featuring traditional rituals and vibrant community festivities.",4.5,,06:00 AM,12:00 AM
5,Bandhudal Durgotsob,North Kolkata,"Bandhudal Durgotsob, Bandhudal Durgotsob, North Kolkata, Kolkata, West Bengal, 700004, India",22.603812,88.361534,https://images.pujapath.in/pandals/bandhudal_durgotsob.jpg,300,Shyambazar,7.7,Low,Traditional Sabeki Protima & Cultural Bengal Heritage,"Famous Durga Puja celebration in North Kolkata, Kolkata featuring traditional rituals and vibrant community festivities.",4.5,,06:00 AM,12:00 AM
6,Beadon Street Sarbojanin Durgotsav,North Kolkata,"Beadon Street Sarbojanin Durgotsav, Beadon Street, North Kolkata, Kolkata, West Bengal, 700004, India",22.611623,88.371745,https://images.pujapath.in/pandals/beadon_street_sarbojanin_durgotsav.jpg,500,Shyambazar,7.8,Low,Traditional Sabeki Protima & Cultural Bengal Heritage,"Famous Durga Puja celebration in North Kolkata, Kolkata featuring traditional rituals and vibrant community festivities.",4.5,,06:00 AM,12:00 AM
7,Belgachia Sadharan Durgotsab,North Kolkata,"Belgachia Sadharan Durgotsab, Belgachia Sadharan Durgotsab, North Kolkata, Kolkata, West Bengal, 700004, India",22.595412,88.381923,https://images.pujapath.in/pandals/belgachia_sadharan_durgotsab.jpg,700,Shyambazar,7.9,Low,Traditional Sabeki Protima & Cultural Bengal Heritage,"Famous Durga Puja celebration in North Kolkata, Kolkata featuring traditional rituals and vibrant community festivities.",4.5,,06:00 AM,12:00 AM
8,Belgachia Yuba Sammilani Durga Puja,North Kolkata,"Belgachia Yuba Sammilani Durga Puja, Belgachia Yuba Sammilani, North Kolkata, Kolkata, West Bengal, 700004, India",22.603234,88.368145,https://images.pujapath.in/pandals/belgachia_yuba_sammilani_durga_puja.jpg,900,Shyambazar,8.0,Moderate,Traditional Sabeki Protima & Cultural Bengal Heritage,"Famous Durga Puja celebration in North Kolkata, Kolkata featuring traditional rituals and vibrant community festivities.",4.5,,06:00 AM,12:00 AM
9,Bhagabati Park Durga Puja Committee,North Kolkata,"Bhagabati Park Durga Puja Committee, Bhagabati Park, North Kolkata, Kolkata, West Bengal, 700004, India",22.611012,88.378323,https://images.pujapath.in/pandals/bhagabati_park_durga_puja_committee.jpg,1100,Shyambazar,8.1,Moderate,Traditional Sabeki Protima & Cultural Bengal Heritage,"Famous Durga Puja celebration in North Kolkata, Kolkata featuring traditional rituals and vibrant community festivities.",4.5,,06:00 AM,12:00 AM
10,Bharatiya Tarun Sangha Durga Puja,North Kolkata,"Bharatiya Tarun Sangha Durga Puja, Bharatiya Tarun Sangha, North Kolkata, Kolkata, West Bengal, 700004, India",22.594823,88.364534,https://images.pujapath.in/pandals/bharatiya_tarun_sangha_durga_puja.jpg,300,Shyambazar,8.2,Moderate,Traditional Sabeki Protima & Cultural Bengal Heritage,"Famous Durga Puja celebration in North Kolkata, Kolkata featuring traditional rituals and vibrant community festivities.",4.5,,06:00 AM,12:00 AM
11,Brindaban Matri Mandir Durga Puja,North Kolkata,"Brindaban Matri Mandir Durga Puja, Brindaban Matri Mandir, North Kolkata, Kolkata, West Bengal, 700004, India",22.602645,88.374712,https://images.pujapath.in/pandals/brindaban_matri_mandir_durga_puja.jpg,500,Shyambazar,8.3,Moderate,Traditional Sabeki Protima & Cultural Bengal Heritage,"Famous Durga Puja celebration in North Kolkata, Kolkata featuring traditional rituals and vibrant community festivities.",4.5,,06:00 AM,12:00 AM
12,Calcutta Youth Forum,North Kolkata,"Calcutta Youth Forum, Calcutta Youth Forum, North Kolkata, Kolkata, West Bengal, 700004, India",22.610412,88.360934,https://images.pujapath.in/pandals/calcutta_youth_forum.jpg,700,Shyambazar,8.4,Moderate,Traditional Sabeki Protima & Cultural Bengal Heritage,"Famous Durga Puja celebration in North Kolkata, Kolkata featuring traditional rituals and vibrant community festivities.",4.5,,06:00 AM,12:00 AM
13,Campbagan Sadharan Durgotsav,North Kolkata,"Campbagan Sadharan Durgotsav, Campbagan Sadharan, North Kolkata, Kolkata, West Bengal, 700004, India",22.594234,88.371123,https://images.pujapath.in/pandals/campbagan_sadharan_durgotsav.jpg,900,Shyambazar,8.5,Moderate,Traditional Sabeki Protima & Cultural Bengal Heritage,"Famous Durga Puja celebration in North Kolkata, Kolkata featuring traditional rituals and vibrant community festivities.",4.5,,06:00 AM,12:00 AM
14,Chaltabagan Lohapatty Durga Puja,North Kolkata,"Chaltabagan Lohapatty Durga Puja, Chaltabagan Lohapatty, North Kolkata, Kolkata, West Bengal, 700006, India",22.584123,88.369512,https://images.pujapath.in/pandals/chaltabagan_lohapatty_durga_puja.jpg,1100,Girish Park,9.4,High,Traditional Sabeki Protima & Cultural Bengal Heritage,"Famous Durga Puja celebration in North Kolkata, Kolkata featuring traditional rituals and vibrant community festivities.",4.5,,06:00 AM,12:00 AM
15,Chorebagan Sarbojanin Durgotsab Samity,North Kolkata,"Chorebagan Sarbojanin Durgotsab Samity, Chorebagan Durgotsab Samity, North Kolkata, Kolkata, West Bengal, 700004, India",22.609845,88.367523,https://images.pujapath.in/pandals/chorebagan_sarbojanin_durgotsab_samity.jpg,300,Shyambazar,7.2,Low,Traditional Sabeki Protima & Cultural Bengal Heritage,"Famous Durga Puja celebration in North Kolkata, Kolkata featuring traditional rituals and vibrant community festivities.",4.5,,06:00 AM,12:00 AM
16,Cossipore Shakti Sangha Durga Puja,North Kolkata,"Cossipore Shakti Sangha Durga Puja, Cossipore Shakti Sangha, North Kolkata, Kolkata, West Bengal, 700004, India",22.593612,88.377734,https://images.pujapath.in/pandals/cossipore_shakti_sangha_durga_puja.jpg,500,Shyambazar,7.3,Low,Traditional Sabeki Protima & Cultural Bengal Heritage,"Famous Durga Puja celebration in North Kolkata, Kolkata featuring traditional rituals and vibrant community festivities.",4.5,,06:00 AM,12:00 AM
17,Dakshin Rabindrapally Sarbojanin Durga Puja,North Kolkata,"Dakshin Rabindrapally Sarbojanin Durga Puja, Dakshin Rabindrapally, North Kolkata, Kolkata, West Bengal, 700004, India",22.601423,88.363945,https://images.pujapath.in/pandals/dakshin_rabindrapally_sarbojanin_durga_puja.jpg,700,Shyambazar,7.4,Low,Traditional Sabeki Protima & Cultural Bengal Heritage,"Famous Durga Puja celebration in North Kolkata, Kolkata featuring traditional rituals and vibrant community festivities.",4.5,,06:00 AM,12:00 AM
18,Darjeepara Sarbojanin Durgotsab Samity,North Kolkata,"Darjeepara Sarbojanin Durgotsab Samity, Darjeepara Durgotsab Samity, North Kolkata, Kolkata, West Bengal, 700004, India",22.609212,88.374123,https://images.pujapath.in/pandals/darjeepara_sarbojanin_durgotsab_samity.jpg,900,Shyambazar,7.5,Low,Traditional Sabeki Protima & Cultural Bengal Heritage,"Famous Durga Puja celebration in North Kolkata, Kolkata featuring traditional rituals and vibrant community festivities.",4.5,,06:00 AM,12:00 AM
19,Deshbandhunagar Sarbojanin Durgotsab,North Kolkata,"Deshbandhunagar Sarbojanin Durgotsab, Deshbandhunagar Durgotsab, North Kolkata, Kolkata, West Bengal, 700055, India",22.614734,88.368112,https://images.pujapath.in/pandals/deshbandhunagar_sarbojanin_durgotsab.jpg,1100,Dum Dum,7.6,Low,Traditional Sabeki Protima & Cultural Bengal Heritage,"Famous Durga Puja celebration in North Kolkata, Kolkata featuring traditional rituals and vibrant community festivities.",4.5,,06:00 AM,12:00 AM
20,Dum Dum Park Bharat Chakra Durga Puja,North Kolkata,"Dum Dum Park Bharat Chakra Durga Puja, Dum Dum Park Bharat Chakra, North Kolkata, Kolkata, West Bengal, 700055, India",22.610512,88.399234,https://images.pujapath.in/pandals/dum_dum_park_bharat_chakra_durga_puja.jpg,300,Dum Dum,9.0,High,Traditional Sabeki Protima & Cultural Bengal Heritage,"Famous Durga Puja celebration in North Kolkata, Kolkata featuring traditional rituals and vibrant community festivities.",4.5,,06:00 AM,12:00 AM
21,Dum Dum Park Sarbojanin Durga Puja,North Kolkata,"Dum Dum Park Sarbojanin Durga Puja, Dum Dum Park, North Kolkata, Kolkata, West Bengal, 700055, India",22.630323,88.388545,https://images.pujapath.in/pandals/dum_dum_park_sarbojanin_durga_puja.jpg,500,Dum Dum,7.8,Low,Traditional Sabeki Protima & Cultural Bengal Heritage,"Famous Durga Puja celebration in North Kolkata, Kolkata featuring traditional rituals and vibrant community festivities.",4.5,,06:00 AM,12:00 AM
22,Goabagan Sarodatsav Sammilani Durga Puja,North Kolkata,"Goabagan Sarodatsav Sammilani Durga Puja, Goabagan Sarodatsav Sammilani, North Kolkata, Kolkata, West Bengal, 700004, India",22.592412,88.366934,https://images.pujapath.in/pandals/goabagan_sarodatsav_sammilani_durga_puja.jpg,700,Shyambazar,7.9,Low,Traditional Sabeki Protima & Cultural Bengal Heritage,"Famous Durga Puja celebration in North Kolkata, Kolkata featuring traditional rituals and vibrant community festivities.",4.5,,06:00 AM,12:00 AM
23,Golaghata Sammilani Durga Puja,North Kolkata,"Golaghata Sammilani Durga Puja, Golaghata Sammilani, North Kolkata, Kolkata, West Bengal, 700004, India",22.600234,88.377123,https://images.pujapath.in/pandals/golaghata_sammilani_durga_puja.jpg,900,Shyambazar,8.0,Moderate,Traditional Sabeki Protima & Cultural Bengal Heritage,"Famous Durga Puja celebration in North Kolkata, Kolkata featuring traditional rituals and vibrant community festivities.",4.5,,06:00 AM,12:00 AM
24,Grey Street Sarbojanin Durga Puja,North Kolkata,"Grey Street Sarbojanin Durga Puja, Grey Street, North Kolkata, Kolkata, West Bengal, 700004, India",22.608012,88.363345,https://images.pujapath.in/pandals/grey_street_sarbojanin_durga_puja.jpg,1100,Shyambazar,8.1,Moderate,Traditional Sabeki Protima & Cultural Bengal Heritage,"Famous Durga Puja celebration in North Kolkata, Kolkata featuring traditional rituals and vibrant community festivities.",4.5,,06:00 AM,12:00 AM
25,Halsibagan Sarbojanin Durgotsab,North Kolkata,"Halsibagan Sarbojanin Durgotsab, Halsibagan Durgotsab, North Kolkata, Kolkata, West Bengal, 700004, India",22.591823,88.373512,https://images.pujapath.in/pandals/halsibagan_sarbojanin_durgotsab.jpg,300,Shyambazar,8.2,Moderate,Traditional Sabeki Protima & Cultural Bengal Heritage,"Famous Durga Puja celebration in North Kolkata, Kolkata featuring traditional rituals and vibrant community festivities.",4.5,,06:00 AM,12:00 AM
26,Hari Ghosh Street Sarbojanin,North Kolkata,"Hari Ghosh Street Sarbojanin, Hari Ghosh Street, North Kolkata, Kolkata, West Bengal, 700004, India",22.599645,88.359734,https://images.pujapath.in/pandals/hari_ghosh_street_sarbojanin.jpg,500,Shyambazar,8.3,Moderate,Traditional Sabeki Protima & Cultural Bengal Heritage,"Famous Durga Puja celebration in North Kolkata, Kolkata featuring traditional rituals and vibrant community festivities.",4.5,,06:00 AM,12:00 AM
27,Hatibagan Nabinpally Sarbojanin Durgotsav,North Kolkata,"Hatibagan Nabinpally Sarbojanin Durgotsav, Hatibagan Nabinpally, North Kolkata, Kolkata, West Bengal, 700004, India",22.607412,88.369923,https://images.pujapath.in/pandals/hatibagan_nabinpally_sarbojanin_durgotsav.jpg,700,Shyambazar,8.4,Moderate,Traditional Sabeki Protima & Cultural Bengal Heritage,"Famous Durga Puja celebration in North Kolkata, Kolkata featuring traditional rituals and vibrant community festivities.",4.5,,06:00 AM,12:00 AM
28,Jagat Mukherjee Park Durga Puja,North Kolkata,"Jagat Mukherjee Park Durga Puja, Jagat Mukherjee Park, North Kolkata, Kolkata, West Bengal, 700005, India",22.598234,88.362145,https://images.pujapath.in/pandals/jagat_mukherjee_park_durga_puja.jpg,900,Shobhabazar Sutanuti,8.5,Moderate,Traditional Sabeki Protima & Cultural Bengal Heritage,"Famous Durga Puja celebration in North Kolkata, Kolkata featuring traditional rituals and vibrant community festivities.",4.5,,06:00 AM,12:00 AM
29,Jokermath Sarbojonin Durga Puja,North Kolkata,"Jokermath Sarbojonin Durga Puja, Jokermath Sarbojonin, North Kolkata, Kolkata, West Bengal, 700004, India",22.605212,88.372323,https://images.pujapath.in/pandals/jokermath_sarbojonin_durga_puja.jpg,1100,Shyambazar,8.6,Moderate,Traditional Sabeki Protima & Cultural Bengal Heritage,"Famous Durga Puja celebration in North Kolkata, Kolkata featuring traditional rituals and vibrant community festivities.",4.5,,06:00 AM,12:00 AM
30,Kailash Bose Street Durga Puja,North Kolkata,"Kailash Bose Street Durga Puja, Kailash Bose Street, North Kolkata, Kolkata, West Bengal, 700004, India",22.589045,88.365512,https://images.pujapath.in/pandals/kailash_bose_street_durga_puja.jpg,300,Shyambazar,7.2,Low,Traditional Sabeki Protima & Cultural Bengal Heritage,"Famous Durga Puja celebration in North Kolkata, Kolkata featuring traditional rituals and vibrant community festivities.",4.5,,06:00 AM,12:00 AM
31,Kankurgachi Sarbojanin Durgotsab,North Kolkata,"Kankurgachi Sarbojanin Durgotsab, Kankurgachi Durgotsab, North Kolkata, Kolkata, West Bengal, 700064, India",22.586823,88.375734,https://images.pujapath.in/pandals/kankurgachi_sarbojanin_durgotsab.jpg,500,City Centre,7.3,Low,Traditional Sabeki Protima & Cultural Bengal Heritage,"Famous Durga Puja celebration in North Kolkata, Kolkata featuring traditional rituals and vibrant community festivities.",4.5,,06:00 AM,12:00 AM
32,Kashi Bose Lane Durga Puja Committee,North Kolkata,"Kashi Bose Lane Durga Puja Committee, Kashi Bose Lane, North Kolkata, Kolkata, West Bengal, 700006, India",22.589234,88.368123,https://images.pujapath.in/pandals/kashi_bose_lane_durga_puja_committee.jpg,700,Girish Park,9.2,High,Traditional Sabeki Protima & Cultural Bengal Heritage,"Famous Durga Puja celebration in North Kolkata, Kolkata featuring traditional rituals and vibrant community festivities.",4.5,,06:00 AM,12:00 AM
33,Kumartuli Park Sarbojanin Durgotsab Committee,North Kolkata,"Kumartuli Park Sarbojanin Durgotsab Committee, Kumartuli Park Durgotsab, North Kolkata, Kolkata, West Bengal, 700005, India",22.599512,88.360145,https://images.pujapath.in/pandals/kumartuli_park_sarbojanin_durgotsab_committee.jpg,900,Shobhabazar Sutanuti,9.3,High,Traditional Sabeki Protima & Cultural Bengal Heritage,"Famous Durga Puja celebration in North Kolkata, Kolkata featuring traditional rituals and vibrant community festivities.",4.5,,06:00 AM,12:00 AM
34,Kumartuli Sarbojanin Durgotsab,North Kolkata,"Kumartuli Sarbojanin Durgotsab, Kumartuli Durgotsab, North Kolkata, Kolkata, West Bengal, 700005, India",22.598823,88.360534,https://images.pujapath.in/pandals/kumartuli_sarbojanin_durgotsab.jpg,1100,Shobhabazar Sutanuti,7.6,Low,Traditional Sabeki Protima & Cultural Bengal Heritage,"Famous Durga Puja celebration in North Kolkata, Kolkata featuring traditional rituals and vibrant community festivities.",4.5,,06:00 AM,12:00 AM
35,Lake View Park Sarbojanin Durgotsav Samity,North Kolkata,"Lake View Park Sarbojanin Durgotsav Samity, Lake View Park Samity, North Kolkata, Kolkata, West Bengal, 700004, India",22.608245,88.370712,https://images.pujapath.in/pandals/lake_view_park_sarbojanin_durgotsav_samity.jpg,300,Shyambazar,7.7,Low,Traditional Sabeki Protima & Cultural Bengal Heritage,"Famous Durga Puja celebration in North Kolkata, Kolkata featuring traditional rituals and vibrant community festivities.",4.5,,06:00 AM,12:00 AM
36,Mahalla Sarbojanin Durgautsab Samity,North Kolkata,"Mahalla Sarbojanin Durgautsab Samity, Mahalla Durgautsab Samity, North Kolkata, Kolkata, West Bengal, 700004, India",22.592012,88.356934,https://images.pujapath.in/pandals/mahalla_sarbojanin_durgautsab_samity.jpg,500,Shyambazar,7.8,Low,Traditional Sabeki Protima & Cultural Bengal Heritage,"Famous Durga Puja celebration in North Kolkata, Kolkata featuring traditional rituals and vibrant community festivities.",4.5,,06:00 AM,12:00 AM
37,Mitali Kankurgachi Durga Puja,North Kolkata,"Mitali Kankurgachi Durga Puja, Mitali Kankurgachi, North Kolkata, Kolkata, West Bengal, 700064, India",22.589834,88.367123,https://images.pujapath.in/pandals/mitali_kankurgachi_durga_puja.jpg,700,City Centre,7.9,Low,Traditional Sabeki Protima & Cultural Bengal Heritage,"Famous Durga Puja celebration in North Kolkata, Kolkata featuring traditional rituals and vibrant community festivities.",4.5,,06:00 AM,12:00 AM
38,Nalin Sarkar Street Sarbojanin Durgotsab,North Kolkata,"Nalin Sarkar Street Sarbojanin Durgotsab, Nalin Sarkar Street Durgotsab, North Kolkata, Kolkata, West Bengal, 700004, India",22.597612,88.377345,https://images.pujapath.in/pandals/nalin_sarkar_street_sarbojanin_durgotsab.jpg,900,Shyambazar,8.0,Moderate,Traditional Sabeki Protima & Cultural Bengal Heritage,"Famous Durga Puja celebration in North Kolkata, Kolkata featuring traditional rituals and vibrant community festivities.",4.5,,06:00 AM,12:00 AM
39,Nimtala Sarbojanin Durgotsab,North Kolkata,"Nimtala Sarbojanin Durgotsab, Nimtala Durgotsab, North Kolkata, Kolkata, West Bengal, 700004, India",22.595434,88.355212,https://images.pujapath.in/pandals/nimtala_sarbojanin_durgotsab.jpg,1100,Shyambazar,8.1,Moderate,Traditional Sabeki Protima & Cultural Bengal Heritage,"Famous Durga Puja celebration in North Kolkata, Kolkata featuring traditional rituals and vibrant community festivities.",4.5,,06:00 AM,12:00 AM
40,Sreebhumi Sporting Club Durga Puja,North Kolkata,"Sreebhumi Sporting Club Durga Puja, Sreebhumi Sporting, North Kolkata, Kolkata, West Bengal, 700004, India",22.599723,88.397612,https://images.pujapath.in/pandals/sreebhumi_sporting_club_durga_puja.jpg,300,Shyambazar,9.0,High,Traditional Sabeki Protima & Cultural Bengal Heritage,"Famous Durga Puja celebration in North Kolkata, Kolkata featuring traditional rituals and vibrant community festivities.",4.5,,06:00 AM,12:00 AM
41,Tala Barowari Durgotsab,North Kolkata,"Tala Barowari Durgotsab, Tala Barowari Durgotsab, North Kolkata, Kolkata, West Bengal, 700004, India",22.607512,88.375234,https://images.pujapath.in/pandals/tala_barowari_durgotsab.jpg,500,Shyambazar,9.1,High,Traditional Sabeki Protima & Cultural Bengal Heritage,"Famous Durga Puja celebration in North Kolkata, Kolkata featuring traditional rituals and vibrant community festivities.",4.5,,06:00 AM,12:00 AM
42,Tala Dakshin Pally Durgotsav Committee,North Kolkata,"Tala Dakshin Pally Durgotsav Committee, Tala Dakshin Pally, North Kolkata, Kolkata, West Bengal, 700004, India",22.606823,88.375612,https://images.pujapath.in/pandals/tala_dakshin_pally_durgotsav_committee.jpg,700,Shyambazar,8.4,Moderate,Traditional Sabeki Protima & Cultural Bengal Heritage,"Famous Durga Puja celebration in North Kolkata, Kolkata featuring traditional rituals and vibrant community festivities.",4.5,,06:00 AM,12:00 AM
43,Tala Park 15 Pally Durga Puja,North Kolkata,"Tala Park 15 Pally Durga Puja, Tala Park 15 Pally, North Kolkata, Kolkata, West Bengal, 700004, India",22.607145,88.374934,https://images.pujapath.in/pandals/tala_park_15_pally_durga_puja.jpg,900,Shyambazar,8.5,Moderate,Traditional Sabeki Protima & Cultural Bengal Heritage,"Famous Durga Puja celebration in North Kolkata, Kolkata featuring traditional rituals and vibrant community festivities.",4.5,,06:00 AM,12:00 AM
44,Telengabagan Sarbojanin Durgotsab,North Kolkata,"Telengabagan Sarbojanin Durgotsab, Telengabagan Durgotsab, North Kolkata, Kolkata, West Bengal, 700004, India",22.593212,88.382123,https://images.pujapath.in/pandals/telengabagan_sarbojanin_durgotsab.jpg,1100,Shyambazar,9.4,High,Traditional Sabeki Protima & Cultural Bengal Heritage,"Famous Durga Puja celebration in North Kolkata, Kolkata featuring traditional rituals and vibrant community festivities.",4.5,,06:00 AM,12:00 AM
45,Ultadanga Jagarani Sangha Durga Puja,North Kolkata,"Ultadanga Jagarani Sangha Durga Puja, Ultadanga Jagarani Sangha, North Kolkata, Kolkata, West Bengal, 700004, India",22.592534,88.382512,https://images.pujapath.in/pandals/ultadanga_jagarani_sangha_durga_puja.jpg,300,Shyambazar,7.2,Low,Traditional Sabeki Protima & Cultural Bengal Heritage,"Famous Durga Puja celebration in North Kolkata, Kolkata featuring traditional rituals and vibrant community festivities.",4.5,,06:00 AM,12:00 AM
46,Ultadanga Pallyshree Durga Puja,North Kolkata,"Ultadanga Pallyshree Durga Puja, Ultadanga Pallyshree, North Kolkata, Kolkata, West Bengal, 700004, India",22.592812,88.381834,https://images.pujapath.in/pandals/ultadanga_pallyshree_durga_puja.jpg,500,Shyambazar,7.3,Low,Traditional Sabeki Protima & Cultural Bengal Heritage,"Famous Durga Puja celebration in North Kolkata, Kolkata featuring traditional rituals and vibrant community festivities.",4.5,,06:00 AM,12:00 AM
47,Ultadanga Sangrami Durga Puja,North Kolkata,"Ultadanga Sangrami Durga Puja, Ultadanga Sangrami, North Kolkata, Kolkata, West Bengal, 700004, India",22.593045,88.382212,https://images.pujapath.in/pandals/ultadanga_sangrami_durga_puja.jpg,700,Shyambazar,7.4,Low,Traditional Sabeki Protima & Cultural Bengal Heritage,"Famous Durga Puja celebration in North Kolkata, Kolkata featuring traditional rituals and vibrant community festivities.",4.5,,06:00 AM,12:00 AM
48,Young Citizens Club Durga Puja,North Kolkata,"Young Citizens Club Durga Puja, Young Citizens, North Kolkata, Kolkata, West Bengal, 700004, India",22.598623,88.372434,https://images.pujapath.in/pandals/young_citizens_club_durga_puja.jpg,900,Shyambazar,7.5,Low,Traditional Sabeki Protima & Cultural Bengal Heritage,"Famous Durga Puja celebration in North Kolkata, Kolkata featuring traditional rituals and vibrant community festivities.",4.5,,06:00 AM,12:00 AM
49,21 Pally Sarbojanin Durgotsab Samiti,South Kolkata,"21 Pally Sarbojanin Durgotsab Samiti, 21 Pally Durgotsab Samiti, South Kolkata, Kolkata, West Bengal, 700026, India",22.528012,88.349023,https://images.pujapath.in/pandals/21_pally_sarbojanin_durgotsab_samiti.jpg,1100,Kalighat,7.6,Low,Traditional Sabeki Protima & Cultural Bengal Heritage,"Famous Durga Puja celebration in South Kolkata, Kolkata featuring traditional rituals and vibrant community festivities.",4.5,,06:00 AM,12:00 AM
50,22 Palli Sarodotsav,South Kolkata,"22 Palli Sarodotsav, 22 Palli Sarodotsav, South Kolkata, Kolkata, West Bengal, 700026, India",22.527334,88.349412,https://images.pujapath.in/pandals/22_palli_sarodotsav.jpg,300,Kalighat,7.7,Low,Traditional Sabeki Protima & Cultural Bengal Heritage,"Famous Durga Puja celebration in South Kolkata, Kolkata featuring traditional rituals and vibrant community festivities.",4.5,,06:00 AM,12:00 AM
51,25 Pally Durga Puja,South Kolkata,"25 Pally Durga Puja, 25 Pally, South Kolkata, Kolkata, West Bengal, 700026, India",22.526645,88.348734,https://images.pujapath.in/pandals/25_pally_durga_puja.jpg,500,Kalighat,7.8,Low,Traditional Sabeki Protima & Cultural Bengal Heritage,"Famous Durga Puja celebration in South Kolkata, Kolkata featuring traditional rituals and vibrant community festivities.",4.5,,06:00 AM,12:00 AM
52,64 Pally Durgotsab Committee,South Kolkata,"64 Pally Durgotsab Committee, 64 Pally Durgotsab, South Kolkata, Kolkata, West Bengal, 700026, India",22.521012,88.347023,https://images.pujapath.in/pandals/64_pally_durgotsab_committee.jpg,700,Kalighat,7.9,Low,Traditional Sabeki Protima & Cultural Bengal Heritage,"Famous Durga Puja celebration in South Kolkata, Kolkata featuring traditional rituals and vibrant community festivities.",4.5,,06:00 AM,12:00 AM
53,66 Pally Sarbojanin Durgotsab Committee,South Kolkata,"66 Pally Sarbojanin Durgotsab Committee, 66 Pally Durgotsab, South Kolkata, Kolkata, West Bengal, 700026, India",22.520712,88.346934,https://images.pujapath.in/pandals/66_pally_sarbojanin_durgotsab_committee.jpg,900,Kalighat,9.3,High,Traditional Sabeki Protima & Cultural Bengal Heritage,"Famous Durga Puja celebration in South Kolkata, Kolkata featuring traditional rituals and vibrant community festivities.",4.5,,06:00 AM,12:00 AM
54,70 Pally Sarbojanin Durga Puja,South Kolkata,"70 Pally Sarbojanin Durga Puja, 70 Pally, South Kolkata, Kolkata, West Bengal, 700026, India",22.521434,88.346312,https://images.pujapath.in/pandals/70_pally_sarbojanin_durga_puja.jpg,1100,Kalighat,8.1,Moderate,Traditional Sabeki Protima & Cultural Bengal Heritage,"Famous Durga Puja celebration in South Kolkata, Kolkata featuring traditional rituals and vibrant community festivities.",4.5,,06:00 AM,12:00 AM
55,95 Pally Jodhpur Park Durga Puja,South Kolkata,"95 Pally Jodhpur Park Durga Puja, 95 Pally Jodhpur Park, South Kolkata, Kolkata, West Bengal, 700029, India",22.502812,88.365023,https://images.pujapath.in/pandals/95_pally_jodhpur_park_durga_puja.jpg,300,Rabindra Sarobar,9.5,Extremely High,Traditional Sabeki Protima & Cultural Bengal Heritage,"Famous Durga Puja celebration in South Kolkata, Kolkata featuring traditional rituals and vibrant community festivities.",4.5,,06:00 AM,12:00 AM
56,Abasar Sarbojanin Durgotsab Committee,South Kolkata,"Abasar Sarbojanin Durgotsab Committee, Abasar Durgotsab, South Kolkata, Kolkata, West Bengal, 700026, India",22.525034,88.345012,https://images.pujapath.in/pandals/abasar_sarbojanin_durgotsab_committee.jpg,500,Kalighat,8.3,Moderate,Traditional Sabeki Protima & Cultural Bengal Heritage,"Famous Durga Puja celebration in South Kolkata, Kolkata featuring traditional rituals and vibrant community festivities.",4.5,,06:00 AM,12:00 AM
57,Abasorika Durgotsav Committee,South Kolkata,"Abasorika Durgotsav Committee, Abasorika, South Kolkata, Kolkata, West Bengal, 700026, India",22.524312,88.345434,https://images.pujapath.in/pandals/abasorika_durgotsav_committee.jpg,700,Kalighat,8.4,Moderate,Traditional Sabeki Protima & Cultural Bengal Heritage,"Famous Durga Puja celebration in South Kolkata, Kolkata featuring traditional rituals and vibrant community festivities.",4.5,,06:00 AM,12:00 AM
58,Adi Ballygunge Sarbojanin Durga Puja,South Kolkata,"Adi Ballygunge Sarbojanin Durga Puja, Adi Ballygunge, South Kolkata, Kolkata, West Bengal, 700026, India",22.521823,88.363012,https://images.pujapath.in/pandals/adi_ballygunge_sarbojanin_durga_puja.jpg,900,Kalighat,8.5,Moderate,Traditional Sabeki Protima & Cultural Bengal Heritage,"Famous Durga Puja celebration in South Kolkata, Kolkata featuring traditional rituals and vibrant community festivities.",4.5,,06:00 AM,12:00 AM
59,Adi Dakshin Kalikata Barowari Samittee,South Kolkata,"Adi Dakshin Kalikata Barowari Samittee, Adi Dakshin Kalikata Barowari Samittee, South Kolkata, Kolkata, West Bengal, 700025, India",22.519045,88.344023,https://images.pujapath.in/pandals/adi_dakshin_kalikata_barowari_samittee.jpg,1100,Netaji Bhavan,8.6,Moderate,Traditional Sabeki Protima & Cultural Bengal Heritage,"Famous Durga Puja celebration in South Kolkata, Kolkata featuring traditional rituals and vibrant community festivities.",4.5,,06:00 AM,12:00 AM
60,Agradut Udaya Sangha Durga Puja,South Kolkata,"Agradut Udaya Sangha Durga Puja, Agradut Udaya Sangha, South Kolkata, Kolkata, West Bengal, 700026, India",22.518312,88.344412,https://images.pujapath.in/pandals/agradut_udaya_sangha_durga_puja.jpg,300,Kalighat,7.2,Low,Traditional Sabeki Protima & Cultural Bengal Heritage,"Famous Durga Puja celebration in South Kolkata, Kolkata featuring traditional rituals and vibrant community festivities.",4.5,,06:00 AM,12:00 AM
61,Arunodaya Adhibashi Brinder Durga Puja,South Kolkata,"Arunodaya Adhibashi Brinder Durga Puja, Arunodaya Adhibashi Brinder, South Kolkata, Kolkata, West Bengal, 700026, India",22.517634,88.343734,https://images.pujapath.in/pandals/arunodaya_adhibashi_brinder_durga_puja.jpg,500,Kalighat,7.3,Low,Traditional Sabeki Protima & Cultural Bengal Heritage,"Famous Durga Puja celebration in South Kolkata, Kolkata featuring traditional rituals and vibrant community festivities.",4.5,,06:00 AM,12:00 AM
62,Babu Bagan Durga Puja,South Kolkata,"Babu Bagan Durga Puja, Babu Bagan, South Kolkata, Kolkata, West Bengal, 700026, India",22.504012,88.367023,https://images.pujapath.in/pandals/babu_bagan_durga_puja.jpg,700,Kalighat,9.2,High,Traditional Sabeki Protima & Cultural Bengal Heritage,"Famous Durga Puja celebration in South Kolkata, Kolkata featuring traditional rituals and vibrant community festivities.",4.5,,06:00 AM,12:00 AM
63,Badamtala Ashar Sangha Durga Puja,South Kolkata,"Badamtala Ashar Sangha Durga Puja, Badamtala Ashar Sangha, South Kolkata, Kolkata, West Bengal, 700026, India",22.520423,88.347812,https://images.pujapath.in/pandals/badamtala_ashar_sangha_durga_puja.jpg,900,Kalighat,9.3,High,Traditional Sabeki Protima & Cultural Bengal Heritage,"Famous Durga Puja celebration in South Kolkata, Kolkata featuring traditional rituals and vibrant community festivities.",4.5,,06:00 AM,12:00 AM
64,Baghajatin B and C Block Durgotsav Committee,South Kolkata,"Baghajatin B and C Block Durgotsav Committee, Baghajatin B and C Block, South Kolkata, Kolkata, West Bengal, 700047, India",22.485012,88.369023,https://images.pujapath.in/pandals/baghajatin_b_and_c_block_durgotsav_committee.jpg,1100,Masterda Surya Sen,7.6,Low,Traditional Sabeki Protima & Cultural Bengal Heritage,"Famous Durga Puja celebration in South Kolkata, Kolkata featuring traditional rituals and vibrant community festivities.",4.5,,06:00 AM,12:00 AM
65,Baghajatin Tarun Sangha Durgotsav,South Kolkata,"Baghajatin Tarun Sangha Durgotsav, Baghajatin Tarun Sangha, South Kolkata, Kolkata, West Bengal, 700047, India",22.484334,88.369412,https://images.pujapath.in/pandals/baghajatin_tarun_sangha_durgotsav.jpg,300,Masterda Surya Sen,7.7,Low,Traditional Sabeki Protima & Cultural Bengal Heritage,"Famous Durga Puja celebration in South Kolkata, Kolkata featuring traditional rituals and vibrant community festivities.",4.5,,06:00 AM,12:00 AM
66,Baishnabghata Paschimpara Sarbojanin Durgotsab,South Kolkata,"Baishnabghata Paschimpara Sarbojanin Durgotsab, Baishnabghata Paschimpara Durgotsab, South Kolkata, Kolkata, West Bengal, 700026, India",22.476012,88.371023,https://images.pujapath.in/pandals/baishnabghata_paschimpara_sarbojanin_durgotsab.jpg,500,Kalighat,7.8,Low,Traditional Sabeki Protima & Cultural Bengal Heritage,"Famous Durga Puja celebration in South Kolkata, Kolkata featuring traditional rituals and vibrant community festivities.",4.5,,06:00 AM,12:00 AM
67,Ballygunge Cultural Association Durga Puja,South Kolkata,"Ballygunge Cultural Association Durga Puja, Ballygunge Cultural Association, South Kolkata, Kolkata, West Bengal, 700026, India",22.519823,88.364012,https://images.pujapath.in/pandals/ballygunge_cultural_association_durga_puja.jpg,700,Kalighat,9.7,Extremely High,Traditional Sabeki Protima & Cultural Bengal Heritage,"Famous Durga Puja celebration in South Kolkata, Kolkata featuring traditional rituals and vibrant community festivities.",4.5,,06:00 AM,12:00 AM
68,Ballygunge Pally Sarbojanin Durgotsab Committee,South Kolkata,"Ballygunge Pally Sarbojanin Durgotsab Committee, Ballygunge Pally Durgotsab, South Kolkata, Kolkata, West Bengal, 700026, India",22.519145,88.364434,https://images.pujapath.in/pandals/ballygunge_pally_sarbojanin_durgotsab_committee.jpg,900,Kalighat,8.0,Moderate,Traditional Sabeki Protima & Cultural Bengal Heritage,"Famous Durga Puja celebration in South Kolkata, Kolkata featuring traditional rituals and vibrant community festivities.",4.5,,06:00 AM,12:00 AM
69,Bansdroni Sammilita Sarbojanin Durgotsab Committee,South Kolkata,"Bansdroni Sammilita Sarbojanin Durgotsab Committee, Bansdroni Sammilita Durgotsab, South Kolkata, Kolkata, West Bengal, 700047, India",22.468012,88.361023,https://images.pujapath.in/pandals/bansdroni_sammilita_sarbojanin_durgotsab_committee.jpg,1100,Masterda Surya Sen,8.1,Moderate,Traditional Sabeki Protima & Cultural Bengal Heritage,"Famous Durga Puja celebration in South Kolkata, Kolkata featuring traditional rituals and vibrant community festivities.",4.5,,06:00 AM,12:00 AM
70,Bediadanga Sarbojanin Durgotsav Committee,South Kolkata,"Bediadanga Sarbojanin Durgotsav Committee, Bediadanga, South Kolkata, Kolkata, West Bengal, 700026, India",22.511012,88.381023,https://images.pujapath.in/pandals/bediadanga_sarbojanin_durgotsav_committee.jpg,300,Kalighat,8.2,Moderate,Traditional Sabeki Protima & Cultural Bengal Heritage,"Famous Durga Puja celebration in South Kolkata, Kolkata featuring traditional rituals and vibrant community festivities.",4.5,,06:00 AM,12:00 AM
71,Beltala Sarbojanin Durgotsab,South Kolkata,"Beltala Sarbojanin Durgotsab, Beltala Durgotsab, South Kolkata, Kolkata, West Bengal, 700026, India",22.527012,88.347023,https://images.pujapath.in/pandals/beltala_sarbojanin_durgotsab.jpg,500,Kalighat,8.3,Moderate,Traditional Sabeki Protima & Cultural Bengal Heritage,"Famous Durga Puja celebration in South Kolkata, Kolkata featuring traditional rituals and vibrant community festivities.",4.5,,06:00 AM,12:00 AM
72,Bengal United Club Durga Puja,South Kolkata,"Bengal United Club Durga Puja, Bengal United, South Kolkata, Kolkata, West Bengal, 700026, India",22.526334,88.347412,https://images.pujapath.in/pandals/bengal_united_club_durga_puja.jpg,700,Kalighat,8.4,Moderate,Traditional Sabeki Protima & Cultural Bengal Heritage,"Famous Durga Puja celebration in South Kolkata, Kolkata featuring traditional rituals and vibrant community festivities.",4.5,,06:00 AM,12:00 AM
73,Bhawanipore Mahapuja Samity,South Kolkata,"Bhawanipore Mahapuja Samity, Bhawanipore Mahapuja Samity, South Kolkata, Kolkata, West Bengal, 700025, India",22.535012,88.348023,https://images.pujapath.in/pandals/bhawanipore_mahapuja_samity.jpg,900,Netaji Bhavan,8.5,Moderate,Traditional Sabeki Protima & Cultural Bengal Heritage,"Famous Durga Puja celebration in South Kolkata, Kolkata featuring traditional rituals and vibrant community festivities.",4.5,,06:00 AM,12:00 AM
74,Bhowanipore De Bari Durga Puja,South Kolkata,"Bhowanipore De Bari Durga Puja, Bhowanipore De Bari, South Kolkata, Kolkata, West Bengal, 700025, India",22.534334,88.348412,https://images.pujapath.in/pandals/bhowanipore_de_bari_durga_puja.jpg,1100,Netaji Bhavan,8.6,Moderate,Traditional Sabeki Protima & Cultural Bengal Heritage,"Famous Durga Puja celebration in South Kolkata, Kolkata featuring traditional rituals and vibrant community festivities.",4.5,,06:00 AM,12:00 AM
75,Bhowanipore Mitra Bari Durga Puja,South Kolkata,"Bhowanipore Mitra Bari Durga Puja, Bhowanipore Mitra Bari, South Kolkata, Kolkata, West Bengal, 700025, India",22.533645,88.347734,https://images.pujapath.in/pandals/bhowanipore_mitra_bari_durga_puja.jpg,300,Netaji Bhavan,7.2,Low,Traditional Sabeki Protima & Cultural Bengal Heritage,"Famous Durga Puja celebration in South Kolkata, Kolkata featuring traditional rituals and vibrant community festivities.",4.5,,06:00 AM,12:00 AM
76,Bhowanipur 75 Palli Durga Puja,South Kolkata,"Bhowanipur 75 Palli Durga Puja, Bhowanipur 75 Palli, South Kolkata, Kolkata, West Bengal, 700025, India",22.532012,88.347023,https://images.pujapath.in/pandals/bhowanipur_75_palli_durga_puja.jpg,500,Netaji Bhavan,7.3,Low,Traditional Sabeki Protima & Cultural Bengal Heritage,"Famous Durga Puja celebration in South Kolkata, Kolkata featuring traditional rituals and vibrant community festivities.",4.5,,06:00 AM,12:00 AM
77,Bhowanipur Muktadal Durga Puja,South Kolkata,"Bhowanipur Muktadal Durga Puja, Bhowanipur Muktadal, South Kolkata, Kolkata, West Bengal, 700025, India",22.531334,88.347412,https://images.pujapath.in/pandals/bhowanipur_muktadal_durga_puja.jpg,700,Netaji Bhavan,7.4,Low,Traditional Sabeki Protima & Cultural Bengal Heritage,"Famous Durga Puja celebration in South Kolkata, Kolkata featuring traditional rituals and vibrant community festivities.",4.5,,06:00 AM,12:00 AM
78,Bhowanipur Ritwik Club Durga Puja Committee,South Kolkata,"Bhowanipur Ritwik Club Durga Puja Committee, Bhowanipur Ritwik, South Kolkata, Kolkata, West Bengal, 700025, India",22.530645,88.346734,https://images.pujapath.in/pandals/bhowanipur_ritwik_club_durga_puja_committee.jpg,900,Netaji Bhavan,7.5,Low,Traditional Sabeki Protima & Cultural Bengal Heritage,"Famous Durga Puja celebration in South Kolkata, Kolkata featuring traditional rituals and vibrant community festivities.",4.5,,06:00 AM,12:00 AM
79,Bhowanipur Sarbojanin Durgotsav,South Kolkata,"Bhowanipur Sarbojanin Durgotsav, Bhowanipur, South Kolkata, Kolkata, West Bengal, 700025, India",22.529012,88.346023,https://images.pujapath.in/pandals/bhowanipur_sarbojanin_durgotsav.jpg,1100,Netaji Bhavan,7.6,Low,Traditional Sabeki Protima & Cultural Bengal Heritage,"Famous Durga Puja celebration in South Kolkata, Kolkata featuring traditional rituals and vibrant community festivities.",4.5,,06:00 AM,12:00 AM
80,Bhowanipur Students Club Sarbojanin Durga Puja,South Kolkata,"Bhowanipur Students Club Sarbojanin Durga Puja, Bhowanipur Students, South Kolkata, Kolkata, West Bengal, 700025, India",22.528334,88.346412,https://images.pujapath.in/pandals/bhowanipur_students_club_sarbojanin_durga_puja.jpg,300,Netaji Bhavan,7.7,Low,Traditional Sabeki Protima & Cultural Bengal Heritage,"Famous Durga Puja celebration in South Kolkata, Kolkata featuring traditional rituals and vibrant community festivities.",4.5,,06:00 AM,12:00 AM
81,Bhowanipur Swadhin Sangha Durga Puja,South Kolkata,"Bhowanipur Swadhin Sangha Durga Puja, Bhowanipur Swadhin Sangha, South Kolkata, Kolkata, West Bengal, 700025, India",22.527645,88.345734,https://images.pujapath.in/pandals/bhowanipur_swadhin_sangha_durga_puja.jpg,500,Netaji Bhavan,7.8,Low,Traditional Sabeki Protima & Cultural Bengal Heritage,"Famous Durga Puja celebration in South Kolkata, Kolkata featuring traditional rituals and vibrant community festivities.",4.5,,06:00 AM,12:00 AM
82,Bhowanipur Udayan Club Durga Puja,South Kolkata,"Bhowanipur Udayan Club Durga Puja, Bhowanipur Udayan, South Kolkata, Kolkata, West Bengal, 700025, India",22.526012,88.345023,https://images.pujapath.in/pandals/bhowanipur_udayan_club_durga_puja.jpg,700,Netaji Bhavan,7.9,Low,Traditional Sabeki Protima & Cultural Bengal Heritage,"Famous Durga Puja celebration in South Kolkata, Kolkata featuring traditional rituals and vibrant community festivities.",4.5,,06:00 AM,12:00 AM
83,Chetla Agrani Club Durga Puja,South Kolkata,"Chetla Agrani Club Durga Puja, Chetla Agrani, South Kolkata, Kolkata, West Bengal, 700026, India",22.522234,88.339212,https://images.pujapath.in/pandals/chetla_agrani_club_durga_puja.jpg,900,Kalighat,9.3,High,Traditional Sabeki Protima & Cultural Bengal Heritage,"Famous Durga Puja celebration in South Kolkata, Kolkata featuring traditional rituals and vibrant community festivities.",4.5,,06:00 AM,12:00 AM
84,Chetla Sarbasadharaner Durgotsab,South Kolkata,"Chetla Sarbasadharaner Durgotsab, Chetla Sarbasadharaner Durgotsab, South Kolkata, Kolkata, West Bengal, 700026, India",22.521512,88.339634,https://images.pujapath.in/pandals/chetla_sarbasadharaner_durgotsab.jpg,1100,Kalighat,8.1,Moderate,Traditional Sabeki Protima & Cultural Bengal Heritage,"Famous Durga Puja celebration in South Kolkata, Kolkata featuring traditional rituals and vibrant community festivities.",4.5,,06:00 AM,12:00 AM
85,Dakshin Kolkata Sarbojanin Durgotsab,South Kolkata,"Dakshin Kolkata Sarbojanin Durgotsab, Dakshin Kolkata Durgotsab, South Kolkata, Kolkata, West Bengal, 700026, India",22.518012,88.349023,https://images.pujapath.in/pandals/dakshin_kolkata_sarbojanin_durgotsab.jpg,300,Kalighat,8.2,Moderate,Traditional Sabeki Protima & Cultural Bengal Heritage,"Famous Durga Puja celebration in South Kolkata, Kolkata featuring traditional rituals and vibrant community festivities.",4.5,,06:00 AM,12:00 AM
86,Deshapriya Park Durga Puja,South Kolkata,"Deshapriya Park Durga Puja, Deshapriya Park, South Kolkata, Kolkata, West Bengal, 700026, India",22.518123,88.354612,https://images.pujapath.in/pandals/deshapriya_park_durga_puja.jpg,500,Kalighat,9.6,Extremely High,Traditional Sabeki Protima & Cultural Bengal Heritage,"Famous Durga Puja celebration in South Kolkata, Kolkata featuring traditional rituals and vibrant community festivities.",4.5,,06:00 AM,12:00 AM
87,Dhakuria Pragati Sangha Durga Puja,South Kolkata,"Dhakuria Pragati Sangha Durga Puja, Dhakuria Pragati Sangha, South Kolkata, Kolkata, West Bengal, 700029, India",22.506012,88.368023,https://images.pujapath.in/pandals/dhakuria_pragati_sangha_durga_puja.jpg,700,Rabindra Sarobar,8.4,Moderate,Traditional Sabeki Protima & Cultural Bengal Heritage,"Famous Durga Puja celebration in South Kolkata, Kolkata featuring traditional rituals and vibrant community festivities.",4.5,,06:00 AM,12:00 AM
88,Dhakuria Sarbojanin Durgotsab,South Kolkata,"Dhakuria Sarbojanin Durgotsab, Dhakuria Durgotsab, South Kolkata, Kolkata, West Bengal, 700029, India",22.505334,88.368412,https://images.pujapath.in/pandals/dhakuria_sarbojanin_durgotsab.jpg,900,Rabindra Sarobar,8.5,Moderate,Traditional Sabeki Protima & Cultural Bengal Heritage,"Famous Durga Puja celebration in South Kolkata, Kolkata featuring traditional rituals and vibrant community festivities.",4.5,,06:00 AM,12:00 AM
89,Ekdalia Evergreen Club Durga Puja,South Kolkata,"Ekdalia Evergreen Club Durga Puja, Ekdalia Evergreen, South Kolkata, Kolkata, West Bengal, 700026, India",22.518612,88.366934,https://images.pujapath.in/pandals/ekdalia_evergreen_club_durga_puja.jpg,1100,Kalighat,9.9,Extremely High,Traditional Sabeki Protima & Cultural Bengal Heritage,"Famous Durga Puja celebration in South Kolkata, Kolkata featuring traditional rituals and vibrant community festivities.",4.5,,06:00 AM,12:00 AM
90,Falguni Sangha Durga Puja,South Kolkata,"Falguni Sangha Durga Puja, Falguni Sangha, South Kolkata, Kolkata, West Bengal, 700026, India",22.516012,88.357023,https://images.pujapath.in/pandals/falguni_sangha_durga_puja.jpg,300,Kalighat,7.2,Low,Traditional Sabeki Protima & Cultural Bengal Heritage,"Famous Durga Puja celebration in South Kolkata, Kolkata featuring traditional rituals and vibrant community festivities.",4.5,,06:00 AM,12:00 AM
91,Garfa Sarbojanin Durgotsav,South Kolkata,"Garfa Sarbojanin Durgotsav, Garfa, South Kolkata, Kolkata, West Bengal, 700084, India",22.501012,88.375023,https://images.pujapath.in/pandals/garfa_sarbojanin_durgotsav.jpg,500,Kavi Nazrul,7.3,Low,Traditional Sabeki Protima & Cultural Bengal Heritage,"Famous Durga Puja celebration in South Kolkata, Kolkata featuring traditional rituals and vibrant community festivities.",4.5,,06:00 AM,12:00 AM
92,Golpark Sarbojanin Durgotsab Committee,South Kolkata,"Golpark Sarbojanin Durgotsab Committee, Golpark Durgotsab, South Kolkata, Kolkata, West Bengal, 700026, India",22.514012,88.363023,https://images.pujapath.in/pandals/golpark_sarbojanin_durgotsab_committee.jpg,700,Kalighat,7.4,Low,Traditional Sabeki Protima & Cultural Bengal Heritage,"Famous Durga Puja celebration in South Kolkata, Kolkata featuring traditional rituals and vibrant community festivities.",4.5,,06:00 AM,12:00 AM
93,Gopal Nagar Kalyan Sangha Durga Puja,South Kolkata,"Gopal Nagar Kalyan Sangha Durga Puja, Gopal Nagar Kalyan Sangha, South Kolkata, Kolkata, West Bengal, 700026, India",22.523012,88.334023,https://images.pujapath.in/pandals/gopal_nagar_kalyan_sangha_durga_puja.jpg,900,Kalighat,7.5,Low,Traditional Sabeki Protima & Cultural Bengal Heritage,"Famous Durga Puja celebration in South Kolkata, Kolkata featuring traditional rituals and vibrant community festivities.",4.5,,06:00 AM,12:00 AM
94,Harish Park Sarbojanin Durgotsab Samity,South Kolkata,"Harish Park Sarbojanin Durgotsab Samity, Harish Park Durgotsab Samity, South Kolkata, Kolkata, West Bengal, 700025, India",22.531012,88.349023,https://images.pujapath.in/pandals/harish_park_sarbojanin_durgotsab_samity.jpg,1100,Netaji Bhavan,7.6,Low,Traditional Sabeki Protima & Cultural Bengal Heritage,"Famous Durga Puja celebration in South Kolkata, Kolkata featuring traditional rituals and vibrant community festivities.",4.5,,06:00 AM,12:00 AM
95,Hindustan Pally Durga Puja Committee,South Kolkata,"Hindustan Pally Durga Puja Committee, Hindustan Pally, South Kolkata, Kolkata, West Bengal, 700026, India",22.517012,88.361023,https://images.pujapath.in/pandals/hindustan_pally_durga_puja_committee.jpg,300,Kalighat,7.7,Low,Traditional Sabeki Protima & Cultural Bengal Heritage,"Famous Durga Puja celebration in South Kolkata, Kolkata featuring traditional rituals and vibrant community festivities.",4.5,,06:00 AM,12:00 AM
96,Jubamaitry Kalighat Durga Puja,South Kolkata,"Jubamaitry Kalighat Durga Puja, Jubamaitry Kalighat, South Kolkata, Kolkata, West Bengal, 700026, India",22.521212,88.345234,https://images.pujapath.in/pandals/jubamaitry_kalighat_durga_puja.jpg,500,Kalighat,7.8,Low,Traditional Sabeki Protima & Cultural Bengal Heritage,"Famous Durga Puja celebration in South Kolkata, Kolkata featuring traditional rituals and vibrant community festivities.",4.5,,06:00 AM,12:00 AM
97,Kalighat Nepal Bhattacharjee Street Club,South Kolkata,"Kalighat Nepal Bhattacharjee Street Club, Kalighat Nepal Bhattacharjee Street, South Kolkata, Kolkata, West Bengal, 700026, India",22.520534,88.347212,https://images.pujapath.in/pandals/kalighat_nepal_bhattacharjee_street_club.jpg,700,Kalighat,7.9,Low,Traditional Sabeki Protima & Cultural Bengal Heritage,"Famous Durga Puja celebration in South Kolkata, Kolkata featuring traditional rituals and vibrant community festivities.",4.5,,06:00 AM,12:00 AM
98,Kasba R.K. Chatterjee Road Adhibasi Brinda Durga Puja,South Kolkata,"Kasba R.K. Chatterjee Road Adhibasi Brinda Durga Puja, Kasba R.K. Chatterjee Road Adhibasi Brinda, South Kolkata, Kolkata, West Bengal, 700026, India",22.513012,88.384023,https://images.pujapath.in/pandals/kasba_rk_chatterjee_road_adhibasi_brinda_durga_puja.jpg,900,Kalighat,8.0,Moderate,Traditional Sabeki Protima & Cultural Bengal Heritage,"Famous Durga Puja celebration in South Kolkata, Kolkata featuring traditional rituals and vibrant community festivities.",4.5,,06:00 AM,12:00 AM
99,Kasba Renaissance Club,South Kolkata,"Kasba Renaissance Club, Kasba Renaissance, South Kolkata, Kolkata, West Bengal, 700026, India",22.512334,88.384412,https://images.pujapath.in/pandals/kasba_renaissance_club.jpg,1100,Kalighat,8.1,Moderate,Traditional Sabeki Protima & Cultural Bengal Heritage,"Famous Durga Puja celebration in South Kolkata, Kolkata featuring traditional rituals and vibrant community festivities.",4.5,,06:00 AM,12:00 AM
100,Kasba Shakti Sangha Pallybasi Durgotsav Samity,South Kolkata,"Kasba Shakti Sangha Pallybasi Durgotsav Samity, Kasba Shakti Sangha Pallybasi Samity, South Kolkata, Kolkata, West Bengal, 700026, India",22.511645,88.383734,https://images.pujapath.in/pandals/kasba_shakti_sangha_pallybasi_durgotsav_samity.jpg,300,Kalighat,8.2,Moderate,Traditional Sabeki Protima & Cultural Bengal Heritage,"Famous Durga Puja celebration in South Kolkata, Kolkata featuring traditional rituals and vibrant community festivities.",4.5,,06:00 AM,12:00 AM
101,Ketopole Sammilani Durga Puja,South Kolkata,"Ketopole Sammilani Durga Puja, Ketopole Sammilani, South Kolkata, Kolkata, West Bengal, 700026, India",22.508012,88.338023,https://images.pujapath.in/pandals/ketopole_sammilani_durga_puja.jpg,500,Kalighat,8.3,Moderate,Traditional Sabeki Protima & Cultural Bengal Heritage,"Famous Durga Puja celebration in South Kolkata, Kolkata featuring traditional rituals and vibrant community festivities.",4.5,,06:00 AM,12:00 AM
102,Keyatala Pally Samity Durga Puja,South Kolkata,"Keyatala Pally Samity Durga Puja, Keyatala Pally Samity, South Kolkata, Kolkata, West Bengal, 700029, India",22.513012,88.360023,https://images.pujapath.in/pandals/keyatala_pally_samity_durga_puja.jpg,700,Rabindra Sarobar,8.4,Moderate,Traditional Sabeki Protima & Cultural Bengal Heritage,"Famous Durga Puja celebration in South Kolkata, Kolkata featuring traditional rituals and vibrant community festivities.",4.5,,06:00 AM,12:00 AM
103,Kheyali Sangha Durga Puja,South Kolkata,"Kheyali Sangha Durga Puja, Kheyali Sangha, South Kolkata, Kolkata, West Bengal, 700026, India",22.512334,88.360412,https://images.pujapath.in/pandals/kheyali_sangha_durga_puja.jpg,900,Kalighat,8.5,Moderate,Traditional Sabeki Protima & Cultural Bengal Heritage,"Famous Durga Puja celebration in South Kolkata, Kolkata featuring traditional rituals and vibrant community festivities.",4.5,,06:00 AM,12:00 AM
104,Khidderpore Sarbojanin Durgotsab,South Kolkata,"Khidderpore Sarbojanin Durgotsab, Khidderpore Durgotsab, South Kolkata, Kolkata, West Bengal, 700027, India",22.538012,88.324023,https://images.pujapath.in/pandals/khidderpore_sarbojanin_durgotsab.jpg,1100,Majerhat,8.6,Moderate,Traditional Sabeki Protima & Cultural Bengal Heritage,"Famous Durga Puja celebration in South Kolkata, Kolkata featuring traditional rituals and vibrant community festivities.",4.5,,06:00 AM,12:00 AM
105,Khidderpur 75 Pally Sarbojanin Durgotsab Committee,South Kolkata,"Khidderpur 75 Pally Sarbojanin Durgotsab Committee, Khidderpur 75 Pally Durgotsab, South Kolkata, Kolkata, West Bengal, 700026, India",22.537334,88.324412,https://images.pujapath.in/pandals/khidderpur_75_pally_sarbojanin_durgotsab_committee.jpg,300,Kalighat,7.2,Low,Traditional Sabeki Protima & Cultural Bengal Heritage,"Famous Durga Puja celebration in South Kolkata, Kolkata featuring traditional rituals and vibrant community festivities.",4.5,,06:00 AM,12:00 AM
106,Kidderpore Jubaghosthi Durga Puja,South Kolkata,"Kidderpore Jubaghosthi Durga Puja, Kidderpore Jubaghosthi, South Kolkata, Kolkata, West Bengal, 700027, India",22.536645,88.323734,https://images.pujapath.in/pandals/kidderpore_jubaghosthi_durga_puja.jpg,500,Majerhat,7.3,Low,Traditional Sabeki Protima & Cultural Bengal Heritage,"Famous Durga Puja celebration in South Kolkata, Kolkata featuring traditional rituals and vibrant community festivities.",4.5,,06:00 AM,12:00 AM
107,Kidderpore Pally Saradiya Durga Puja,South Kolkata,"Kidderpore Pally Saradiya Durga Puja, Kidderpore Pally Saradiya, South Kolkata, Kolkata, West Bengal, 700027, India",22.535012,88.323023,https://images.pujapath.in/pandals/kidderpore_pally_saradiya_durga_puja.jpg,700,Majerhat,7.4,Low,Traditional Sabeki Protima & Cultural Bengal Heritage,"Famous Durga Puja celebration in South Kolkata, Kolkata featuring traditional rituals and vibrant community festivities.",4.5,,06:00 AM,12:00 AM
108,Lake Gardens Peoples Association Durga Puja,South Kolkata,"Lake Gardens Peoples Association Durga Puja, Lake Gardens Peoples Association, South Kolkata, Kolkata, West Bengal, 700029, India",22.507012,88.358023,https://images.pujapath.in/pandals/lake_gardens_peoples_association_durga_puja.jpg,900,Rabindra Sarobar,7.5,Low,Traditional Sabeki Protima & Cultural Bengal Heritage,"Famous Durga Puja celebration in South Kolkata, Kolkata featuring traditional rituals and vibrant community festivities.",4.5,,06:00 AM,12:00 AM
109,Lake Youth Corner Durga Puja,South Kolkata,"Lake Youth Corner Durga Puja, Lake Youth Corner, South Kolkata, Kolkata, West Bengal, 700029, India",22.506334,88.358412,https://images.pujapath.in/pandals/lake_youth_corner_durga_puja.jpg,1100,Rabindra Sarobar,7.6,Low,Traditional Sabeki Protima & Cultural Bengal Heritage,"Famous Durga Puja celebration in South Kolkata, Kolkata featuring traditional rituals and vibrant community festivities.",4.5,,06:00 AM,12:00 AM
110,Mahamayatala Sarbojanin Durgotsab,South Kolkata,"Mahamayatala Sarbojanin Durgotsab, Mahamayatala Durgotsab, South Kolkata, Kolkata, West Bengal, 700026, India",22.454012,88.381023,https://images.pujapath.in/pandals/mahamayatala_sarbojanin_durgotsab.jpg,300,Kalighat,7.7,Low,Traditional Sabeki Protima & Cultural Bengal Heritage,"Famous Durga Puja celebration in South Kolkata, Kolkata featuring traditional rituals and vibrant community festivities.",4.5,,06:00 AM,12:00 AM
111,Megacity Residents Puja Committee,South Kolkata,"Megacity Residents Puja Committee, Megacity Residents Puja, South Kolkata, Kolkata, West Bengal, 700026, India",22.451012,88.385023,https://images.pujapath.in/pandals/megacity_residents_puja_committee.jpg,500,Kalighat,7.8,Low,Traditional Sabeki Protima & Cultural Bengal Heritage,"Famous Durga Puja celebration in South Kolkata, Kolkata featuring traditional rituals and vibrant community festivities.",4.5,,06:00 AM,12:00 AM
112,Mohila Mahal Club Durga Puja,South Kolkata,"Mohila Mahal Club Durga Puja, Mohila Mahal, South Kolkata, Kolkata, West Bengal, 700026, India",22.511012,88.355023,https://images.pujapath.in/pandals/mohila_mahal_club_durga_puja.jpg,700,Kalighat,7.9,Low,Traditional Sabeki Protima & Cultural Bengal Heritage,"Famous Durga Puja celebration in South Kolkata, Kolkata featuring traditional rituals and vibrant community festivities.",4.5,,06:00 AM,12:00 AM
113,Monohar Pukur Baisakhi Sangha,South Kolkata,"Monohar Pukur Baisakhi Sangha, Monohar Pukur Baisakhi Sangha, South Kolkata, Kolkata, West Bengal, 700026, India",22.518012,88.357023,https://images.pujapath.in/pandals/monohar_pukur_baisakhi_sangha.jpg,900,Kalighat,8.0,Moderate,Traditional Sabeki Protima & Cultural Bengal Heritage,"Famous Durga Puja celebration in South Kolkata, Kolkata featuring traditional rituals and vibrant community festivities.",4.5,,06:00 AM,12:00 AM
114,Mudiali Club Sarbojanin Durga Puja,South Kolkata,"Mudiali Club Sarbojanin Durga Puja, Mudiali, South Kolkata, Kolkata, West Bengal, 700029, India",22.513512,88.349634,https://images.pujapath.in/pandals/mudiali_club_sarbojanin_durga_puja.jpg,1100,Rabindra Sarobar,9.4,High,Traditional Sabeki Protima & Cultural Bengal Heritage,"Famous Durga Puja celebration in South Kolkata, Kolkata featuring traditional rituals and vibrant community festivities.",4.5,,06:00 AM,12:00 AM
115,N.S.C. Sports Club Durga Puja,South Kolkata,"N.S.C. Sports Club Durga Puja, N.S.C. Sports, South Kolkata, Kolkata, West Bengal, 700026, India",22.510012,88.350023,https://images.pujapath.in/pandals/nsc_sports_club_durga_puja.jpg,300,Kalighat,8.2,Moderate,Traditional Sabeki Protima & Cultural Bengal Heritage,"Famous Durga Puja celebration in South Kolkata, Kolkata featuring traditional rituals and vibrant community festivities.",4.5,,06:00 AM,12:00 AM
116,Naktala Udayan Sangha Durga Puja,South Kolkata,"Naktala Udayan Sangha Durga Puja, Naktala Udayan Sangha, South Kolkata, Kolkata, West Bengal, 700084, India",22.472712,88.364423,https://images.pujapath.in/pandals/naktala_udayan_sangha_durga_puja.jpg,500,Gitanjali,9.6,Extremely High,Traditional Sabeki Protima & Cultural Bengal Heritage,"Famous Durga Puja celebration in South Kolkata, Kolkata featuring traditional rituals and vibrant community festivities.",4.5,,06:00 AM,12:00 AM
117,Naskarpara Sarbojanin Durgotsav,South Kolkata,"Naskarpara Sarbojanin Durgotsav, Naskarpara, South Kolkata, Kolkata, West Bengal, 700026, India",22.469012,88.366023,https://images.pujapath.in/pandals/naskarpara_sarbojanin_durgotsav.jpg,700,Kalighat,8.4,Moderate,Traditional Sabeki Protima & Cultural Bengal Heritage,"Famous Durga Puja celebration in South Kolkata, Kolkata featuring traditional rituals and vibrant community festivities.",4.5,,06:00 AM,12:00 AM
118,New Alipore Suruchi Sangha Durga Puja,South Kolkata,"New Alipore Suruchi Sangha Durga Puja, New Alipore Suruchi Sangha, South Kolkata, Kolkata, West Bengal, 700027, India",22.517345,88.330823,https://images.pujapath.in/pandals/new_alipore_suruchi_sangha_durga_puja.jpg,900,Majerhat,9.8,Extremely High,Traditional Sabeki Protima & Cultural Bengal Heritage,"Famous Durga Puja celebration in South Kolkata, Kolkata featuring traditional rituals and vibrant community festivities.",4.5,,06:00 AM,12:00 AM
119,New Santoshpur Adi Durgotsab,South Kolkata,"New Santoshpur Adi Durgotsab, New Santoshpur Adi Durgotsab, South Kolkata, Kolkata, West Bengal, 700026, India",22.492012,88.378023,https://images.pujapath.in/pandals/new_santoshpur_adi_durgotsab.jpg,1100,Kalighat,8.6,Moderate,Traditional Sabeki Protima & Cultural Bengal Heritage,"Famous Durga Puja celebration in South Kolkata, Kolkata featuring traditional rituals and vibrant community festivities.",4.5,,06:00 AM,12:00 AM
120,Paddapukur Barwari Samity,South Kolkata,"Paddapukur Barwari Samity, Paddapukur Barwari Samity, South Kolkata, Kolkata, West Bengal, 700026, India",22.533012,88.351023,https://images.pujapath.in/pandals/paddapukur_barwari_samity.jpg,300,Jatin Das Park,7.2,Low,Traditional Sabeki Protima & Cultural Bengal Heritage,"Famous Durga Puja celebration in South Kolkata, Kolkata featuring traditional rituals and vibrant community festivities.",4.5,,06:00 AM,12:00 AM
121,Paddapukur Youth Association Durga Puja,South Kolkata,"Paddapukur Youth Association Durga Puja, Paddapukur Youth Association, South Kolkata, Kolkata, West Bengal, 700026, India",22.532334,88.351412,https://images.pujapath.in/pandals/paddapukur_youth_association_durga_puja.jpg,500,Jatin Das Park,7.3,Low,Traditional Sabeki Protima & Cultural Bengal Heritage,"Famous Durga Puja celebration in South Kolkata, Kolkata featuring traditional rituals and vibrant community festivities.",4.5,,06:00 AM,12:00 AM
122,Pally Mangal Samity,South Kolkata,"Pally Mangal Samity, Pally Mangal Samity, South Kolkata, Kolkata, West Bengal, 700026, India",22.531645,88.350734,https://images.pujapath.in/pandals/pally_mangal_samity.jpg,700,Jatin Das Park,7.4,Low,Traditional Sabeki Protima & Cultural Bengal Heritage,"Famous Durga Puja celebration in South Kolkata, Kolkata featuring traditional rituals and vibrant community festivities.",4.5,,06:00 AM,12:00 AM
123,Panchanna Gram Adhibasibrinda,South Kolkata,"Panchanna Gram Adhibasibrinda, Panchanna Gram Adhibasibrinda, South Kolkata, Kolkata, West Bengal, 700026, India",22.508012,88.391023,https://images.pujapath.in/pandals/panchanna_gram_adhibasibrinda.jpg,900,Kalighat,7.5,Low,Traditional Sabeki Protima & Cultural Bengal Heritage,"Famous Durga Puja celebration in South Kolkata, Kolkata featuring traditional rituals and vibrant community festivities.",4.5,,06:00 AM,12:00 AM
124,Paschim Putiary Sarbojanin Nabo Durgotsav,South Kolkata,"Paschim Putiary Sarbojanin Nabo Durgotsav, Paschim Putiary Nabo, South Kolkata, Kolkata, West Bengal, 700026, India",22.473012,88.348023,https://images.pujapath.in/pandals/paschim_putiary_sarbojanin_nabo_durgotsav.jpg,1100,Kalighat,7.6,Low,Traditional Sabeki Protima & Cultural Bengal Heritage,"Famous Durga Puja celebration in South Kolkata, Kolkata featuring traditional rituals and vibrant community festivities.",4.5,,06:00 AM,12:00 AM
125,Patuli Sarbojanin Durgotsab,South Kolkata,"Patuli Sarbojanin Durgotsab, Patuli Durgotsab, South Kolkata, Kolkata, West Bengal, 700084, India",22.468012,88.382023,https://images.pujapath.in/pandals/patuli_sarbojanin_durgotsab.jpg,300,Kavi Nazrul,7.7,Low,Traditional Sabeki Protima & Cultural Bengal Heritage,"Famous Durga Puja celebration in South Kolkata, Kolkata featuring traditional rituals and vibrant community festivities.",4.5,,06:00 AM,12:00 AM
126,Peyarabagan Sarbojanin Durgotsab,South Kolkata,"Peyarabagan Sarbojanin Durgotsab, Peyarabagan Durgotsab, South Kolkata, Kolkata, West Bengal, 700026, India",22.515012,88.363023,https://images.pujapath.in/pandals/peyarabagan_sarbojanin_durgotsab.jpg,500,Kalighat,7.8,Low,Traditional Sabeki Protima & Cultural Bengal Heritage,"Famous Durga Puja celebration in South Kolkata, Kolkata featuring traditional rituals and vibrant community festivities.",4.5,,06:00 AM,12:00 AM
127,Picnic Sunrise Club,South Kolkata,"Picnic Sunrise Club, Picnic Sunrise, South Kolkata, Kolkata, West Bengal, 700026, India",22.514012,88.388023,https://images.pujapath.in/pandals/picnic_sunrise_club.jpg,700,Kalighat,7.9,Low,Traditional Sabeki Protima & Cultural Bengal Heritage,"Famous Durga Puja celebration in South Kolkata, Kolkata featuring traditional rituals and vibrant community festivities.",4.5,,06:00 AM,12:00 AM
128,Pragati Sangha Durga Puja,South Kolkata,"Pragati Sangha Durga Puja, Pragati Sangha, South Kolkata, Kolkata, West Bengal, 700026, India",22.513334,88.388412,https://images.pujapath.in/pandals/pragati_sangha_durga_puja.jpg,900,Kalighat,8.0,Moderate,Traditional Sabeki Protima & Cultural Bengal Heritage,"Famous Durga Puja celebration in South Kolkata, Kolkata featuring traditional rituals and vibrant community festivities.",4.5,,06:00 AM,12:00 AM
129,Pragati Sangha Durgotsab Committee,South Kolkata,"Pragati Sangha Durgotsab Committee, Pragati Sangha Durgotsab, South Kolkata, Kolkata, West Bengal, 700026, India",22.512645,88.387734,https://images.pujapath.in/pandals/pragati_sangha_durgotsab_committee.jpg,1100,Kalighat,8.1,Moderate,Traditional Sabeki Protima & Cultural Bengal Heritage,"Famous Durga Puja celebration in South Kolkata, Kolkata featuring traditional rituals and vibrant community festivities.",4.5,,06:00 AM,12:00 AM
130,Purbachal Residents Sarbojanin Durgotsav,South Kolkata,"Purbachal Residents Sarbojanin Durgotsav, Purbachal Residents, South Kolkata, Kolkata, West Bengal, 700026, India",22.478012,88.378023,https://images.pujapath.in/pandals/purbachal_residents_sarbojanin_durgotsav.jpg,300,Kalighat,8.2,Moderate,Traditional Sabeki Protima & Cultural Bengal Heritage,"Famous Durga Puja celebration in South Kolkata, Kolkata featuring traditional rituals and vibrant community festivities.",4.5,,06:00 AM,12:00 AM
131,Putiary Sarbojanin Durgotsab Committee,South Kolkata,"Putiary Sarbojanin Durgotsab Committee, Putiary Durgotsab, South Kolkata, Kolkata, West Bengal, 700026, India",22.472012,88.347023,https://images.pujapath.in/pandals/putiary_sarbojanin_durgotsab_committee.jpg,500,Kalighat,8.3,Moderate,Traditional Sabeki Protima & Cultural Bengal Heritage,"Famous Durga Puja celebration in South Kolkata, Kolkata featuring traditional rituals and vibrant community festivities.",4.5,,06:00 AM,12:00 AM
132,Ramgarh Satapally Sarbojanin Durgotsav Committee,South Kolkata,"Ramgarh Satapally Sarbojanin Durgotsav Committee, Ramgarh Satapally, South Kolkata, Kolkata, West Bengal, 700026, India",22.481012,88.372023,https://images.pujapath.in/pandals/ramgarh_satapally_sarbojanin_durgotsav_committee.jpg,700,Kalighat,8.4,Moderate,Traditional Sabeki Protima & Cultural Bengal Heritage,"Famous Durga Puja celebration in South Kolkata, Kolkata featuring traditional rituals and vibrant community festivities.",4.5,,06:00 AM,12:00 AM
133,Rashbehari Suhrid Sangha,South Kolkata,"Rashbehari Suhrid Sangha, Rashbehari Suhrid Sangha, South Kolkata, Kolkata, West Bengal, 700026, India",22.518012,88.351023,https://images.pujapath.in/pandals/rashbehari_suhrid_sangha.jpg,900,Kalighat,8.5,Moderate,Traditional Sabeki Protima & Cultural Bengal Heritage,"Famous Durga Puja celebration in South Kolkata, Kolkata featuring traditional rituals and vibrant community festivities.",4.5,,06:00 AM,12:00 AM
134,Russa Madhyapally Sarbojanin Durgotsav,South Kolkata,"Russa Madhyapally Sarbojanin Durgotsav, Russa Madhyapally, South Kolkata, Kolkata, West Bengal, 700026, India",22.493012,88.353023,https://images.pujapath.in/pandals/russa_madhyapally_sarbojanin_durgotsav.jpg,1100,Kalighat,8.6,Moderate,Traditional Sabeki Protima & Cultural Bengal Heritage,"Famous Durga Puja celebration in South Kolkata, Kolkata featuring traditional rituals and vibrant community festivities.",4.5,,06:00 AM,12:00 AM
135,Sahapur Suhrid Sangha Durga Puja Committee,South Kolkata,"Sahapur Suhrid Sangha Durga Puja Committee, Sahapur Suhrid Sangha, South Kolkata, Kolkata, West Bengal, 700026, India",22.503012,88.328023,https://images.pujapath.in/pandals/sahapur_suhrid_sangha_durga_puja_committee.jpg,300,Kalighat,7.2,Low,Traditional Sabeki Protima & Cultural Bengal Heritage,"Famous Durga Puja celebration in South Kolkata, Kolkata featuring traditional rituals and vibrant community festivities.",4.5,,06:00 AM,12:00 AM
136,Sammilani Durga Puja,South Kolkata,"Sammilani Durga Puja, Sammilani, South Kolkata, Kolkata, West Bengal, 700026, India",22.502334,88.328412,https://images.pujapath.in/pandals/sammilani_durga_puja.jpg,500,Kalighat,7.3,Low,Traditional Sabeki Protima & Cultural Bengal Heritage,"Famous Durga Puja celebration in South Kolkata, Kolkata featuring traditional rituals and vibrant community festivities.",4.5,,06:00 AM,12:00 AM
137,Sanghasree Kalighat Durga Puja,South Kolkata,"Sanghasree Kalighat Durga Puja, Sanghasree Kalighat, South Kolkata, Kolkata, West Bengal, 700026, India",22.522012,88.347023,https://images.pujapath.in/pandals/sanghasree_kalighat_durga_puja.jpg,700,Kalighat,7.4,Low,Traditional Sabeki Protima & Cultural Bengal Heritage,"Famous Durga Puja celebration in South Kolkata, Kolkata featuring traditional rituals and vibrant community festivities.",4.5,,06:00 AM,12:00 AM
138,Santoshpur Avenue South,South Kolkata,"Santoshpur Avenue South, Santoshpur Avenue South, South Kolkata, Kolkata, West Bengal, 700026, India",22.495012,88.376023,https://images.pujapath.in/pandals/santoshpur_avenue_south.jpg,900,Kalighat,7.5,Low,Traditional Sabeki Protima & Cultural Bengal Heritage,"Famous Durga Puja celebration in South Kolkata, Kolkata featuring traditional rituals and vibrant community festivities.",4.5,,06:00 AM,12:00 AM
139,Santoshpur Lake Pally Durga Puja,South Kolkata,"Santoshpur Lake Pally Durga Puja, Santoshpur Lake Pally, South Kolkata, Kolkata, West Bengal, 700026, India",22.494334,88.376412,https://images.pujapath.in/pandals/santoshpur_lake_pally_durga_puja.jpg,1100,Kalighat,7.6,Low,Traditional Sabeki Protima & Cultural Bengal Heritage,"Famous Durga Puja celebration in South Kolkata, Kolkata featuring traditional rituals and vibrant community festivities.",4.5,,06:00 AM,12:00 AM
140,Santoshpur Trikon Park Durgotsab,South Kolkata,"Santoshpur Trikon Park Durgotsab, Santoshpur Trikon Park Durgotsab, South Kolkata, Kolkata, West Bengal, 700026, India",22.493645,88.375734,https://images.pujapath.in/pandals/santoshpur_trikon_park_durgotsab.jpg,300,Kalighat,7.7,Low,Traditional Sabeki Protima & Cultural Bengal Heritage,"Famous Durga Puja celebration in South Kolkata, Kolkata featuring traditional rituals and vibrant community festivities.",4.5,,06:00 AM,12:00 AM
141,Shibmandir Sarbojanin Durgotsab Samiti,South Kolkata,"Shibmandir Sarbojanin Durgotsab Samiti, Shibmandir Durgotsab Samiti, South Kolkata, Kolkata, West Bengal, 700029, India",22.515234,88.350845,https://images.pujapath.in/pandals/shibmandir_sarbojanin_durgotsab_samiti.jpg,500,Rabindra Sarobar,9.1,High,Traditional Sabeki Protima & Cultural Bengal Heritage,"Famous Durga Puja celebration in South Kolkata, Kolkata featuring traditional rituals and vibrant community festivities.",4.5,,06:00 AM,12:00 AM
142,Singhi Park Sarbojanin Durga Puja,South Kolkata,"Singhi Park Sarbojanin Durga Puja, Singhi Park, South Kolkata, Kolkata, West Bengal, 700026, India",22.519323,88.365412,https://images.pujapath.in/pandals/singhi_park_sarbojanin_durga_puja.jpg,700,Kalighat,9.2,High,Traditional Sabeki Protima & Cultural Bengal Heritage,"Famous Durga Puja celebration in South Kolkata, Kolkata featuring traditional rituals and vibrant community festivities.",4.5,,06:00 AM,12:00 AM
143,Sonarpur Sarbojanin Durgotsav Puja Committee,South Kolkata,"Sonarpur Sarbojanin Durgotsav Puja Committee, Sonarpur Puja, South Kolkata, Kolkata, West Bengal, 700084, India",22.443012,88.428023,https://images.pujapath.in/pandals/sonarpur_sarbojanin_durgotsav_puja_committee.jpg,900,Kavi Nazrul,8.0,Moderate,Traditional Sabeki Protima & Cultural Bengal Heritage,"Famous Durga Puja celebration in South Kolkata, Kolkata featuring traditional rituals and vibrant community festivities.",4.5,,06:00 AM,12:00 AM
144,Sri Sri Sarbojanin Durga Puja,South Kolkata,"Sri Sri Sarbojanin Durga Puja, Sri Sri, South Kolkata, Kolkata, West Bengal, 700026, India",22.520012,88.346023,https://images.pujapath.in/pandals/sri_sri_sarbojanin_durga_puja.jpg,1100,Kalighat,8.1,Moderate,Traditional Sabeki Protima & Cultural Bengal Heritage,"Famous Durga Puja celebration in South Kolkata, Kolkata featuring traditional rituals and vibrant community festivities.",4.5,,06:00 AM,12:00 AM
145,Surya Nagar Sarbojanin Durga Puja,South Kolkata,"Surya Nagar Sarbojanin Durga Puja, Surya Nagar, South Kolkata, Kolkata, West Bengal, 700026, India",22.464012,88.372023,https://images.pujapath.in/pandals/surya_nagar_sarbojanin_durga_puja.jpg,300,Kalighat,8.2,Moderate,Traditional Sabeki Protima & Cultural Bengal Heritage,"Famous Durga Puja celebration in South Kolkata, Kolkata featuring traditional rituals and vibrant community festivities.",4.5,,06:00 AM,12:00 AM
146,Tridhara Sammilani Durga Puja,South Kolkata,"Tridhara Sammilani Durga Puja, Tridhara Sammilani, South Kolkata, Kolkata, West Bengal, 700026, India",22.519745,88.355123,https://images.pujapath.in/pandals/tridhara_sammilani_durga_puja.jpg,500,Kalighat,9.6,Extremely High,Traditional Sabeki Protima & Cultural Bengal Heritage,"Famous Durga Puja celebration in South Kolkata, Kolkata featuring traditional rituals and vibrant community festivities.",4.5,,06:00 AM,12:00 AM
147,Tulipians Durgotsav,South Kolkata,"Tulipians Durgotsav, Tulipians, South Kolkata, Kolkata, West Bengal, 700026, India",22.519012,88.348023,https://images.pujapath.in/pandals/tulipians_durgotsav.jpg,700,Kalighat,8.4,Moderate,Traditional Sabeki Protima & Cultural Bengal Heritage,"Famous Durga Puja celebration in South Kolkata, Kolkata featuring traditional rituals and vibrant community festivities.",4.5,,06:00 AM,12:00 AM
148,Udayan Kidderpore Durga Puja,South Kolkata,"Udayan Kidderpore Durga Puja, Udayan Kidderpore, South Kolkata, Kolkata, West Bengal, 700027, India",22.534012,88.322023,https://images.pujapath.in/pandals/udayan_kidderpore_durga_puja.jpg,900,Majerhat,8.5,Moderate,Traditional Sabeki Protima & Cultural Bengal Heritage,"Famous Durga Puja celebration in South Kolkata, Kolkata featuring traditional rituals and vibrant community festivities.",4.5,,06:00 AM,12:00 AM
149,Upohar Utsav Committee,South Kolkata,"Upohar Utsav Committee, Upohar Utsav, South Kolkata, Kolkata, West Bengal, 700026, India",22.466012,88.384023,https://images.pujapath.in/pandals/upohar_utsav_committee.jpg,1100,Kalighat,8.6,Moderate,Traditional Sabeki Protima & Cultural Bengal Heritage,"Famous Durga Puja celebration in South Kolkata, Kolkata featuring traditional rituals and vibrant community festivities.",4.5,,06:00 AM,12:00 AM
150,VIP Nagar Sarbojanin Durga Puja Committee,South Kolkata,"VIP Nagar Sarbojanin Durga Puja Committee, VIP Nagar, South Kolkata, Kolkata, West Bengal, 700026, India",22.516012,88.395023,https://images.pujapath.in/pandals/vip_nagar_sarbojanin_durga_puja_committee.jpg,300,Kalighat,7.2,Low,Traditional Sabeki Protima & Cultural Bengal Heritage,"Famous Durga Puja celebration in South Kolkata, Kolkata featuring traditional rituals and vibrant community festivities.",4.5,,06:00 AM,12:00 AM
151,Westend Park Sarbojanin Durga Puja,South Kolkata,"Westend Park Sarbojanin Durga Puja, Westend Park, South Kolkata, Kolkata, West Bengal, 700026, India",22.521012,88.343023,https://images.pujapath.in/pandals/westend_park_sarbojanin_durga_puja.jpg,500,Kalighat,7.3,Low,Traditional Sabeki Protima & Cultural Bengal Heritage,"Famous Durga Puja celebration in South Kolkata, Kolkata featuring traditional rituals and vibrant community festivities.",4.5,,06:00 AM,12:00 AM
152,14 Pally Udayan Sangha,Central Kolkata,"14 Pally Udayan Sangha, 14 Pally Udayan Sangha, Central Kolkata, Kolkata, West Bengal, 700007, India",22.579012,88.358023,https://images.pujapath.in/pandals/14_pally_udayan_sangha.jpg,700,Mahatma Gandhi Road,7.4,Low,Traditional Sabeki Protima & Cultural Bengal Heritage,"Famous Durga Puja celebration in Central Kolkata, Kolkata featuring traditional rituals and vibrant community festivities.",4.5,,06:00 AM,12:00 AM
153,37 Pally Sarbojanin Durgotsab,Central Kolkata,"37 Pally Sarbojanin Durgotsab, 37 Pally Durgotsab, Central Kolkata, Kolkata, West Bengal, 700007, India",22.578334,88.358412,https://images.pujapath.in/pandals/37_pally_sarbojanin_durgotsab.jpg,900,Mahatma Gandhi Road,7.5,Low,Traditional Sabeki Protima & Cultural Bengal Heritage,"Famous Durga Puja celebration in Central Kolkata, Kolkata featuring traditional rituals and vibrant community festivities.",4.5,,06:00 AM,12:00 AM
154,47 Pally Jubak Brinda Durga Puja,Central Kolkata,"47 Pally Jubak Brinda Durga Puja, 47 Pally Jubak Brinda, Central Kolkata, Kolkata, West Bengal, 700007, India",22.577645,88.357734,https://images.pujapath.in/pandals/47_pally_jubak_brinda_durga_puja.jpg,1100,Mahatma Gandhi Road,7.6,Low,Traditional Sabeki Protima & Cultural Bengal Heritage,"Famous Durga Puja celebration in Central Kolkata, Kolkata featuring traditional rituals and vibrant community festivities.",4.5,,06:00 AM,12:00 AM
155,Central Calcutta Youth Association,Central Kolkata,"Central Calcutta Youth Association, Central Calcutta Youth Association, Central Kolkata, Kolkata, West Bengal, 700012, India",22.569012,88.358023,https://images.pujapath.in/pandals/central_calcutta_youth_association.jpg,300,Central,7.7,Low,Traditional Sabeki Protima & Cultural Bengal Heritage,"Famous Durga Puja celebration in Central Kolkata, Kolkata featuring traditional rituals and vibrant community festivities.",4.5,,06:00 AM,12:00 AM
156,College Square Sarbojanin Durgotsav,Central Kolkata,"College Square Sarbojanin Durgotsav, College Square, Central Kolkata, Kolkata, West Bengal, 700007, India",22.573912,88.363845,https://images.pujapath.in/pandals/college_square_sarbojanin_durgotsav.jpg,500,Mahatma Gandhi Road,9.6,Extremely High,Traditional Sabeki Protima & Cultural Bengal Heritage,"Famous Durga Puja celebration in Central Kolkata, Kolkata featuring traditional rituals and vibrant community festivities.",4.5,,06:00 AM,12:00 AM
157,Entally Matribhumi Durga Puja,Central Kolkata,"Entally Matribhumi Durga Puja, Entally Matribhumi, Central Kolkata, Kolkata, West Bengal, 700014, India",22.564012,88.372023,https://images.pujapath.in/pandals/entally_matribhumi_durga_puja.jpg,700,Sealdah,7.9,Low,Traditional Sabeki Protima & Cultural Bengal Heritage,"Famous Durga Puja celebration in Central Kolkata, Kolkata featuring traditional rituals and vibrant community festivities.",4.5,,06:00 AM,12:00 AM
158,Entally Sarbojanin Sri Sri Durga Puja,Central Kolkata,"Entally Sarbojanin Sri Sri Durga Puja, Entally Sri Sri, Central Kolkata, Kolkata, West Bengal, 700014, India",22.563334,88.372412,https://images.pujapath.in/pandals/entally_sarbojanin_sri_sri_durga_puja.jpg,900,Sealdah,8.0,Moderate,Traditional Sabeki Protima & Cultural Bengal Heritage,"Famous Durga Puja celebration in Central Kolkata, Kolkata featuring traditional rituals and vibrant community festivities.",4.5,,06:00 AM,12:00 AM
159,Interact Club of Chowringhee High School Sarbojanin Durga Puja,Central Kolkata,"Interact Club of Chowringhee High School Sarbojanin Durga Puja, Interact of Chowringhee High School, Central Kolkata, Kolkata, West Bengal, 700069, India",22.556012,88.353023,https://images.pujapath.in/pandals/interact_club_of_chowringhee_high_school_sarbojanin_durga_puja.jpg,1100,Esplanade,8.1,Moderate,Traditional Sabeki Protima & Cultural Bengal Heritage,"Famous Durga Puja celebration in Central Kolkata, Kolkata featuring traditional rituals and vibrant community festivities.",4.5,,06:00 AM,12:00 AM
160,Kanai Dhar Lane Adhibasi Brinda,Central Kolkata,"Kanai Dhar Lane Adhibasi Brinda, Kanai Dhar Lane Adhibasi Brinda, Central Kolkata, Kolkata, West Bengal, 700012, India",22.568012,88.361023,https://images.pujapath.in/pandals/kanai_dhar_lane_adhibasi_brinda.jpg,300,Central,8.2,Moderate,Traditional Sabeki Protima & Cultural Bengal Heritage,"Famous Durga Puja celebration in Central Kolkata, Kolkata featuring traditional rituals and vibrant community festivities.",4.5,,06:00 AM,12:00 AM
161,Machua Bazar Sarbajanik Durga Puja Samity,Central Kolkata,"Machua Bazar Sarbajanik Durga Puja Samity, Machua Bazar Sarbajanik Samity, Central Kolkata, Kolkata, West Bengal, 700007, India",22.581012,88.360023,https://images.pujapath.in/pandals/machua_bazar_sarbajanik_durga_puja_samity.jpg,500,Mahatma Gandhi Road,8.3,Moderate,Traditional Sabeki Protima & Cultural Bengal Heritage,"Famous Durga Puja celebration in Central Kolkata, Kolkata featuring traditional rituals and vibrant community festivities.",4.5,,06:00 AM,12:00 AM
162,Md. Ali Park Durga Puja,Central Kolkata,"Md. Ali Park Durga Puja, Md. Ali Park, Central Kolkata, Kolkata, West Bengal, 700007, India",22.578623,88.360124,https://images.pujapath.in/pandals/md_ali_park_durga_puja.jpg,700,Mahatma Gandhi Road,9.2,High,Traditional Sabeki Protima & Cultural Bengal Heritage,"Famous Durga Puja celebration in Central Kolkata, Kolkata featuring traditional rituals and vibrant community festivities.",4.5,,06:00 AM,12:00 AM
163,New Market Sarbojanin Sri Sri Durga Puja,Central Kolkata,"New Market Sarbojanin Sri Sri Durga Puja, New Market Sri Sri, Central Kolkata, Kolkata, West Bengal, 700069, India",22.560012,88.353023,https://images.pujapath.in/pandals/new_market_sarbojanin_sri_sri_durga_puja.jpg,900,Esplanade,8.5,Moderate,Traditional Sabeki Protima & Cultural Bengal Heritage,"Famous Durga Puja celebration in Central Kolkata, Kolkata featuring traditional rituals and vibrant community festivities.",4.5,,06:00 AM,12:00 AM
164,Pallir Yubak Brinda Durga Puja,Central Kolkata,"Pallir Yubak Brinda Durga Puja, Pallir Yubak Brinda, Central Kolkata, Kolkata, West Bengal, 700069, India",22.559334,88.353412,https://images.pujapath.in/pandals/pallir_yubak_brinda_durga_puja.jpg,1100,Esplanade,8.6,Moderate,Traditional Sabeki Protima & Cultural Bengal Heritage,"Famous Durga Puja celebration in Central Kolkata, Kolkata featuring traditional rituals and vibrant community festivities.",4.5,,06:00 AM,12:00 AM
165,Santosh Mitra Square Durga Puja,Central Kolkata,"Santosh Mitra Square Durga Puja, Santosh Mitra Square, Central Kolkata, Kolkata, West Bengal, 700014, India",22.567834,88.365912,https://images.pujapath.in/pandals/santosh_mitra_square_durga_puja.jpg,300,Sealdah,9.5,Extremely High,Traditional Sabeki Protima & Cultural Bengal Heritage,"Famous Durga Puja celebration in Central Kolkata, Kolkata featuring traditional rituals and vibrant community festivities.",4.5,,06:00 AM,12:00 AM
166,Shishu Palan Foundation,Central Kolkata,"Shishu Palan Foundation, Shishu Palan Foundation, Central Kolkata, Kolkata, West Bengal, 700007, India",22.577012,88.359023,https://images.pujapath.in/pandals/shishu_palan_foundation.jpg,500,Mahatma Gandhi Road,7.3,Low,Traditional Sabeki Protima & Cultural Bengal Heritage,"Famous Durga Puja celebration in Central Kolkata, Kolkata featuring traditional rituals and vibrant community festivities.",4.5,,06:00 AM,12:00 AM
167,Wellington Nagarik Kalyan Samity Durga Puja,Central Kolkata,"Wellington Nagarik Kalyan Samity Durga Puja, Wellington Nagarik Kalyan Samity, Central Kolkata, Kolkata, West Bengal, 700069, India",22.563012,88.358023,https://images.pujapath.in/pandals/wellington_nagarik_kalyan_samity_durga_puja.jpg,700,Esplanade,7.4,Low,Traditional Sabeki Protima & Cultural Bengal Heritage,"Famous Durga Puja celebration in Central Kolkata, Kolkata featuring traditional rituals and vibrant community festivities.",4.5,,06:00 AM,12:00 AM
168,Shimla Byam Samity,Central Kolkata,"Shimla Byam Samity, Shimla Byam Samity, Central Kolkata, Kolkata, West Bengal, 700007, India",22.585012,88.364023,https://images.pujapath.in/pandals/shimla_byam_samity.jpg,900,Mahatma Gandhi Road,7.5,Low,Traditional Sabeki Protima & Cultural Bengal Heritage,"Famous Durga Puja celebration in Central Kolkata, Kolkata featuring traditional rituals and vibrant community festivities.",4.5,,06:00 AM,12:00 AM
169,Singhi Bagan Durga Puja,Central Kolkata,"Singhi Bagan Durga Puja, Singhi Bagan, Central Kolkata, Kolkata, West Bengal, 700007, India",22.584334,88.364412,https://images.pujapath.in/pandals/singhi_bagan_durga_puja.jpg,1100,Mahatma Gandhi Road,7.6,Low,Traditional Sabeki Protima & Cultural Bengal Heritage,"Famous Durga Puja celebration in Central Kolkata, Kolkata featuring traditional rituals and vibrant community festivities.",4.5,,06:00 AM,12:00 AM
170,Beliaghata 33 Palli Durga Puja,Central Kolkata,"Beliaghata 33 Palli Durga Puja, Beliaghata 33 Palli, Central Kolkata, Kolkata, West Bengal, 700014, India",22.568012,88.384023,https://images.pujapath.in/pandals/beliaghata_33_palli_durga_puja.jpg,300,Sealdah,9.0,High,Traditional Sabeki Protima & Cultural Bengal Heritage,"Famous Durga Puja celebration in Central Kolkata, Kolkata featuring traditional rituals and vibrant community festivities.",4.5,,06:00 AM,12:00 AM
171,Entally Sarbojanin,Central Kolkata,"Entally Sarbojanin, Entally, Central Kolkata, Kolkata, West Bengal, 700014, India",22.562012,88.373023,https://images.pujapath.in/pandals/entally_sarbojanin.jpg,500,Sealdah,7.8,Low,Traditional Sabeki Protima & Cultural Bengal Heritage,"Famous Durga Puja celebration in Central Kolkata, Kolkata featuring traditional rituals and vibrant community festivities.",4.5,,06:00 AM,12:00 AM
172,AJ Block Durga Puja,East Kolkata & Salt Lake,"AJ Block Durga Puja, AJ Block, East Kolkata & Salt Lake, Kolkata, West Bengal, 700064, India",22.588012,88.411023,https://images.pujapath.in/pandals/aj_block_durga_puja.jpg,700,City Centre,7.9,Low,Traditional Sabeki Protima & Cultural Bengal Heritage,"Famous Durga Puja celebration in East Kolkata & Salt Lake, Kolkata featuring traditional rituals and vibrant community festivities.",4.5,,06:00 AM,12:00 AM
173,BD Block Sarbojanin Durgotsab Committee,East Kolkata & Salt Lake,"BD Block Sarbojanin Durgotsab Committee, BD Block Durgotsab, East Kolkata & Salt Lake, Kolkata, West Bengal, 700064, India",22.587334,88.411412,https://images.pujapath.in/pandals/bd_block_sarbojanin_durgotsab_committee.jpg,900,City Centre,8.0,Moderate,Traditional Sabeki Protima & Cultural Bengal Heritage,"Famous Durga Puja celebration in East Kolkata & Salt Lake, Kolkata featuring traditional rituals and vibrant community festivities.",4.5,,06:00 AM,12:00 AM
174,BJ Block Saradotsav Committee,East Kolkata & Salt Lake,"BJ Block Saradotsav Committee, BJ Block Saradotsav, East Kolkata & Salt Lake, Kolkata, West Bengal, 700064, India",22.584312,88.417823,https://images.pujapath.in/pandals/bj_block_saradotsav_committee.jpg,1100,City Centre,8.1,Moderate,Traditional Sabeki Protima & Cultural Bengal Heritage,"Famous Durga Puja celebration in East Kolkata & Salt Lake, Kolkata featuring traditional rituals and vibrant community festivities.",4.5,,06:00 AM,12:00 AM
175,BL Block Durga Puja,East Kolkata & Salt Lake,"BL Block Durga Puja, BL Block, East Kolkata & Salt Lake, Kolkata, West Bengal, 700064, India",22.586645,88.410734,https://images.pujapath.in/pandals/bl_block_durga_puja.jpg,300,City Centre,8.2,Moderate,Traditional Sabeki Protima & Cultural Bengal Heritage,"Famous Durga Puja celebration in East Kolkata & Salt Lake, Kolkata featuring traditional rituals and vibrant community festivities.",4.5,,06:00 AM,12:00 AM
176,EKTP Phase 2 Abasik Puja Samity,East Kolkata & Salt Lake,"EKTP Phase 2 Abasik Puja Samity, EKTP Phase 2 Abasik Puja Samity, East Kolkata & Salt Lake, Kolkata, West Bengal, 700064, India",22.548012,88.402023,https://images.pujapath.in/pandals/ektp_phase_2_abasik_puja_samity.jpg,500,City Centre,8.3,Moderate,Traditional Sabeki Protima & Cultural Bengal Heritage,"Famous Durga Puja celebration in East Kolkata & Salt Lake, Kolkata featuring traditional rituals and vibrant community festivities.",4.5,,06:00 AM,12:00 AM
177,Jawpur Bayam Samity Durga Puja,East Kolkata & Salt Lake,"Jawpur Bayam Samity Durga Puja, Jawpur Bayam Samity, East Kolkata & Salt Lake, Kolkata, West Bengal, 700064, India",22.618012,88.386023,https://images.pujapath.in/pandals/jawpur_bayam_samity_durga_puja.jpg,700,City Centre,8.4,Moderate,Traditional Sabeki Protima & Cultural Bengal Heritage,"Famous Durga Puja celebration in East Kolkata & Salt Lake, Kolkata featuring traditional rituals and vibrant community festivities.",4.5,,06:00 AM,12:00 AM
178,Judge Bagan Sarbojanin Durgotsab,East Kolkata & Salt Lake,"Judge Bagan Sarbojanin Durgotsab, Judge Bagan Durgotsab, East Kolkata & Salt Lake, Kolkata, West Bengal, 700064, India",22.582012,88.405023,https://images.pujapath.in/pandals/judge_bagan_sarbojanin_durgotsab.jpg,900,City Centre,8.5,Moderate,Traditional Sabeki Protima & Cultural Bengal Heritage,"Famous Durga Puja celebration in East Kolkata & Salt Lake, Kolkata featuring traditional rituals and vibrant community festivities.",4.5,,06:00 AM,12:00 AM
179,Kanjial Para Puja Samity Durga Puja,East Kolkata & Salt Lake,"Kanjial Para Puja Samity Durga Puja, Kanjial Para Puja Samity, East Kolkata & Salt Lake, Kolkata, West Bengal, 700064, India",22.581334,88.405412,https://images.pujapath.in/pandals/kanjial_para_puja_samity_durga_puja.jpg,1100,City Centre,8.6,Moderate,Traditional Sabeki Protima & Cultural Bengal Heritage,"Famous Durga Puja celebration in East Kolkata & Salt Lake, Kolkata featuring traditional rituals and vibrant community festivities.",4.5,,06:00 AM,12:00 AM
180,Nabapally Adhibashi Brinda Durga Puja,East Kolkata & Salt Lake,"Nabapally Adhibashi Brinda Durga Puja, Nabapally Adhibashi Brinda, East Kolkata & Salt Lake, Kolkata, West Bengal, 700064, India",22.580645,88.404734,https://images.pujapath.in/pandals/nabapally_adhibashi_brinda_durga_puja.jpg,300,City Centre,7.2,Low,Traditional Sabeki Protima & Cultural Bengal Heritage,"Famous Durga Puja celebration in East Kolkata & Salt Lake, Kolkata featuring traditional rituals and vibrant community festivities.",4.5,,06:00 AM,12:00 AM
181,Netaji Sporting Club Durga Puja,East Kolkata & Salt Lake,"Netaji Sporting Club Durga Puja, Netaji Sporting, East Kolkata & Salt Lake, Kolkata, West Bengal, 700064, India",22.579012,88.404023,https://images.pujapath.in/pandals/netaji_sporting_club_durga_puja.jpg,500,City Centre,7.3,Low,Traditional Sabeki Protima & Cultural Bengal Heritage,"Famous Durga Puja celebration in East Kolkata & Salt Lake, Kolkata featuring traditional rituals and vibrant community festivities.",4.5,,06:00 AM,12:00 AM
182,Prafulla Kanan Sarbojanin Durgotsab,East Kolkata & Salt Lake,"Prafulla Kanan Sarbojanin Durgotsab, Prafulla Kanan Durgotsab, East Kolkata & Salt Lake, Kolkata, West Bengal, 700064, India",22.605012,88.423023,https://images.pujapath.in/pandals/prafulla_kanan_sarbojanin_durgotsab.jpg,700,City Centre,7.4,Low,Traditional Sabeki Protima & Cultural Bengal Heritage,"Famous Durga Puja celebration in East Kolkata & Salt Lake, Kolkata featuring traditional rituals and vibrant community festivities.",4.5,,06:00 AM,12:00 AM
183,Purba Kalikata Sarbojanin Durgotsav,East Kolkata & Salt Lake,"Purba Kalikata Sarbojanin Durgotsav, Purba Kalikata, East Kolkata & Salt Lake, Kolkata, West Bengal, 700064, India",22.571012,88.388023,https://images.pujapath.in/pandals/purba_kalikata_sarbojanin_durgotsav.jpg,900,City Centre,7.5,Low,Traditional Sabeki Protima & Cultural Bengal Heritage,"Famous Durga Puja celebration in East Kolkata & Salt Lake, Kolkata featuring traditional rituals and vibrant community festivities.",4.5,,06:00 AM,12:00 AM
184,Purbanchal Prabhati Sangha Durga Puja,East Kolkata & Salt Lake,"Purbanchal Prabhati Sangha Durga Puja, Purbanchal Prabhati Sangha, East Kolkata & Salt Lake, Kolkata, West Bengal, 700064, India",22.570334,88.388412,https://images.pujapath.in/pandals/purbanchal_prabhati_sangha_durga_puja.jpg,1100,City Centre,7.6,Low,Traditional Sabeki Protima & Cultural Bengal Heritage,"Famous Durga Puja celebration in East Kolkata & Salt Lake, Kolkata featuring traditional rituals and vibrant community festivities.",4.5,,06:00 AM,12:00 AM
185,Sixemes Cooperative Housing Durgotsav,East Kolkata & Salt Lake,"Sixemes Cooperative Housing Durgotsav, Sixemes Cooperative Housing, East Kolkata & Salt Lake, Kolkata, West Bengal, 700064, India",22.585012,88.415023,https://images.pujapath.in/pandals/sixemes_cooperative_housing_durgotsav.jpg,300,City Centre,7.7,Low,Traditional Sabeki Protima & Cultural Bengal Heritage,"Famous Durga Puja celebration in East Kolkata & Salt Lake, Kolkata featuring traditional rituals and vibrant community festivities.",4.5,,06:00 AM,12:00 AM
186,"Sree Sree Durga Puja Committee, Rabindrapally",East Kolkata & Salt Lake,"Sree Sree Durga Puja Committee, Rabindrapally, Sree Sree, Rabindrapally, East Kolkata & Salt Lake, Kolkata, West Bengal, 700064, India",22.602012,88.426023,https://images.pujapath.in/pandals/sree_sree_durga_puja_committee_rabindrapally.jpg,500,City Centre,7.8,Low,Traditional Sabeki Protima & Cultural Bengal Heritage,"Famous Durga Puja celebration in East Kolkata & Salt Lake, Kolkata featuring traditional rituals and vibrant community festivities.",4.5,,06:00 AM,12:00 AM
187,New Town Sarbojanin,East Kolkata & Salt Lake,"New Town Sarbojanin, New Town, East Kolkata & Salt Lake, Kolkata, West Bengal, 700091, India",22.586012,88.462023,https://images.pujapath.in/pandals/new_town_sarbojanin.jpg,700,Karunamoyee,7.9,Low,Traditional Sabeki Protima & Cultural Bengal Heritage,"Famous Durga Puja celebration in East Kolkata & Salt Lake, Kolkata featuring traditional rituals and vibrant community festivities.",4.5,,06:00 AM,12:00 AM
188,AK Block Salt Lake,East Kolkata & Salt Lake,"AK Block Salt Lake, AK Block Salt Lake, East Kolkata & Salt Lake, Kolkata, West Bengal, 700064, India",22.589012,88.412023,https://images.pujapath.in/pandals/ak_block_salt_lake.jpg,900,City Centre,8.0,Moderate,Traditional Sabeki Protima & Cultural Bengal Heritage,"Famous Durga Puja celebration in East Kolkata & Salt Lake, Kolkata featuring traditional rituals and vibrant community festivities.",4.5,,06:00 AM,12:00 AM
189,Mitali Sangha Kankurgachi,East Kolkata & Salt Lake,"Mitali Sangha Kankurgachi, Mitali Sangha Kankurgachi, East Kolkata & Salt Lake, Kolkata, West Bengal, 700064, India",22.588012,88.382023,https://images.pujapath.in/pandals/mitali_sangha_kankurgachi.jpg,1100,City Centre,8.1,Moderate,Traditional Sabeki Protima & Cultural Bengal Heritage,"Famous Durga Puja celebration in East Kolkata & Salt Lake, Kolkata featuring traditional rituals and vibrant community festivities.",4.5,,06:00 AM,12:00 AM
190,2 No Basudebpur Sarbojanin Durga Puja,Behala,"2 No Basudebpur Sarbojanin Durga Puja, 2 No Basudebpur, Behala, Kolkata, West Bengal, 700034, India",22.496012,88.312023,https://images.pujapath.in/pandals/2_no_basudebpur_sarbojanin_durga_puja.jpg,300,Behala Bazar,8.2,Moderate,Traditional Sabeki Protima & Cultural Bengal Heritage,"Famous Durga Puja celebration in Behala, Kolkata featuring traditional rituals and vibrant community festivities.",4.5,,06:00 AM,12:00 AM
191,7er Pally Sarbojanin Durga Puja Committee,Behala,"7er Pally Sarbojanin Durga Puja Committee, 7er Pally, Behala, Kolkata, West Bengal, 700034, India",22.495334,88.312412,https://images.pujapath.in/pandals/7er_pally_sarbojanin_durga_puja_committee.jpg,500,Behala Bazar,8.3,Moderate,Traditional Sabeki Protima & Cultural Bengal Heritage,"Famous Durga Puja celebration in Behala, Kolkata featuring traditional rituals and vibrant community festivities.",4.5,,06:00 AM,12:00 AM
192,Acharya Prafulla Sangha,Behala,"Acharya Prafulla Sangha, Acharya Prafulla Sangha, Behala, Kolkata, West Bengal, 700034, India",22.494645,88.311734,https://images.pujapath.in/pandals/acharya_prafulla_sangha.jpg,700,Behala Bazar,8.4,Moderate,Traditional Sabeki Protima & Cultural Bengal Heritage,"Famous Durga Puja celebration in Behala, Kolkata featuring traditional rituals and vibrant community festivities.",4.5,,06:00 AM,12:00 AM
193,Ajeya Sanghati Durga Puja,Behala,"Ajeya Sanghati Durga Puja, Ajeya Sanghati, Behala, Kolkata, West Bengal, 700034, India",22.493012,88.311023,https://images.pujapath.in/pandals/ajeya_sanghati_durga_puja.jpg,900,Behala Bazar,9.3,High,Traditional Sabeki Protima & Cultural Bengal Heritage,"Famous Durga Puja celebration in Behala, Kolkata featuring traditional rituals and vibrant community festivities.",4.5,,06:00 AM,12:00 AM
194,Barisha Kumarpara Youngs' Club Durga Puja,Behala,"Barisha Kumarpara Youngs' Club Durga Puja, Barisha Kumarpara Youngs', Behala, Kolkata, West Bengal, 700038, India",22.483012,88.311023,https://images.pujapath.in/pandals/barisha_kumarpara_youngs_club_durga_puja.jpg,1100,Behala Chowrasta,8.6,Moderate,Traditional Sabeki Protima & Cultural Bengal Heritage,"Famous Durga Puja celebration in Behala, Kolkata featuring traditional rituals and vibrant community festivities.",4.5,,06:00 AM,12:00 AM
195,Barisha Maitree Sangha Durgotsab,Behala,"Barisha Maitree Sangha Durgotsab, Barisha Maitree Sangha Durgotsab, Behala, Kolkata, West Bengal, 700038, India",22.482334,88.311412,https://images.pujapath.in/pandals/barisha_maitree_sangha_durgotsab.jpg,300,Behala Chowrasta,7.2,Low,Traditional Sabeki Protima & Cultural Bengal Heritage,"Famous Durga Puja celebration in Behala, Kolkata featuring traditional rituals and vibrant community festivities.",4.5,,06:00 AM,12:00 AM
196,Barisha Milani Sangha Durga Puja,Behala,"Barisha Milani Sangha Durga Puja, Barisha Milani Sangha, Behala, Kolkata, West Bengal, 700038, India",22.481645,88.310734,https://images.pujapath.in/pandals/barisha_milani_sangha_durga_puja.jpg,500,Behala Chowrasta,7.3,Low,Traditional Sabeki Protima & Cultural Bengal Heritage,"Famous Durga Puja celebration in Behala, Kolkata featuring traditional rituals and vibrant community festivities.",4.5,,06:00 AM,12:00 AM
197,Barisha Netaji Sangha Durga Puja,Behala,"Barisha Netaji Sangha Durga Puja, Barisha Netaji Sangha, Behala, Kolkata, West Bengal, 700038, India",22.480012,88.310023,https://images.pujapath.in/pandals/barisha_netaji_sangha_durga_puja.jpg,700,Behala Chowrasta,7.4,Low,Traditional Sabeki Protima & Cultural Bengal Heritage,"Famous Durga Puja celebration in Behala, Kolkata featuring traditional rituals and vibrant community festivities.",4.5,,06:00 AM,12:00 AM
198,Barisha Sarbojanin Durgotsab,Behala,"Barisha Sarbojanin Durgotsab, Barisha Durgotsab, Behala, Kolkata, West Bengal, 700038, India",22.479334,88.310412,https://images.pujapath.in/pandals/barisha_sarbojanin_durgotsab.jpg,900,Behala Chowrasta,7.5,Low,Traditional Sabeki Protima & Cultural Bengal Heritage,"Famous Durga Puja celebration in Behala, Kolkata featuring traditional rituals and vibrant community festivities.",4.5,,06:00 AM,12:00 AM
199,Barisha Saterpalli Sammilani Durga Puja,Behala,"Barisha Saterpalli Sammilani Durga Puja, Barisha Saterpalli Sammilani, Behala, Kolkata, West Bengal, 700038, India",22.478645,88.309734,https://images.pujapath.in/pandals/barisha_saterpalli_sammilani_durga_puja.jpg,1100,Behala Chowrasta,7.6,Low,Traditional Sabeki Protima & Cultural Bengal Heritage,"Famous Durga Puja celebration in Behala, Kolkata featuring traditional rituals and vibrant community festivities.",4.5,,06:00 AM,12:00 AM
200,Behala 11 Pally Durga Puja,Behala,"Behala 11 Pally Durga Puja, Behala 11 Pally, Behala, Kolkata, West Bengal, 700034, India",22.492012,88.315023,https://images.pujapath.in/pandals/behala_11_pally_durga_puja.jpg,300,Behala Bazar,7.7,Low,Traditional Sabeki Protima & Cultural Bengal Heritage,"Famous Durga Puja celebration in Behala, Kolkata featuring traditional rituals and vibrant community festivities.",4.5,,06:00 AM,12:00 AM
201,Haridevpur 41 Palli,Haridevpur,"Haridevpur 41 Palli, Haridevpur 41 Palli, Haridevpur, Kolkata, West Bengal, 700033, India",22.480534,88.337512,https://images.pujapath.in/pandals/haridevpur_41_palli.jpg,500,Mahanayak Uttam Kumar,9.1,High,Traditional Sabeki Protima & Cultural Bengal Heritage,"Famous Durga Puja celebration in Haridevpur, Kolkata featuring traditional rituals and vibrant community festivities.",4.5,,06:00 AM,12:00 AM
202,Vivekananda Park Athletic Club Durga Puja,Haridevpur,"Vivekananda Park Athletic Club Durga Puja, Vivekananda Park Athletic, Haridevpur, Kolkata, West Bengal, 700033, India",22.479812,88.337934,https://images.pujapath.in/pandals/vivekananda_park_athletic_club_durga_puja.jpg,700,Mahanayak Uttam Kumar,7.9,Low,Traditional Sabeki Protima & Cultural Bengal Heritage,"Famous Durga Puja celebration in Haridevpur, Kolkata featuring traditional rituals and vibrant community festivities.",4.5,,06:00 AM,12:00 AM
203,Haridevpur Nabinsathi Club,Haridevpur,"Haridevpur Nabinsathi Club, Haridevpur Nabinsathi, Haridevpur, Kolkata, West Bengal, 700033, India",22.479134,88.337212,https://images.pujapath.in/pandals/haridevpur_nabinsathi_club.jpg,900,Mahanayak Uttam Kumar,8.0,Moderate,Traditional Sabeki Protima & Cultural Bengal Heritage,"Famous Durga Puja celebration in Haridevpur, Kolkata featuring traditional rituals and vibrant community festivities.",4.5,,06:00 AM,12:00 AM
204,Sodepur Jatiya Sangha Durga Puja,Haridevpur,"Sodepur Jatiya Sangha Durga Puja, Sodepur Jatiya Sangha, Haridevpur, Kolkata, West Bengal, 700033, India",22.477012,88.336023,https://images.pujapath.in/pandals/sodepur_jatiya_sangha_durga_puja.jpg,1100,Mahanayak Uttam Kumar,8.1,Moderate,Traditional Sabeki Protima & Cultural Bengal Heritage,"Famous Durga Puja celebration in Haridevpur, Kolkata featuring traditional rituals and vibrant community festivities.",4.5,,06:00 AM,12:00 AM
205,Adarsha Samiti Club Durga Puja,Haridevpur,"Adarsha Samiti Club Durga Puja, Adarsha Samiti, Haridevpur, Kolkata, West Bengal, 700033, India",22.476334,88.336412,https://images.pujapath.in/pandals/adarsha_samiti_club_durga_puja.jpg,300,Mahanayak Uttam Kumar,8.2,Moderate,Traditional Sabeki Protima & Cultural Bengal Heritage,"Famous Durga Puja celebration in Haridevpur, Kolkata featuring traditional rituals and vibrant community festivities.",4.5,,06:00 AM,12:00 AM
206,Haridevpur Vivekananda Park,Haridevpur,"Haridevpur Vivekananda Park, Haridevpur Vivekananda Park, Haridevpur, Kolkata, West Bengal, 700033, India",22.475645,88.335734,https://images.pujapath.in/pandals/haridevpur_vivekananda_park.jpg,500,Mahanayak Uttam Kumar,8.3,Moderate,Traditional Sabeki Protima & Cultural Bengal Heritage,"Famous Durga Puja celebration in Haridevpur, Kolkata featuring traditional rituals and vibrant community festivities.",4.5,,06:00 AM,12:00 AM
207,Haridevpur Friends Club Durga Puja,Haridevpur,"Haridevpur Friends Club Durga Puja, Haridevpur Friends, Haridevpur, Kolkata, West Bengal, 700033, India",22.474012,88.335023,https://images.pujapath.in/pandals/haridevpur_friends_club_durga_puja.jpg,700,Mahanayak Uttam Kumar,8.4,Moderate,Traditional Sabeki Protima & Cultural Bengal Heritage,"Famous Durga Puja celebration in Haridevpur, Kolkata featuring traditional rituals and vibrant community festivities.",4.5,,06:00 AM,12:00 AM
208,Haridevpur Paschimpara Sarbojanin,Haridevpur,"Haridevpur Paschimpara Sarbojanin, Haridevpur Paschimpara, Haridevpur, Kolkata, West Bengal, 700033, India",22.473334,88.335412,https://images.pujapath.in/pandals/haridevpur_paschimpara_sarbojanin.jpg,900,Mahanayak Uttam Kumar,8.5,Moderate,Traditional Sabeki Protima & Cultural Bengal Heritage,"Famous Durga Puja celebration in Haridevpur, Kolkata featuring traditional rituals and vibrant community festivities.",4.5,,06:00 AM,12:00 AM
209,Haridevpur New Sporting Club,Haridevpur,"Haridevpur New Sporting Club, Haridevpur New Sporting, Haridevpur, Kolkata, West Bengal, 700033, India",22.472645,88.334734,https://images.pujapath.in/pandals/haridevpur_new_sporting_club.jpg,1100,Mahanayak Uttam Kumar,8.6,Moderate,Traditional Sabeki Protima & Cultural Bengal Heritage,"Famous Durga Puja celebration in Haridevpur, Kolkata featuring traditional rituals and vibrant community festivities.",4.5,,06:00 AM,12:00 AM
210,Dum Dum Park Tarun Sangha,Dum Dum / South Dumdum,"Dum Dum Park Tarun Sangha, Dum Dum Park Tarun Sangha, Dum Dum / South Dumdum, Kolkata, West Bengal, 700055, India",22.611123,88.398545,https://images.pujapath.in/pandals/dum_dum_park_tarun_sangha.jpg,300,Dum Dum,9.0,High,Traditional Sabeki Protima & Cultural Bengal Heritage,"Famous Durga Puja celebration in Dum Dum / South Dumdum, Kolkata featuring traditional rituals and vibrant community festivities.",4.5,,06:00 AM,12:00 AM
211,Dum Dum Park Bharat Chakra,Dum Dum / South Dumdum,"Dum Dum Park Bharat Chakra, Dum Dum Park Bharat Chakra, Dum Dum / South Dumdum, Kolkata, West Bengal, 700055, India",22.610512,88.399234,https://images.pujapath.in/pandals/dum_dum_park_bharat_chakra.jpg,500,Dum Dum,9.1,High,Traditional Sabeki Protima & Cultural Bengal Heritage,"Famous Durga Puja celebration in Dum Dum / South Dumdum, Kolkata featuring traditional rituals and vibrant community festivities.",4.5,,06:00 AM,12:00 AM
212,Dum Dum Park Yubak Brinda,Dum Dum / South Dumdum,"Dum Dum Park Yubak Brinda, Dum Dum Park Yubak Brinda, Dum Dum / South Dumdum, Kolkata, West Bengal, 700055, India",22.609834,88.399612,https://images.pujapath.in/pandals/dum_dum_park_yubak_brinda.jpg,700,Dum Dum,7.4,Low,Traditional Sabeki Protima & Cultural Bengal Heritage,"Famous Durga Puja celebration in Dum Dum / South Dumdum, Kolkata featuring traditional rituals and vibrant community festivities.",4.5,,06:00 AM,12:00 AM
213,Dum Dum Park Sarbojanin Durga Puja Samity,Dum Dum / South Dumdum,"Dum Dum Park Sarbojanin Durga Puja Samity, Dum Dum Park Samity, Dum Dum / South Dumdum, Kolkata, West Bengal, 700055, India",22.609145,88.398934,https://images.pujapath.in/pandals/dum_dum_park_sarbojanin_durga_puja_samity.jpg,900,Dum Dum,7.5,Low,Traditional Sabeki Protima & Cultural Bengal Heritage,"Famous Durga Puja celebration in Dum Dum / South Dumdum, Kolkata featuring traditional rituals and vibrant community festivities.",4.5,,06:00 AM,12:00 AM
214,Dakshindari Youth,Dum Dum / South Dumdum,"Dakshindari Youth, Dakshindari Youth, Dum Dum / South Dumdum, Kolkata, West Bengal, 700055, India",22.603012,88.394023,https://images.pujapath.in/pandals/dakshindari_youth.jpg,1100,Dum Dum,7.6,Low,Traditional Sabeki Protima & Cultural Bengal Heritage,"Famous Durga Puja celebration in Dum Dum / South Dumdum, Kolkata featuring traditional rituals and vibrant community festivities.",4.5,,06:00 AM,12:00 AM
215,Dum Dum Tarun Dal,Dum Dum / South Dumdum,"Dum Dum Tarun Dal, Dum Dum Tarun Dal, Dum Dum / South Dumdum, Kolkata, West Bengal, 700055, India",22.621012,88.379023,https://images.pujapath.in/pandals/dum_dum_tarun_dal.jpg,300,Dum Dum,7.7,Low,Traditional Sabeki Protima & Cultural Bengal Heritage,"Famous Durga Puja celebration in Dum Dum / South Dumdum, Kolkata featuring traditional rituals and vibrant community festivities.",4.5,,06:00 AM,12:00 AM
216,Dum Dum Tarun Sangha,Dum Dum / South Dumdum,"Dum Dum Tarun Sangha, Dum Dum Tarun Sangha, Dum Dum / South Dumdum, Kolkata, West Bengal, 700055, India",22.620334,88.379412,https://images.pujapath.in/pandals/dum_dum_tarun_sangha.jpg,500,Dum Dum,7.8,Low,Traditional Sabeki Protima & Cultural Bengal Heritage,"Famous Durga Puja celebration in Dum Dum / South Dumdum, Kolkata featuring traditional rituals and vibrant community festivities.",4.5,,06:00 AM,12:00 AM
217,Dum Dum Motijheel College Para Durga Puja,Dum Dum / South Dumdum,"Dum Dum Motijheel College Para Durga Puja, Dum Dum Motijheel College Para, Dum Dum / South Dumdum, Kolkata, West Bengal, 700055, India",22.623012,88.382023,https://images.pujapath.in/pandals/dum_dum_motijheel_college_para_durga_puja.jpg,700,Dum Dum,7.9,Low,Traditional Sabeki Protima & Cultural Bengal Heritage,"Famous Durga Puja celebration in Dum Dum / South Dumdum, Kolkata featuring traditional rituals and vibrant community festivities.",4.5,,06:00 AM,12:00 AM
218,Dum Dum Park Bharat Mata Puja,Dum Dum / South Dumdum,"Dum Dum Park Bharat Mata Puja, Dum Dum Park Bharat Mata Puja, Dum Dum / South Dumdum, Kolkata, West Bengal, 700055, India",22.610012,88.398023,https://images.pujapath.in/pandals/dum_dum_park_bharat_mata_puja.jpg,900,Dum Dum,8.0,Moderate,Traditional Sabeki Protima & Cultural Bengal Heritage,"Famous Durga Puja celebration in Dum Dum / South Dumdum, Kolkata featuring traditional rituals and vibrant community festivities.",4.5,,06:00 AM,12:00 AM
219,Nagerbazar Sarbojanin Durga Puja,Dum Dum / South Dumdum,"Nagerbazar Sarbojanin Durga Puja, Nagerbazar, Dum Dum / South Dumdum, Kolkata, West Bengal, 700055, India",22.628012,88.391023,https://images.pujapath.in/pandals/nagerbazar_sarbojanin_durga_puja.jpg,1100,Dum Dum,8.1,Moderate,Traditional Sabeki Protima & Cultural Bengal Heritage,"Famous Durga Puja celebration in Dum Dum / South Dumdum, Kolkata featuring traditional rituals and vibrant community festivities.",4.5,,06:00 AM,12:00 AM
220,New Town Sarbojanin Durga Puja,New Town,"New Town Sarbojanin Durga Puja, New Town, New Town, Kolkata, West Bengal, 700091, India",22.586012,88.462023,https://images.pujapath.in/pandals/new_town_sarbojanin_durga_puja.jpg,300,Karunamoyee,8.2,Moderate,Traditional Sabeki Protima & Cultural Bengal Heritage,"Famous Durga Puja celebration in New Town, Kolkata featuring traditional rituals and vibrant community festivities.",4.5,,06:00 AM,12:00 AM
221,"New Town Durga Puja Committee, BG Block",New Town,"New Town Durga Puja Committee, BG Block, New Town, BG Block, New Town, Kolkata, West Bengal, 700091, India",22.585334,88.462412,https://images.pujapath.in/pandals/new_town_durga_puja_committee_bg_block.jpg,500,Karunamoyee,8.3,Moderate,Traditional Sabeki Protima & Cultural Bengal Heritage,"Famous Durga Puja celebration in New Town, Kolkata featuring traditional rituals and vibrant community festivities.",4.5,,06:00 AM,12:00 AM
222,AA 1D Sarbojanin Durga Puja,New Town,"AA 1D Sarbojanin Durga Puja, AA 1D, New Town, Kolkata, West Bengal, 700091, India",22.584645,88.461734,https://images.pujapath.in/pandals/aa_1d_sarbojanin_durga_puja.jpg,700,Karunamoyee,8.4,Moderate,Traditional Sabeki Protima & Cultural Bengal Heritage,"Famous Durga Puja celebration in New Town, Kolkata featuring traditional rituals and vibrant community festivities.",4.5,,06:00 AM,12:00 AM
223,BD Block Durga Puja,New Town,"BD Block Durga Puja, BD Block, New Town, Kolkata, West Bengal, 700064, India",22.587012,88.465023,https://images.pujapath.in/pandals/bd_block_durga_puja.jpg,900,City Centre,8.5,Moderate,Traditional Sabeki Protima & Cultural Bengal Heritage,"Famous Durga Puja celebration in New Town, Kolkata featuring traditional rituals and vibrant community festivities.",4.5,,06:00 AM,12:00 AM
224,CD Block Durga Puja,New Town,"CD Block Durga Puja, CD Block, New Town, Kolkata, West Bengal, 700091, India",22.586334,88.465412,https://images.pujapath.in/pandals/cd_block_durga_puja.jpg,1100,Karunamoyee,8.6,Moderate,Traditional Sabeki Protima & Cultural Bengal Heritage,"Famous Durga Puja celebration in New Town, Kolkata featuring traditional rituals and vibrant community festivities.",4.5,,06:00 AM,12:00 AM
225,DB Block Durga Puja,New Town,"DB Block Durga Puja, DB Block, New Town, Kolkata, West Bengal, 700091, India",22.585645,88.464734,https://images.pujapath.in/pandals/db_block_durga_puja.jpg,300,Karunamoyee,7.2,Low,Traditional Sabeki Protima & Cultural Bengal Heritage,"Famous Durga Puja celebration in New Town, Kolkata featuring traditional rituals and vibrant community festivities.",4.5,,06:00 AM,12:00 AM
226,BA Block Durga Puja,New Town,"BA Block Durga Puja, BA Block, New Town, Kolkata, West Bengal, 700091, India",22.584012,88.464023,https://images.pujapath.in/pandals/ba_block_durga_puja.jpg,500,Karunamoyee,7.3,Low,Traditional Sabeki Protima & Cultural Bengal Heritage,"Famous Durga Puja celebration in New Town, Kolkata featuring traditional rituals and vibrant community festivities.",4.5,,06:00 AM,12:00 AM
227,CG Block Durga Puja,New Town,"CG Block Durga Puja, CG Block, New Town, Kolkata, West Bengal, 700091, India",22.583334,88.464412,https://images.pujapath.in/pandals/cg_block_durga_puja.jpg,700,Karunamoyee,7.4,Low,Traditional Sabeki Protima & Cultural Bengal Heritage,"Famous Durga Puja celebration in New Town, Kolkata featuring traditional rituals and vibrant community festivities.",4.5,,06:00 AM,12:00 AM
228,B Block Durga Puja,New Town,"B Block Durga Puja, B Block, New Town, Kolkata, West Bengal, 700091, India",22.582645,88.463734,https://images.pujapath.in/pandals/b_block_durga_puja.jpg,900,Karunamoyee,7.5,Low,Traditional Sabeki Protima & Cultural Bengal Heritage,"Famous Durga Puja celebration in New Town, Kolkata featuring traditional rituals and vibrant community festivities.",4.5,,06:00 AM,12:00 AM
229,New Town Action Area 1 Puja Committee,New Town,"New Town Action Area 1 Puja Committee, New Town Action Area 1 Puja, New Town, Kolkata, West Bengal, 700091, India",22.581012,88.463023,https://images.pujapath.in/pandals/new_town_action_area_1_puja_committee.jpg,1100,Karunamoyee,7.6,Low,Traditional Sabeki Protima & Cultural Bengal Heritage,"Famous Durga Puja celebration in New Town, Kolkata featuring traditional rituals and vibrant community festivities.",4.5,,06:00 AM,12:00 AM
230,AK Block Salt Lake Durga Puja,Salt Lake,"AK Block Salt Lake Durga Puja, AK Block Salt Lake, Salt Lake, Kolkata, West Bengal, 700064, India",22.589012,88.412023,https://images.pujapath.in/pandals/ak_block_salt_lake_durga_puja.jpg,300,City Centre,9.0,High,Traditional Sabeki Protima & Cultural Bengal Heritage,"Famous Durga Puja celebration in Salt Lake, Kolkata featuring traditional rituals and vibrant community festivities.",4.5,,06:00 AM,12:00 AM
231,BD Block Sarbojanin Durgotsab,Salt Lake,"BD Block Sarbojanin Durgotsab, BD Block Durgotsab, Salt Lake, Kolkata, West Bengal, 700064, India",22.587334,88.411412,https://images.pujapath.in/pandals/bd_block_sarbojanin_durgotsab.jpg,500,City Centre,7.8,Low,Traditional Sabeki Protima & Cultural Bengal Heritage,"Famous Durga Puja celebration in Salt Lake, Kolkata featuring traditional rituals and vibrant community festivities.",4.5,,06:00 AM,12:00 AM
232,BJ Block Saradotsav,Salt Lake,"BJ Block Saradotsav, BJ Block Saradotsav, Salt Lake, Kolkata, West Bengal, 700064, India",22.584312,88.417823,https://images.pujapath.in/pandals/bj_block_saradotsav.jpg,700,City Centre,7.9,Low,Traditional Sabeki Protima & Cultural Bengal Heritage,"Famous Durga Puja celebration in Salt Lake, Kolkata featuring traditional rituals and vibrant community festivities.",4.5,,06:00 AM,12:00 AM
233,FD Block Durga Puja,Salt Lake,"FD Block Durga Puja, FD Block, Salt Lake, Kolkata, West Bengal, 700064, India",22.576534,88.411223,https://images.pujapath.in/pandals/fd_block_durga_puja.jpg,900,City Centre,9.3,High,Traditional Sabeki Protima & Cultural Bengal Heritage,"Famous Durga Puja celebration in Salt Lake, Kolkata featuring traditional rituals and vibrant community festivities.",4.5,,06:00 AM,12:00 AM
234,HB Block Durga Puja,Salt Lake,"HB Block Durga Puja, HB Block, Salt Lake, Kolkata, West Bengal, 700064, India",22.582012,88.416023,https://images.pujapath.in/pandals/hb_block_durga_puja.jpg,1100,City Centre,8.1,Moderate,Traditional Sabeki Protima & Cultural Bengal Heritage,"Famous Durga Puja celebration in Salt Lake, Kolkata featuring traditional rituals and vibrant community festivities.",4.5,,06:00 AM,12:00 AM
235,EC Block Durga Puja,Salt Lake,"EC Block Durga Puja, EC Block, Salt Lake, Kolkata, West Bengal, 700064, India",22.581334,88.416412,https://images.pujapath.in/pandals/ec_block_durga_puja.jpg,300,City Centre,8.2,Moderate,Traditional Sabeki Protima & Cultural Bengal Heritage,"Famous Durga Puja celebration in Salt Lake, Kolkata featuring traditional rituals and vibrant community festivities.",4.5,,06:00 AM,12:00 AM
236,EE Block Durga Puja,Salt Lake,"EE Block Durga Puja, EE Block, Salt Lake, Kolkata, West Bengal, 700064, India",22.580645,88.415734,https://images.pujapath.in/pandals/ee_block_durga_puja.jpg,500,City Centre,8.3,Moderate,Traditional Sabeki Protima & Cultural Bengal Heritage,"Famous Durga Puja celebration in Salt Lake, Kolkata featuring traditional rituals and vibrant community festivities.",4.5,,06:00 AM,12:00 AM
237,Salt Lake Labony Estate Durga Puja,Salt Lake,"Salt Lake Labony Estate Durga Puja, Salt Lake Labony Estate, Salt Lake, Kolkata, West Bengal, 700064, India",22.585012,88.414023,https://images.pujapath.in/pandals/salt_lake_labony_estate_durga_puja.jpg,700,City Centre,8.4,Moderate,Traditional Sabeki Protima & Cultural Bengal Heritage,"Famous Durga Puja celebration in Salt Lake, Kolkata featuring traditional rituals and vibrant community festivities.",4.5,,06:00 AM,12:00 AM
238,Behala Nutan Dal Durga Puja,Behala,"Behala Nutan Dal Durga Puja, Behala Nutan Dal, Behala, Kolkata, West Bengal, 700034, India",22.489012,88.318023,https://images.pujapath.in/pandals/behala_nutan_dal_durga_puja.jpg,900,Behala Bazar,9.8,Extremely High,Traditional Sabeki Protima & Cultural Bengal Heritage,"Famous Durga Puja celebration in Behala, Kolkata featuring traditional rituals and vibrant community festivities.",4.5,,06:00 AM,12:00 AM
239,Behala Friends Durga Puja,Behala,"Behala Friends Durga Puja, Behala Friends, Behala, Kolkata, West Bengal, 700034, India",22.493012,88.316023,https://images.pujapath.in/pandals/behala_friends_durga_puja.jpg,1100,Behala Bazar,8.6,Moderate,Traditional Sabeki Protima & Cultural Bengal Heritage,"Famous Durga Puja celebration in Behala, Kolkata featuring traditional rituals and vibrant community festivities.",4.5,,06:00 AM,12:00 AM
240,Behala Club Durga Puja,Behala,"Behala Club Durga Puja, Behala, Behala, Kolkata, West Bengal, 700034, India",22.492334,88.316412,https://images.pujapath.in/pandals/behala_club_durga_puja.jpg,300,Behala Bazar,7.2,Low,Traditional Sabeki Protima & Cultural Bengal Heritage,"Famous Durga Puja celebration in Behala, Kolkata featuring traditional rituals and vibrant community festivities.",4.5,,06:00 AM,12:00 AM
241,Behala Young Men's Association Durga Puja,Behala,"Behala Young Men's Association Durga Puja, Behala Young Men's Association, Behala, Kolkata, West Bengal, 700034, India",22.491645,88.315734,https://images.pujapath.in/pandals/behala_young_mens_association_durga_puja.jpg,500,Behala Bazar,7.3,Low,Traditional Sabeki Protima & Cultural Bengal Heritage,"Famous Durga Puja celebration in Behala, Kolkata featuring traditional rituals and vibrant community festivities.",4.5,,06:00 AM,12:00 AM
242,Barisha Club Durga Puja,Behala,"Barisha Club Durga Puja, Barisha, Behala, Kolkata, West Bengal, 700038, India",22.482123,88.312034,https://images.pujapath.in/pandals/barisha_club_durga_puja.jpg,700,Behala Chowrasta,9.2,High,Traditional Sabeki Protima & Cultural Bengal Heritage,"Famous Durga Puja celebration in Behala, Kolkata featuring traditional rituals and vibrant community festivities.",4.5,,06:00 AM,12:00 AM
243,Barisha Janakalyan Sangha Durga Puja,Behala,"Barisha Janakalyan Sangha Durga Puja, Barisha Janakalyan Sangha, Behala, Kolkata, West Bengal, 700038, India",22.480012,88.309023,https://images.pujapath.in/pandals/barisha_janakalyan_sangha_durga_puja.jpg,900,Behala Chowrasta,7.5,Low,Traditional Sabeki Protima & Cultural Bengal Heritage,"Famous Durga Puja celebration in Behala, Kolkata featuring traditional rituals and vibrant community festivities.",4.5,,06:00 AM,12:00 AM
244,Mudiali Club Durga Puja,South Kolkata,"Mudiali Club Durga Puja, Mudiali, South Kolkata, Kolkata, West Bengal, 700029, India",22.513512,88.349634,https://images.pujapath.in/pandals/mudiali_club_durga_puja.jpg,1100,Rabindra Sarobar,9.4,High,Traditional Sabeki Protima & Cultural Bengal Heritage,"Famous Durga Puja celebration in South Kolkata, Kolkata featuring traditional rituals and vibrant community festivities.",4.5,,06:00 AM,12:00 AM
245,Hazra Park Sarbojanin Durga Puja,South Kolkata,"Hazra Park Sarbojanin Durga Puja, Hazra Park, South Kolkata, Kolkata, West Bengal, 700026, India",22.524012,88.346023,https://images.pujapath.in/pandals/hazra_park_sarbojanin_durga_puja.jpg,300,Kalighat,9.5,Extremely High,Traditional Sabeki Protima & Cultural Bengal Heritage,"Famous Durga Puja celebration in South Kolkata, Kolkata featuring traditional rituals and vibrant community festivities.",4.5,,06:00 AM,12:00 AM
246,Bosepukur Sitala Mandir Durga Puja,South Kolkata,"Bosepukur Sitala Mandir Durga Puja, Bosepukur Sitala Mandir, South Kolkata, Kolkata, West Bengal, 700026, India",22.515512,88.384234,https://images.pujapath.in/pandals/bosepukur_sitala_mandir_durga_puja.jpg,500,Kalighat,9.6,Extremely High,Traditional Sabeki Protima & Cultural Bengal Heritage,"Famous Durga Puja celebration in South Kolkata, Kolkata featuring traditional rituals and vibrant community festivities.",4.5,,06:00 AM,12:00 AM
247,Rajdanga Naba Udayan Sangha Durga Puja,South Kolkata,"Rajdanga Naba Udayan Sangha Durga Puja, Rajdanga Naba Udayan Sangha, South Kolkata, Kolkata, West Bengal, 700026, India",22.511012,88.389023,https://images.pujapath.in/pandals/rajdanga_naba_udayan_sangha_durga_puja.jpg,700,Kalighat,7.9,Low,Traditional Sabeki Protima & Cultural Bengal Heritage,"Famous Durga Puja celebration in South Kolkata, Kolkata featuring traditional rituals and vibrant community festivities.",4.5,,06:00 AM,12:00 AM
248,Shibmandir Durga Puja,South Kolkata,"Shibmandir Durga Puja, Shibmandir, South Kolkata, Kolkata, West Bengal, 700029, India",22.515234,88.350845,https://images.pujapath.in/pandals/shibmandir_durga_puja.jpg,900,Rabindra Sarobar,9.8,Extremely High,Traditional Sabeki Protima & Cultural Bengal Heritage,"Famous Durga Puja celebration in South Kolkata, Kolkata featuring traditional rituals and vibrant community festivities.",4.5,,06:00 AM,12:00 AM
