toilet_name,location_address,latitude,longitude,cleanliness_score,gender_access,female_friendly,nearest_pandal,distance_to_pandal_meters
KMC Public Convenience & Urinal Block (Ahiritola Cluster - Unit 1),"Local Auto Stand & Bus Stop Corner, Near Ahiritola Jubak Brinda Durga Puja, North Kolkata, Kolkata",22.597562,88.358402,2.9,Male / Female,No,Ahiritola Jubak Brinda Durga Puja,152
KMC Smart Bio-Toilet E-Utility (Ahiritola Cluster - Unit 2),"Pedestrian Footpath / Green Verge, Near Ahiritola Jubak Brinda Durga Puja, North Kolkata, Kolkata",22.596576,88.360299,4.0,Both,Yes,Ahiritola Jubak Brinda Durga Puja,215
She-Toilet / Pink Booth Public Restroom (Ahiritola Cluster - Unit 3),"Women's Public Restroom Hub / High Street Corner, Near Ahiritola Jubak Brinda Durga Puja, North Kolkata, Kolkata",22.593654,88.361454,4.4,Female,Yes,Ahiritola Jubak Brinda Durga Puja,435
Sulabh Sauchalaya Public Convenience (Ahiritola Cluster - Unit 4),"Main Road Junction / Market Complex, Near Ahiritola Jubak Brinda Durga Puja, North Kolkata, Kolkata",22.592823,88.355427,3.6,Both,Yes,Ahiritola Jubak Brinda Durga Puja,474
KMC Pay & Use Public Toilet Complex (Ahiritola Cluster - Unit 5),"Near Municipal Park / Ward Health Unit, Near Ahiritola Jubak Brinda Durga Puja, North Kolkata, Kolkata",22.598206,88.352552,3.9,Both,Yes,Ahiritola Jubak Brinda Durga Puja,625
She-Toilet / Pink Booth Public Restroom (Amherst Cluster - Unit 1),"Women's Public Restroom Hub / High Street Corner, Near Amherst Sarbojanin Durgotsab, North Kolkata, Kolkata",22.587775,88.367769,4.4,Female,Yes,Amherst Sarbojanin Durgotsab,421
Sulabh Sauchalaya Public Convenience (Amherst Cluster - Unit 2),"Main Road Junction / Market Complex, Near Amherst Sarbojanin Durgotsab, North Kolkata, Kolkata",22.585902,88.370907,3.7,Both,Yes,Amherst Sarbojanin Durgotsab,422
Metro Station Concourse Public Restroom (Amherst Cluster - Unit 3),"Metro Station Exit Gate / Sub-surface Area, Near Amherst Sarbojanin Durgotsab, North Kolkata, Kolkata",22.580714,88.369413,4.0,Both,Yes,Amherst Sarbojanin Durgotsab,424
KMC Community Pay & Use Facility (Amherst Cluster - Unit 4),"Bazaar Lane & Vegetable Market Approach, Near Amherst Sarbojanin Durgotsab, North Kolkata, Kolkata",22.580921,88.364736,3.3,Male / Female,No,Amherst Sarbojanin Durgotsab,436
KMC Smart Bio-Toilet E-Utility (Amherst Cluster - Unit 5),"Pedestrian Footpath / Green Verge, Near Amherst Sarbojanin Durgotsab, North Kolkata, Kolkata",22.586186,88.362906,4.0,Both,Yes,Amherst Sarbojanin Durgotsab,516
Sulabh Sauchalaya Public Convenience (Aswiningar Cluster - Unit 1),"Main Road Junction / Market Complex, Near Aswiningar Sarbojanin Durgotsav, North Kolkata, Kolkata",22.614432,88.36508,3.6,Both,Yes,Aswiningar Sarbojanin Durgotsav,244
She-Toilet / Pink Booth Public Restroom (Aswiningar Cluster - Unit 2),"Women's Public Restroom Hub / High Street Corner, Near Aswiningar Sarbojanin Durgotsav, North Kolkata, Kolkata",22.611641,88.368378,4.6,Female,Yes,Aswiningar Sarbojanin Durgotsav,341
KMC Smart Bio-Toilet E-Utility (Aswiningar Cluster - Unit 3),"Pedestrian Footpath / Green Verge, Near Aswiningar Sarbojanin Durgotsav, North Kolkata, Kolkata",22.607788,88.364399,3.9,Both,Yes,Aswiningar Sarbojanin Durgotsav,500
SBM Public Utility Toilet Block (Aswiningar Cluster - Unit 4),"Borough Service Station & Community Hall, Near Aswiningar Sarbojanin Durgotsav, North Kolkata, Kolkata",22.611483,88.359976,3.3,Both,Yes,Aswiningar Sarbojanin Durgotsav,535
She-Toilet / Pink Booth Public Restroom (Baghbazar Cluster - Unit 1),"Women's Public Restroom Hub / High Street Corner, Near Baghbazar Palli Puja O Pradarshani, North Kolkata, Kolkata",22.60561,88.366937,4.5,Female,Yes,Baghbazar Palli Puja O Pradarshani,260
Sulabh Sauchalaya Public Convenience (Baghbazar Cluster - Unit 2),"Main Road Junction / Market Complex, Near Baghbazar Palli Puja O Pradarshani, North Kolkata, Kolkata",22.60365,88.370325,3.5,Both,Yes,Baghbazar Palli Puja O Pradarshani,416
SBM Public Utility Toilet Block (Baghbazar Cluster - Unit 3),"Borough Service Station & Community Hall, Near Baghbazar Palli Puja O Pradarshani, North Kolkata, Kolkata",22.599715,88.368155,3.4,Both,Yes,Baghbazar Palli Puja O Pradarshani,447
KMC Community Pay & Use Facility (Baghbazar Cluster - Unit 4),"Bazaar Lane & Vegetable Market Approach, Near Baghbazar Palli Puja O Pradarshani, North Kolkata, Kolkata",22.599341,88.361634,3.3,Male / Female,No,Baghbazar Palli Puja O Pradarshani,653
KMC Smart Bio-Toilet E-Utility (Baghbazar Cluster - Unit 5),"Pedestrian Footpath / Green Verge, Near Baghbazar Palli Puja O Pradarshani, North Kolkata, Kolkata",22.604234,88.359891,4.1,Both,Yes,Baghbazar Palli Puja O Pradarshani,664
KMC Public Convenience & Urinal Block (Bandhudal Cluster - Unit 1),"Local Auto Stand & Bus Stop Corner, Near Bandhudal Durgotsob, North Kolkata, Kolkata",22.60578,88.361382,3.1,Male / Female,No,Bandhudal Durgotsob,219
She-Toilet / Pink Booth Public Restroom (Bandhudal Cluster - Unit 2),"Women's Public Restroom Hub / High Street Corner, Near Bandhudal Durgotsob, North Kolkata, Kolkata",22.604266,88.364815,4.1,Female,Yes,Bandhudal Durgotsob,341
Sulabh Sauchalaya Public Convenience (Bandhudal Cluster - Unit 3),"Main Road Junction / Market Complex, Near Bandhudal Durgotsob, North Kolkata, Kolkata",22.599867,88.361113,3.6,Both,Yes,Bandhudal Durgotsob,441
KMC Smart Bio-Toilet E-Utility (Bandhudal Cluster - Unit 4),"Pedestrian Footpath / Green Verge, Near Bandhudal Durgotsob, North Kolkata, Kolkata",22.604159,88.356826,4.1,Both,Yes,Bandhudal Durgotsob,485
Metro Station Concourse Public Restroom (Beadon Cluster - Unit 1),"Metro Station Exit Gate / Sub-surface Area, Near Beadon Street Sarbojanin Durgotsav, North Kolkata, Kolkata",22.61298,88.371945,4.2,Both,Yes,Beadon Street Sarbojanin Durgotsav,152
Sulabh Sauchalaya Public Convenience (Beadon Cluster - Unit 2),"Main Road Junction / Market Complex, Near Beadon Street Sarbojanin Durgotsav, North Kolkata, Kolkata",22.611207,88.37515,3.3,Both,Yes,Beadon Street Sarbojanin Durgotsav,353
KMC Smart Bio-Toilet E-Utility (Beadon Cluster - Unit 3),"Pedestrian Footpath / Green Verge, Near Beadon Street Sarbojanin Durgotsav, North Kolkata, Kolkata",22.607836,88.371281,3.7,Both,Yes,Beadon Street Sarbojanin Durgotsav,424
KMC Community Pay & Use Facility (Beadon Cluster - Unit 4),"Bazaar Lane & Vegetable Market Approach, Near Beadon Street Sarbojanin Durgotsav, North Kolkata, Kolkata",22.612018,88.366218,3.2,Male / Female,No,Beadon Street Sarbojanin Durgotsav,569
She-Toilet / Pink Booth Public Restroom (Belgachia Cluster - Unit 1),"Women's Public Restroom Hub / High Street Corner, Near Belgachia Sadharan Durgotsab, North Kolkata, Kolkata",22.599377,88.382969,4.4,Female,Yes,Belgachia Sadharan Durgotsab,454
KMC Pay & Use Public Toilet Complex (Belgachia Cluster - Unit 2),"Near Municipal Park / Ward Health Unit, Near Belgachia Sadharan Durgotsab, North Kolkata, Kolkata",22.595934,88.386494,3.5,Both,Yes,Belgachia Sadharan Durgotsab,473
Metro Station Concourse Public Restroom (Belgachia Cluster - Unit 3),"Metro Station Exit Gate / Sub-surface Area, Near Belgachia Sadharan Durgotsab, North Kolkata, Kolkata",22.590682,88.380972,4.3,Both,Yes,Belgachia Sadharan Durgotsab,535
KMC Public Convenience & Urinal Block (Belgachia Cluster - Unit 4),"Local Auto Stand & Bus Stop Corner, Near Belgachia Sadharan Durgotsab, North Kolkata, Kolkata",22.59651,88.376579,3.2,Male / Female,No,Belgachia Sadharan Durgotsab,562
Metro Station Concourse Public Restroom (Belgachia Cluster - Unit 1),"Metro Station Exit Gate / Sub-surface Area, Near Belgachia Yuba Sammilani Durga Puja, North Kolkata, Kolkata",22.604503,88.367735,4.3,Both,Yes,Belgachia Yuba Sammilani Durga Puja,147
Sulabh Sauchalaya Public Convenience (Belgachia Cluster - Unit 2),"Main Road Junction / Market Complex, Near Belgachia Yuba Sammilani Durga Puja, North Kolkata, Kolkata",22.604094,88.371156,3.6,Both,Yes,Belgachia Yuba Sammilani Durga Puja,324
KMC Community Pay & Use Facility (Belgachia Cluster - Unit 3),"Bazaar Lane & Vegetable Market Approach, Near Belgachia Yuba Sammilani Durga Puja, North Kolkata, Kolkata",22.601128,88.370608,3.0,Male / Female,No,Belgachia Yuba Sammilani Durga Puja,345
KMC Smart Bio-Toilet E-Utility (Belgachia Cluster - Unit 4),"Pedestrian Footpath / Green Verge, Near Belgachia Yuba Sammilani Durga Puja, North Kolkata, Kolkata",22.599733,88.366303,3.6,Both,Yes,Belgachia Yuba Sammilani Durga Puja,433
She-Toilet / Pink Booth Public Restroom (Belgachia Cluster - Unit 5),"Women's Public Restroom Hub / High Street Corner, Near Belgachia Yuba Sammilani Durga Puja, North Kolkata, Kolkata",22.604969,88.364015,4.4,Female,Yes,Belgachia Yuba Sammilani Durga Puja,466
KMC Public Convenience & Urinal Block (Bhagabati Cluster - Unit 1),"Local Auto Stand & Bus Stop Corner, Near Bhagabati Park Durga Puja Committee, North Kolkata, Kolkata",22.612173,88.377963,3.2,Male / Female,No,Bhagabati Park Durga Puja Committee,134
Sulabh Sauchalaya Public Convenience (Bhagabati Cluster - Unit 2),"Main Road Junction / Market Complex, Near Bhagabati Park Durga Puja Committee, North Kolkata, Kolkata",22.610738,88.379965,3.7,Both,Yes,Bhagabati Park Durga Puja Committee,171
SBM Public Utility Toilet Block (Bhagabati Cluster - Unit 3),"Borough Service Station & Community Hall, Near Bhagabati Park Durga Puja Committee, North Kolkata, Kolkata",22.607918,88.378136,3.6,Both,Yes,Bhagabati Park Durga Puja Committee,345
KMC Pay & Use Public Toilet Complex (Bhagabati Cluster - Unit 4),"Near Municipal Park / Ward Health Unit, Near Bhagabati Park Durga Puja Committee, North Kolkata, Kolkata",22.611171,88.373427,3.7,Both,Yes,Bhagabati Park Durga Puja Committee,503
KMC Public Convenience & Urinal Block (Bharatiya Cluster - Unit 1),"Local Auto Stand & Bus Stop Corner, Near Bharatiya Tarun Sangha Durga Puja, North Kolkata, Kolkata",22.598356,88.365138,3.2,Male / Female,No,Bharatiya Tarun Sangha Durga Puja,398
She-Toilet / Pink Booth Public Restroom (Bharatiya Cluster - Unit 2),"Women's Public Restroom Hub / High Street Corner, Near Bharatiya Tarun Sangha Durga Puja, North Kolkata, Kolkata",22.596774,88.36934,4.5,Female,Yes,Bharatiya Tarun Sangha Durga Puja,539
SBM Public Utility Toilet Block (Bharatiya Cluster - Unit 3),"Borough Service Station & Community Hall, Near Bharatiya Tarun Sangha Durga Puja, North Kolkata, Kolkata",22.590422,88.367882,3.3,Both,Yes,Bharatiya Tarun Sangha Durga Puja,598
KMC Pay & Use Public Toilet Complex (Bharatiya Cluster - Unit 4),"Near Municipal Park / Ward Health Unit, Near Bharatiya Tarun Sangha Durga Puja, North Kolkata, Kolkata",22.591062,88.360088,3.4,Both,Yes,Bharatiya Tarun Sangha Durga Puja,619
Sulabh Sauchalaya Public Convenience (Bharatiya Cluster - Unit 5),"Main Road Junction / Market Complex, Near Bharatiya Tarun Sangha Durga Puja, North Kolkata, Kolkata",22.594983,88.358194,3.2,Both,Yes,Bharatiya Tarun Sangha Durga Puja,651
KMC Smart Bio-Toilet E-Utility (Brindaban Cluster - Unit 1),"Pedestrian Footpath / Green Verge, Near Brindaban Matri Mandir Durga Puja, North Kolkata, Kolkata",22.604616,88.374243,4.1,Both,Yes,Brindaban Matri Mandir Durga Puja,224
Sulabh Sauchalaya Public Convenience (Brindaban Cluster - Unit 2),"Main Road Junction / Market Complex, Near Brindaban Matri Mandir Durga Puja, North Kolkata, Kolkata",22.60335,88.377203,3.7,Both,Yes,Brindaban Matri Mandir Durga Puja,267
She-Toilet / Pink Booth Public Restroom (Brindaban Cluster - Unit 3),"Women's Public Restroom Hub / High Street Corner, Near Brindaban Matri Mandir Durga Puja, North Kolkata, Kolkata",22.598602,88.373523,4.6,Female,Yes,Brindaban Matri Mandir Durga Puja,466
KMC Public Convenience & Urinal Block (Brindaban Cluster - Unit 4),"Local Auto Stand & Bus Stop Corner, Near Brindaban Matri Mandir Durga Puja, North Kolkata, Kolkata",22.60256,88.369824,2.7,Male / Female,No,Brindaban Matri Mandir Durga Puja,502
KMC Public Convenience & Urinal Block (Calcutta Cluster - Unit 1),"Local Auto Stand & Bus Stop Corner, Near Calcutta Youth Forum, North Kolkata, Kolkata",22.611502,88.36091,3.0,Male / Female,No,Calcutta Youth Forum,121
Sulabh Sauchalaya Public Convenience (Calcutta Cluster - Unit 2),"Main Road Junction / Market Complex, Near Calcutta Youth Forum, North Kolkata, Kolkata",22.610747,88.36307,3.6,Both,Yes,Calcutta Youth Forum,222
SBM Public Utility Toilet Block (Calcutta Cluster - Unit 3),"Borough Service Station & Community Hall, Near Calcutta Youth Forum, North Kolkata, Kolkata",22.607849,88.360565,3.2,Both,Yes,Calcutta Youth Forum,287
KMC Community Pay & Use Facility (Calcutta Cluster - Unit 4),"Bazaar Lane & Vegetable Market Approach, Near Calcutta Youth Forum, North Kolkata, Kolkata",22.609115,88.355895,3.0,Male / Female,No,Calcutta Youth Forum,537
She-Toilet / Pink Booth Public Restroom (Campbagan Cluster - Unit 1),"Women's Public Restroom Hub / High Street Corner, Near Campbagan Sadharan Durgotsav, North Kolkata, Kolkata",22.597197,88.371382,4.4,Female,Yes,Campbagan Sadharan Durgotsav,331
KMC Community Pay & Use Facility (Campbagan Cluster - Unit 2),"Bazaar Lane & Vegetable Market Approach, Near Campbagan Sadharan Durgotsav, North Kolkata, Kolkata",22.595334,88.375854,3.3,Male / Female,No,Campbagan Sadharan Durgotsav,501
KMC Public Convenience & Urinal Block (Campbagan Cluster - Unit 3),"Local Auto Stand & Bus Stop Corner, Near Campbagan Sadharan Durgotsav, North Kolkata, Kolkata",22.591187,88.374716,2.9,Male / Female,No,Campbagan Sadharan Durgotsav,501
SBM Public Utility Toilet Block (Campbagan Cluster - Unit 4),"Borough Service Station & Community Hall, Near Campbagan Sadharan Durgotsav, North Kolkata, Kolkata",22.590549,88.367041,3.2,Both,Yes,Campbagan Sadharan Durgotsav,586
Sulabh Sauchalaya Public Convenience (Campbagan Cluster - Unit 5),"Main Road Junction / Market Complex, Near Campbagan Sadharan Durgotsav, North Kolkata, Kolkata",22.595473,88.364934,3.3,Both,Yes,Campbagan Sadharan Durgotsav,650
Sulabh Sauchalaya Public Convenience (Chaltabagan Cluster - Unit 1),"Main Road Junction / Market Complex, Near Chaltabagan Lohapatty Durga Puja, North Kolkata, Kolkata",22.585706,88.36918,3.3,Both,Yes,Chaltabagan Lohapatty Durga Puja,179
She-Toilet / Pink Booth Public Restroom (Chaltabagan Cluster - Unit 2),"Women's Public Restroom Hub / High Street Corner, Near Chaltabagan Lohapatty Durga Puja, North Kolkata, Kolkata",22.583911,88.371636,4.5,Female,Yes,Chaltabagan Lohapatty Durga Puja,219
KMC Community Pay & Use Facility (Chaltabagan Cluster - Unit 3),"Bazaar Lane & Vegetable Market Approach, Near Chaltabagan Lohapatty Durga Puja, North Kolkata, Kolkata",22.581225,88.370315,2.9,Male / Female,No,Chaltabagan Lohapatty Durga Puja,333
Metro Station Concourse Public Restroom (Chaltabagan Cluster - Unit 4),"Metro Station Exit Gate / Sub-surface Area, Near Chaltabagan Lohapatty Durga Puja, North Kolkata, Kolkata",22.582919,88.363715,4.3,Both,Yes,Chaltabagan Lohapatty Durga Puja,610
SBM Public Utility Toilet Block (Chorebagan Cluster - Unit 1),"Borough Service Station & Community Hall, Near Chorebagan Sarbojanin Durgotsab Samity, North Kolkata, Kolkata",22.611028,88.367391,3.2,Both,Yes,Chorebagan Sarbojanin Durgotsab Samity,132
KMC Public Convenience & Urinal Block (Chorebagan Cluster - Unit 2),"Local Auto Stand & Bus Stop Corner, Near Chorebagan Sarbojanin Durgotsab Samity, North Kolkata, Kolkata",22.609999,88.370759,3.2,Male / Female,No,Chorebagan Sarbojanin Durgotsab Samity,333
Sulabh Sauchalaya Public Convenience (Chorebagan Cluster - Unit 3),"Main Road Junction / Market Complex, Near Chorebagan Sarbojanin Durgotsab Samity, North Kolkata, Kolkata",22.606859,88.367923,3.7,Both,Yes,Chorebagan Sarbojanin Durgotsab Samity,335
She-Toilet / Pink Booth Public Restroom (Chorebagan Cluster - Unit 4),"Women's Public Restroom Hub / High Street Corner, Near Chorebagan Sarbojanin Durgotsab Samity, North Kolkata, Kolkata",22.610008,88.364073,4.4,Female,Yes,Chorebagan Sarbojanin Durgotsab Samity,355
KMC Smart Bio-Toilet E-Utility (Cossipore Cluster - Unit 1),"Pedestrian Footpath / Green Verge, Near Cossipore Shakti Sangha Durga Puja, North Kolkata, Kolkata",22.595693,88.378029,4.1,Both,Yes,Cossipore Shakti Sangha Durga Puja,233
KMC Pay & Use Public Toilet Complex (Cossipore Cluster - Unit 2),"Near Municipal Park / Ward Health Unit, Near Cossipore Shakti Sangha Durga Puja, North Kolkata, Kolkata",22.594483,88.379909,3.4,Both,Yes,Cossipore Shakti Sangha Durga Puja,243
KMC Public Convenience & Urinal Block (Cossipore Cluster - Unit 3),"Local Auto Stand & Bus Stop Corner, Near Cossipore Shakti Sangha Durga Puja, North Kolkata, Kolkata",22.591143,88.379347,2.9,Male / Female,No,Cossipore Shakti Sangha Durga Puja,321
SBM Public Utility Toilet Block (Cossipore Cluster - Unit 4),"Borough Service Station & Community Hall, Near Cossipore Shakti Sangha Durga Puja, North Kolkata, Kolkata",22.588348,88.37557,3.6,Both,Yes,Cossipore Shakti Sangha Durga Puja,626
Sulabh Sauchalaya Public Convenience (Cossipore Cluster - Unit 5),"Main Road Junction / Market Complex, Near Cossipore Shakti Sangha Durga Puja, North Kolkata, Kolkata",22.595401,88.371808,3.5,Both,Yes,Cossipore Shakti Sangha Durga Puja,640
KMC Pay & Use Public Toilet Complex (Dakshin Cluster - Unit 1),"Near Municipal Park / Ward Health Unit, Near Dakshin Rabindrapally Sarbojanin Durga Puja, North Kolkata, Kolkata",22.604222,88.364732,3.7,Both,Yes,Dakshin Rabindrapally Sarbojanin Durga Puja,322
Sulabh Sauchalaya Public Convenience (Dakshin Cluster - Unit 2),"Main Road Junction / Market Complex, Near Dakshin Rabindrapally Sarbojanin Durga Puja, North Kolkata, Kolkata",22.60275,88.366739,3.2,Both,Yes,Dakshin Rabindrapally Sarbojanin Durga Puja,323
SBM Public Utility Toilet Block (Dakshin Cluster - Unit 3),"Borough Service Station & Community Hall, Near Dakshin Rabindrapally Sarbojanin Durga Puja, North Kolkata, Kolkata",22.598837,88.365932,3.5,Both,Yes,Dakshin Rabindrapally Sarbojanin Durga Puja,353
KMC Public Convenience & Urinal Block (Dakshin Cluster - Unit 4),"Local Auto Stand & Bus Stop Corner, Near Dakshin Rabindrapally Sarbojanin Durga Puja, North Kolkata, Kolkata",22.597305,88.361425,2.8,Male / Female,No,Dakshin Rabindrapally Sarbojanin Durga Puja,526
She-Toilet / Pink Booth Public Restroom (Dakshin Cluster - Unit 5),"Women's Public Restroom Hub / High Street Corner, Near Dakshin Rabindrapally Sarbojanin Durga Puja, North Kolkata, Kolkata",22.602132,88.358801,4.5,Female,Yes,Dakshin Rabindrapally Sarbojanin Durga Puja,534
KMC Community Pay & Use Facility (Darjeepara Cluster - Unit 1),"Bazaar Lane & Vegetable Market Approach, Near Darjeepara Sarbojanin Durgotsab Samity, North Kolkata, Kolkata",22.611032,88.374718,3.1,Male / Female,No,Darjeepara Sarbojanin Durgotsab Samity,211
SBM Public Utility Toilet Block (Darjeepara Cluster - Unit 2),"Borough Service Station & Community Hall, Near Darjeepara Sarbojanin Durgotsab Samity, North Kolkata, Kolkata",22.609283,88.376815,3.2,Both,Yes,Darjeepara Sarbojanin Durgotsab Samity,276
Sulabh Sauchalaya Public Convenience (Darjeepara Cluster - Unit 3),"Main Road Junction / Market Complex, Near Darjeepara Sarbojanin Durgotsab Samity, North Kolkata, Kolkata",22.606248,88.37719,3.5,Both,Yes,Darjeepara Sarbojanin Durgotsab Samity,456
She-Toilet / Pink Booth Public Restroom (Darjeepara Cluster - Unit 4),"Women's Public Restroom Hub / High Street Corner, Near Darjeepara Sarbojanin Durgotsab Samity, North Kolkata, Kolkata",22.605868,88.371456,4.5,Female,Yes,Darjeepara Sarbojanin Durgotsab Samity,462
Metro Station Concourse Public Restroom (Darjeepara Cluster - Unit 5),"Metro Station Exit Gate / Sub-surface Area, Near Darjeepara Sarbojanin Durgotsab Samity, North Kolkata, Kolkata",22.610726,88.368522,3.9,Both,Yes,Darjeepara Sarbojanin Durgotsab Samity,599
She-Toilet / Pink Booth Public Restroom (Deshbandhunagar Cluster - Unit 1),"Women's Public Restroom Hub / High Street Corner, Near Deshbandhunagar Sarbojanin Durgotsab, North Kolkata, Kolkata",22.616341,88.368627,4.1,Female,Yes,Deshbandhunagar Sarbojanin Durgotsab,186
KMC Community Pay & Use Facility (Deshbandhunagar Cluster - Unit 2),"Bazaar Lane & Vegetable Market Approach, Near Deshbandhunagar Sarbojanin Durgotsab, North Kolkata, Kolkata",22.615268,88.369833,2.9,Male / Female,No,Deshbandhunagar Sarbojanin Durgotsab,186
KMC Pay & Use Public Toilet Complex (Deshbandhunagar Cluster - Unit 3),"Near Municipal Park / Ward Health Unit, Near Deshbandhunagar Sarbojanin Durgotsab, North Kolkata, Kolkata",22.611663,88.369942,3.5,Both,Yes,Deshbandhunagar Sarbojanin Durgotsab,390
Sulabh Sauchalaya Public Convenience (Deshbandhunagar Cluster - Unit 4),"Main Road Junction / Market Complex, Near Deshbandhunagar Sarbojanin Durgotsab, North Kolkata, Kolkata",22.611742,88.36477,3.7,Both,Yes,Deshbandhunagar Sarbojanin Durgotsab,478
SBM Public Utility Toilet Block (Deshbandhunagar Cluster - Unit 5),"Borough Service Station & Community Hall, Near Deshbandhunagar Sarbojanin Durgotsab, North Kolkata, Kolkata",22.616598,88.363318,3.1,Both,Yes,Deshbandhunagar Sarbojanin Durgotsab,534
Metro Station Concourse Public Restroom (Dum Cluster - Unit 1),"Metro Station Exit Gate / Sub-surface Area, Near Dum Dum Park Bharat Chakra Durga Puja, North Kolkata, Kolkata",22.613032,88.398701,4.0,Both,Yes,Dum Dum Park Bharat Chakra Durga Puja,286
KMC Community Pay & Use Facility (Dum Cluster - Unit 2),"Bazaar Lane & Vegetable Market Approach, Near Dum Dum Park Bharat Chakra Durga Puja, North Kolkata, Kolkata",22.609948,88.402813,2.9,Male / Female,No,Dum Dum Park Bharat Chakra Durga Puja,373
KMC Pay & Use Public Toilet Complex (Dum Cluster - Unit 3),"Near Municipal Park / Ward Health Unit, Near Dum Dum Park Bharat Chakra Durga Puja, North Kolkata, Kolkata",22.60703,88.399978,3.7,Both,Yes,Dum Dum Park Bharat Chakra Durga Puja,395
KMC Smart Bio-Toilet E-Utility (Dum Cluster - Unit 4),"Pedestrian Footpath / Green Verge, Near Dum Dum Park Bharat Chakra Durga Puja, North Kolkata, Kolkata",22.610309,88.393783,3.6,Both,Yes,Dum Dum Park Bharat Chakra Durga Puja,560
KMC Community Pay & Use Facility (Dum Cluster - Unit 1),"Bazaar Lane & Vegetable Market Approach, Near Dum Dum Park Sarbojanin Durga Puja, North Kolkata, Kolkata",22.632611,88.387957,3.1,Male / Female,No,Dum Dum Park Sarbojanin Durga Puja,261
She-Toilet / Pink Booth Public Restroom (Dum Cluster - Unit 2),"Women's Public Restroom Hub / High Street Corner, Near Dum Dum Park Sarbojanin Durga Puja, North Kolkata, Kolkata",22.631407,88.39168,4.6,Female,Yes,Dum Dum Park Sarbojanin Durga Puja,344
KMC Pay & Use Public Toilet Complex (Dum Cluster - Unit 3),"Near Municipal Park / Ward Health Unit, Near Dum Dum Park Sarbojanin Durga Puja, North Kolkata, Kolkata",22.626769,88.392271,3.6,Both,Yes,Dum Dum Park Sarbojanin Durga Puja,550
Metro Station Concourse Public Restroom (Dum Cluster - Unit 4),"Metro Station Exit Gate / Sub-surface Area, Near Dum Dum Park Sarbojanin Durga Puja, North Kolkata, Kolkata",22.626363,88.384208,4.4,Both,Yes,Dum Dum Park Sarbojanin Durga Puja,626
SBM Public Utility Toilet Block (Dum Cluster - Unit 5),"Borough Service Station & Community Hall, Near Dum Dum Park Sarbojanin Durga Puja, North Kolkata, Kolkata",22.631438,88.382386,3.3,Both,Yes,Dum Dum Park Sarbojanin Durga Puja,644
She-Toilet / Pink Booth Public Restroom (Goabagan Cluster - Unit 1),"Women's Public Restroom Hub / High Street Corner, Near Goabagan Sarodatsav Sammilani Durga Puja, North Kolkata, Kolkata",22.594392,88.367035,4.5,Female,Yes,Goabagan Sarodatsav Sammilani Durga Puja,220
KMC Public Convenience & Urinal Block (Goabagan Cluster - Unit 2),"Local Auto Stand & Bus Stop Corner, Near Goabagan Sarodatsav Sammilani Durga Puja, North Kolkata, Kolkata",22.592086,88.369071,3.0,Male / Female,No,Goabagan Sarodatsav Sammilani Durga Puja,222
Metro Station Concourse Public Restroom (Goabagan Cluster - Unit 3),"Metro Station Exit Gate / Sub-surface Area, Near Goabagan Sarodatsav Sammilani Durga Puja, North Kolkata, Kolkata",22.589673,88.36697,4.4,Both,Yes,Goabagan Sarodatsav Sammilani Durga Puja,305
KMC Community Pay & Use Facility (Goabagan Cluster - Unit 4),"Bazaar Lane & Vegetable Market Approach, Near Goabagan Sarodatsav Sammilani Durga Puja, North Kolkata, Kolkata",22.591423,88.363191,3.4,Male / Female,No,Goabagan Sarodatsav Sammilani Durga Puja,400
SBM Public Utility Toilet Block (Golaghata Cluster - Unit 1),"Borough Service Station & Community Hall, Near Golaghata Sammilani Durga Puja, North Kolkata, Kolkata",22.602256,88.376729,3.2,Both,Yes,Golaghata Sammilani Durga Puja,228
Metro Station Concourse Public Restroom (Golaghata Cluster - Unit 2),"Metro Station Exit Gate / Sub-surface Area, Near Golaghata Sammilani Durga Puja, North Kolkata, Kolkata",22.60155,88.37928,4.3,Both,Yes,Golaghata Sammilani Durga Puja,265
She-Toilet / Pink Booth Public Restroom (Golaghata Cluster - Unit 3),"Women's Public Restroom Hub / High Street Corner, Near Golaghata Sammilani Durga Puja, North Kolkata, Kolkata",22.597942,88.379891,4.4,Female,Yes,Golaghata Sammilani Durga Puja,382
KMC Community Pay & Use Facility (Golaghata Cluster - Unit 4),"Bazaar Lane & Vegetable Market Approach, Near Golaghata Sammilani Durga Puja, North Kolkata, Kolkata",22.597648,88.373972,3.4,Male / Female,No,Golaghata Sammilani Durga Puja,433
KMC Pay & Use Public Toilet Complex (Golaghata Cluster - Unit 5),"Near Municipal Park / Ward Health Unit, Near Golaghata Sammilani Durga Puja, North Kolkata, Kolkata",22.601544,88.371211,3.8,Both,Yes,Golaghata Sammilani Durga Puja,624
SBM Public Utility Toilet Block (Grey Cluster - Unit 1),"Borough Service Station & Community Hall, Near Grey Street Sarbojanin Durga Puja, North Kolkata, Kolkata",22.609511,88.363684,3.2,Both,Yes,Grey Street Sarbojanin Durga Puja,170
KMC Smart Bio-Toilet E-Utility (Grey Cluster - Unit 2),"Pedestrian Footpath / Green Verge, Near Grey Street Sarbojanin Durga Puja, North Kolkata, Kolkata",22.60812,88.366671,4.1,Both,Yes,Grey Street Sarbojanin Durga Puja,342
She-Toilet / Pink Booth Public Restroom (Grey Cluster - Unit 3),"Women's Public Restroom Hub / High Street Corner, Near Grey Street Sarbojanin Durga Puja, North Kolkata, Kolkata",22.604012,88.363054,4.5,Female,Yes,Grey Street Sarbojanin Durga Puja,446
KMC Pay & Use Public Toilet Complex (Grey Cluster - Unit 4),"Near Municipal Park / Ward Health Unit, Near Grey Street Sarbojanin Durga Puja, North Kolkata, Kolkata",22.608775,88.358774,3.6,Both,Yes,Grey Street Sarbojanin Durga Puja,477
KMC Public Convenience & Urinal Block (Halsibagan Cluster - Unit 1),"Local Auto Stand & Bus Stop Corner, Near Halsibagan Sarbojanin Durgotsab, North Kolkata, Kolkata",22.593515,88.373598,3.0,Male / Female,No,Halsibagan Sarbojanin Durgotsab,188
KMC Community Pay & Use Facility (Halsibagan Cluster - Unit 2),"Bazaar Lane & Vegetable Market Approach, Near Halsibagan Sarbojanin Durgotsab, North Kolkata, Kolkata",22.592732,88.37738,3.4,Male / Female,No,Halsibagan Sarbojanin Durgotsab,410
SBM Public Utility Toilet Block (Halsibagan Cluster - Unit 3),"Borough Service Station & Community Hall, Near Halsibagan Sarbojanin Durgotsab, North Kolkata, Kolkata",22.587099,88.372633,3.6,Both,Yes,Halsibagan Sarbojanin Durgotsab,533
KMC Smart Bio-Toilet E-Utility (Halsibagan Cluster - Unit 4),"Pedestrian Footpath / Green Verge, Near Halsibagan Sarbojanin Durgotsab, North Kolkata, Kolkata",22.59034,88.368014,3.8,Both,Yes,Halsibagan Sarbojanin Durgotsab,588
Metro Station Concourse Public Restroom (Hari Cluster - Unit 1),"Metro Station Exit Gate / Sub-surface Area, Near Hari Ghosh Street Sarbojanin, North Kolkata, Kolkata",22.600977,88.359918,4.2,Both,Yes,Hari Ghosh Street Sarbojanin,149
KMC Public Convenience & Urinal Block (Hari Cluster - Unit 2),"Local Auto Stand & Bus Stop Corner, Near Hari Ghosh Street Sarbojanin, North Kolkata, Kolkata",22.599355,88.363282,2.8,Male / Female,No,Hari Ghosh Street Sarbojanin,366
KMC Smart Bio-Toilet E-Utility (Hari Cluster - Unit 3),"Pedestrian Footpath / Green Verge, Near Hari Ghosh Street Sarbojanin, North Kolkata, Kolkata",22.595312,88.358769,4.0,Both,Yes,Hari Ghosh Street Sarbojanin,492
KMC Pay & Use Public Toilet Complex (Hari Cluster - Unit 4),"Near Municipal Park / Ward Health Unit, Near Hari Ghosh Street Sarbojanin, North Kolkata, Kolkata",22.600908,88.35365,3.4,Both,Yes,Hari Ghosh Street Sarbojanin,640
KMC Public Convenience & Urinal Block (Hatibagan Cluster - Unit 1),"Local Auto Stand & Bus Stop Corner, Near Hatibagan Nabinpally Sarbojanin Durgotsav, North Kolkata, Kolkata",22.609906,88.370258,3.0,Male / Female,No,Hatibagan Nabinpally Sarbojanin Durgotsav,279
She-Toilet / Pink Booth Public Restroom (Hatibagan Cluster - Unit 2),"Women's Public Restroom Hub / High Street Corner, Near Hatibagan Nabinpally Sarbojanin Durgotsav, North Kolkata, Kolkata",22.607874,88.372778,4.1,Female,Yes,Hatibagan Nabinpally Sarbojanin Durgotsav,298
KMC Smart Bio-Toilet E-Utility (Hatibagan Cluster - Unit 3),"Pedestrian Footpath / Green Verge, Near Hatibagan Nabinpally Sarbojanin Durgotsav, North Kolkata, Kolkata",22.604319,88.371215,3.7,Both,Yes,Hatibagan Nabinpally Sarbojanin Durgotsav,369
KMC Community Pay & Use Facility (Hatibagan Cluster - Unit 4),"Bazaar Lane & Vegetable Market Approach, Near Hatibagan Nabinpally Sarbojanin Durgotsav, North Kolkata, Kolkata",22.603099,88.367994,3.3,Male / Female,No,Hatibagan Nabinpally Sarbojanin Durgotsav,519
SBM Public Utility Toilet Block (Hatibagan Cluster - Unit 5),"Borough Service Station & Community Hall, Near Hatibagan Nabinpally Sarbojanin Durgotsav, North Kolkata, Kolkata",22.609508,88.365048,3.5,Both,Yes,Hatibagan Nabinpally Sarbojanin Durgotsav,552
Metro Station Concourse Public Restroom (Jagat Cluster - Unit 1),"Metro Station Exit Gate / Sub-surface Area, Near Jagat Mukherjee Park Durga Puja, North Kolkata, Kolkata",22.600076,88.361598,4.0,Both,Yes,Jagat Mukherjee Park Durga Puja,212
KMC Community Pay & Use Facility (Jagat Cluster - Unit 2),"Bazaar Lane & Vegetable Market Approach, Near Jagat Mukherjee Park Durga Puja, North Kolkata, Kolkata",22.599677,88.365027,3.1,Male / Female,No,Jagat Mukherjee Park Durga Puja,337
Sulabh Sauchalaya Public Convenience (Jagat Cluster - Unit 3),"Main Road Junction / Market Complex, Near Jagat Mukherjee Park Durga Puja, North Kolkata, Kolkata",22.595524,88.364146,3.7,Both,Yes,Jagat Mukherjee Park Durga Puja,365
KMC Pay & Use Public Toilet Complex (Jagat Cluster - Unit 4),"Near Municipal Park / Ward Health Unit, Near Jagat Mukherjee Park Durga Puja, North Kolkata, Kolkata",22.595323,88.359188,3.9,Both,Yes,Jagat Mukherjee Park Durga Puja,444
KMC Smart Bio-Toilet E-Utility (Jagat Cluster - Unit 5),"Pedestrian Footpath / Green Verge, Near Jagat Mukherjee Park Durga Puja, North Kolkata, Kolkata",22.600313,88.357306,4.0,Both,Yes,Jagat Mukherjee Park Durga Puja,548
Metro Station Concourse Public Restroom (Jokermath Cluster - Unit 1),"Metro Station Exit Gate / Sub-surface Area, Near Jokermath Sarbojonin Durga Puja, North Kolkata, Kolkata",22.606525,88.372242,4.1,Both,Yes,Jokermath Sarbojonin Durga Puja,146
Sulabh Sauchalaya Public Convenience (Jokermath Cluster - Unit 2),"Main Road Junction / Market Complex, Near Jokermath Sarbojonin Durga Puja, North Kolkata, Kolkata",22.605692,88.374727,3.7,Both,Yes,Jokermath Sarbojonin Durga Puja,252
KMC Community Pay & Use Facility (Jokermath Cluster - Unit 3),"Bazaar Lane & Vegetable Market Approach, Near Jokermath Sarbojonin Durga Puja, North Kolkata, Kolkata",22.600937,88.373432,3.2,Male / Female,No,Jokermath Sarbojonin Durga Puja,489
KMC Smart Bio-Toilet E-Utility (Jokermath Cluster - Unit 4),"Pedestrian Footpath / Green Verge, Near Jokermath Sarbojonin Durga Puja, North Kolkata, Kolkata",22.603797,88.366632,4.0,Both,Yes,Jokermath Sarbojonin Durga Puja,605
She-Toilet / Pink Booth Public Restroom (Kailash Cluster - Unit 1),"Women's Public Restroom Hub / High Street Corner, Near Kailash Bose Street Durga Puja, North Kolkata, Kolkata",22.591718,88.365782,4.4,Female,Yes,Kailash Bose Street Durga Puja,299
Sulabh Sauchalaya Public Convenience (Kailash Cluster - Unit 2),"Main Road Junction / Market Complex, Near Kailash Bose Street Durga Puja, North Kolkata, Kolkata",22.589304,88.369317,3.2,Both,Yes,Kailash Bose Street Durga Puja,392
Metro Station Concourse Public Restroom (Kailash Cluster - Unit 3),"Metro Station Exit Gate / Sub-surface Area, Near Kailash Bose Street Durga Puja, North Kolkata, Kolkata",22.585402,88.365737,4.0,Both,Yes,Kailash Bose Street Durga Puja,406
KMC Smart Bio-Toilet E-Utility (Kailash Cluster - Unit 4),"Pedestrian Footpath / Green Verge, Near Kailash Bose Street Durga Puja, North Kolkata, Kolkata",22.589426,88.360935,3.7,Both,Yes,Kailash Bose Street Durga Puja,472
She-Toilet / Pink Booth Public Restroom (Kankurgachi Cluster - Unit 1),"Women's Public Restroom Hub / High Street Corner, Near Kankurgachi Sarbojanin Durgotsab, North Kolkata, Kolkata",22.588459,88.375515,4.2,Female,Yes,Kankurgachi Sarbojanin Durgotsab,183
KMC Smart Bio-Toilet E-Utility (Kankurgachi Cluster - Unit 2),"Pedestrian Footpath / Green Verge, Near Kankurgachi Sarbojanin Durgotsab, North Kolkata, Kolkata",22.585762,88.380355,3.7,Both,Yes,Kankurgachi Sarbojanin Durgotsab,489
KMC Public Convenience & Urinal Block (Kankurgachi Cluster - Unit 3),"Local Auto Stand & Bus Stop Corner, Near Kankurgachi Sarbojanin Durgotsab, North Kolkata, Kolkata",22.581801,88.375212,2.8,Male / Female,No,Kankurgachi Sarbojanin Durgotsab,561
SBM Public Utility Toilet Block (Kankurgachi Cluster - Unit 4),"Borough Service Station & Community Hall, Near Kankurgachi Sarbojanin Durgotsab, North Kolkata, Kolkata",22.585605,88.36959,3.3,Both,Yes,Kankurgachi Sarbojanin Durgotsab,645
KMC Pay & Use Public Toilet Complex (Kashi Cluster - Unit 1),"Near Municipal Park / Ward Health Unit, Near Kashi Bose Lane Durga Puja Committee, North Kolkata, Kolkata",22.590937,88.368095,3.5,Both,Yes,Kashi Bose Lane Durga Puja Committee,189
SBM Public Utility Toilet Block (Kashi Cluster - Unit 2),"Borough Service Station & Community Hall, Near Kashi Bose Lane Durga Puja Committee, North Kolkata, Kolkata",22.589481,88.371067,3.1,Both,Yes,Kashi Bose Lane Durga Puja Committee,303
Metro Station Concourse Public Restroom (Kashi Cluster - Unit 3),"Metro Station Exit Gate / Sub-surface Area, Near Kashi Bose Lane Durga Puja Committee, North Kolkata, Kolkata",22.586498,88.368729,3.9,Both,Yes,Kashi Bose Lane Durga Puja Committee,311
KMC Smart Bio-Toilet E-Utility (Kashi Cluster - Unit 4),"Pedestrian Footpath / Green Verge, Near Kashi Bose Lane Durga Puja Committee, North Kolkata, Kolkata",22.588072,88.363602,3.7,Both,Yes,Kashi Bose Lane Durga Puja Committee,482
SBM Public Utility Toilet Block (Kumartuli Cluster - Unit 1),"Borough Service Station & Community Hall, Near Kumartuli Park Sarbojanin Durgotsab Committee, North Kolkata, Kolkata",22.60062,88.360492,3.4,Both,Yes,Kumartuli Park Sarbojanin Durgotsab Committee,128
She-Toilet / Pink Booth Public Restroom (Kumartuli Cluster - Unit 2),"Women's Public Restroom Hub / High Street Corner, Near Kumartuli Park Sarbojanin Durgotsab Committee, North Kolkata, Kolkata",22.600036,88.362658,4.3,Female,Yes,Kumartuli Park Sarbojanin Durgotsab Committee,264
Sulabh Sauchalaya Public Convenience (Kumartuli Cluster - Unit 3),"Main Road Junction / Market Complex, Near Kumartuli Park Sarbojanin Durgotsab Committee, North Kolkata, Kolkata",22.596907,88.361982,3.3,Both,Yes,Kumartuli Park Sarbojanin Durgotsab Committee,346
KMC Public Convenience & Urinal Block (Kumartuli Cluster - Unit 4),"Local Auto Stand & Bus Stop Corner, Near Kumartuli Park Sarbojanin Durgotsab Committee, North Kolkata, Kolkata",22.596589,88.358973,3.2,Male / Female,No,Kumartuli Park Sarbojanin Durgotsab Committee,347
KMC Smart Bio-Toilet E-Utility (Kumartuli Cluster - Unit 5),"Pedestrian Footpath / Green Verge, Near Kumartuli Park Sarbojanin Durgotsab Committee, North Kolkata, Kolkata",22.601911,88.355947,3.9,Both,Yes,Kumartuli Park Sarbojanin Durgotsab Committee,507
KMC Pay & Use Public Toilet Complex (Kumartuli Cluster - Unit 1),"Near Municipal Park / Ward Health Unit, Near Kumartuli Sarbojanin Durgotsab, North Kolkata, Kolkata",22.600057,88.3609,3.6,Both,Yes,Kumartuli Sarbojanin Durgotsab,142
KMC Public Convenience & Urinal Block (Kumartuli Cluster - Unit 2),"Local Auto Stand & Bus Stop Corner, Near Kumartuli Sarbojanin Durgotsab, North Kolkata, Kolkata",22.599083,88.364623,3.0,Male / Female,No,Kumartuli Sarbojanin Durgotsab,421
Sulabh Sauchalaya Public Convenience (Kumartuli Cluster - Unit 3),"Main Road Junction / Market Complex, Near Kumartuli Sarbojanin Durgotsab, North Kolkata, Kolkata",22.594892,88.360167,3.2,Both,Yes,Kumartuli Sarbojanin Durgotsab,439
KMC Smart Bio-Toilet E-Utility (Kumartuli Cluster - Unit 4),"Pedestrian Footpath / Green Verge, Near Kumartuli Sarbojanin Durgotsab, North Kolkata, Kolkata",22.599714,88.354048,3.6,Both,Yes,Kumartuli Sarbojanin Durgotsab,673
KMC Pay & Use Public Toilet Complex (Lake Cluster - Unit 1),"Near Municipal Park / Ward Health Unit, Near Lake View Park Sarbojanin Durgotsav Samity, North Kolkata, Kolkata",22.610713,88.370195,3.7,Both,Yes,Lake View Park Sarbojanin Durgotsav Samity,280
Sulabh Sauchalaya Public Convenience (Lake Cluster - Unit 2),"Main Road Junction / Market Complex, Near Lake View Park Sarbojanin Durgotsav Samity, North Kolkata, Kolkata",22.608663,88.374107,3.4,Both,Yes,Lake View Park Sarbojanin Durgotsav Samity,352
Metro Station Concourse Public Restroom (Lake Cluster - Unit 3),"Metro Station Exit Gate / Sub-surface Area, Near Lake View Park Sarbojanin Durgotsav Samity, North Kolkata, Kolkata",22.60479,88.371136,4.0,Both,Yes,Lake View Park Sarbojanin Durgotsav Samity,387
She-Toilet / Pink Booth Public Restroom (Lake Cluster - Unit 4),"Women's Public Restroom Hub / High Street Corner, Near Lake View Park Sarbojanin Durgotsav Samity, North Kolkata, Kolkata",22.608923,88.365454,4.4,Female,Yes,Lake View Park Sarbojanin Durgotsav Samity,545
Metro Station Concourse Public Restroom (Mahalla Cluster - Unit 1),"Metro Station Exit Gate / Sub-surface Area, Near Mahalla Sarbojanin Durgautsab Samity, North Kolkata, Kolkata",22.593318,88.356945,4.2,Both,Yes,Mahalla Sarbojanin Durgautsab Samity,145
KMC Community Pay & Use Facility (Mahalla Cluster - Unit 2),"Bazaar Lane & Vegetable Market Approach, Near Mahalla Sarbojanin Durgautsab Samity, North Kolkata, Kolkata",22.593378,88.361006,3.2,Male / Female,No,Mahalla Sarbojanin Durgautsab Samity,445
KMC Public Convenience & Urinal Block (Mahalla Cluster - Unit 3),"Local Auto Stand & Bus Stop Corner, Near Mahalla Sarbojanin Durgautsab Samity, North Kolkata, Kolkata",22.587333,88.35867,3.0,Male / Female,No,Mahalla Sarbojanin Durgautsab Samity,550
Sulabh Sauchalaya Public Convenience (Mahalla Cluster - Unit 4),"Main Road Junction / Market Complex, Near Mahalla Sarbojanin Durgautsab Samity, North Kolkata, Kolkata",22.587193,88.35426,3.2,Both,Yes,Mahalla Sarbojanin Durgautsab Samity,602
KMC Smart Bio-Toilet E-Utility (Mahalla Cluster - Unit 5),"Pedestrian Footpath / Green Verge, Near Mahalla Sarbojanin Durgautsab Samity, North Kolkata, Kolkata",22.595064,88.351797,3.8,Both,Yes,Mahalla Sarbojanin Durgautsab Samity,627
KMC Smart Bio-Toilet E-Utility (Mitali Cluster - Unit 1),"Pedestrian Footpath / Green Verge, Near Mitali Kankurgachi Durga Puja, North Kolkata, Kolkata",22.590993,88.367362,4.0,Both,Yes,Mitali Kankurgachi Durga Puja,131
KMC Pay & Use Public Toilet Complex (Mitali Cluster - Unit 2),"Near Municipal Park / Ward Health Unit, Near Mitali Kankurgachi Durga Puja, North Kolkata, Kolkata",22.591163,88.369548,3.9,Both,Yes,Mitali Kankurgachi Durga Puja,290
KMC Community Pay & Use Facility (Mitali Cluster - Unit 3),"Bazaar Lane & Vegetable Market Approach, Near Mitali Kankurgachi Durga Puja, North Kolkata, Kolkata",22.587543,88.368953,3.3,Male / Female,No,Mitali Kankurgachi Durga Puja,317
KMC Public Convenience & Urinal Block (Mitali Cluster - Unit 4),"Local Auto Stand & Bus Stop Corner, Near Mitali Kankurgachi Durga Puja, North Kolkata, Kolkata",22.587253,88.365411,2.7,Male / Female,No,Mitali Kankurgachi Durga Puja,337
She-Toilet / Pink Booth Public Restroom (Mitali Cluster - Unit 5),"Women's Public Restroom Hub / High Street Corner, Near Mitali Kankurgachi Durga Puja, North Kolkata, Kolkata",22.59012,88.360925,4.1,Female,Yes,Mitali Kankurgachi Durga Puja,637
KMC Community Pay & Use Facility (Nalin Cluster - Unit 1),"Bazaar Lane & Vegetable Market Approach, Near Nalin Sarkar Street Sarbojanin Durgotsab, North Kolkata, Kolkata",22.600757,88.377785,3.3,Male / Female,No,Nalin Sarkar Street Sarbojanin Durgotsab,353
KMC Public Convenience & Urinal Block (Nalin Cluster - Unit 2),"Local Auto Stand & Bus Stop Corner, Near Nalin Sarkar Street Sarbojanin Durgotsab, North Kolkata, Kolkata",22.596726,88.380866,3.0,Male / Female,No,Nalin Sarkar Street Sarbojanin Durgotsab,375
She-Toilet / Pink Booth Public Restroom (Nalin Cluster - Unit 3),"Women's Public Restroom Hub / High Street Corner, Near Nalin Sarkar Street Sarbojanin Durgotsab, North Kolkata, Kolkata",22.593826,88.378135,4.2,Female,Yes,Nalin Sarkar Street Sarbojanin Durgotsab,429
KMC Pay & Use Public Toilet Complex (Nalin Cluster - Unit 4),"Near Municipal Park / Ward Health Unit, Near Nalin Sarkar Street Sarbojanin Durgotsab, North Kolkata, Kolkata",22.59763,88.372632,3.6,Both,Yes,Nalin Sarkar Street Sarbojanin Durgotsab,484
KMC Smart Bio-Toilet E-Utility (Nimtala Cluster - Unit 1),"Pedestrian Footpath / Green Verge, Near Nimtala Sarbojanin Durgotsab, North Kolkata, Kolkata",22.596552,88.355067,4.1,Both,Yes,Nimtala Sarbojanin Durgotsab,125
KMC Pay & Use Public Toilet Complex (Nimtala Cluster - Unit 2),"Near Municipal Park / Ward Health Unit, Near Nimtala Sarbojanin Durgotsab, North Kolkata, Kolkata",22.594658,88.359879,3.4,Both,Yes,Nimtala Sarbojanin Durgotsab,487
KMC Public Convenience & Urinal Block (Nimtala Cluster - Unit 3),"Local Auto Stand & Bus Stop Corner, Near Nimtala Sarbojanin Durgotsab, North Kolkata, Kolkata",22.590587,88.354496,2.7,Male / Female,No,Nimtala Sarbojanin Durgotsab,544
Metro Station Concourse Public Restroom (Nimtala Cluster - Unit 4),"Metro Station Exit Gate / Sub-surface Area, Near Nimtala Sarbojanin Durgotsab, North Kolkata, Kolkata",22.596594,88.350044,4.4,Both,Yes,Nimtala Sarbojanin Durgotsab,546
SBM Public Utility Toilet Block (Sreebhumi Cluster - Unit 1),"Borough Service Station & Community Hall, Near Sreebhumi Sporting Club Durga Puja, North Kolkata, Kolkata",22.600957,88.397657,3.2,Both,Yes,Sreebhumi Sporting Club Durga Puja,137
Metro Station Concourse Public Restroom (Sreebhumi Cluster - Unit 2),"Metro Station Exit Gate / Sub-surface Area, Near Sreebhumi Sporting Club Durga Puja, North Kolkata, Kolkata",22.600384,88.399043,4.0,Both,Yes,Sreebhumi Sporting Club Durga Puja,164
KMC Community Pay & Use Facility (Sreebhumi Cluster - Unit 3),"Bazaar Lane & Vegetable Market Approach, Near Sreebhumi Sporting Club Durga Puja, North Kolkata, Kolkata",22.598389,88.398981,3.4,Male / Female,No,Sreebhumi Sporting Club Durga Puja,204
KMC Smart Bio-Toilet E-Utility (Sreebhumi Cluster - Unit 4),"Pedestrian Footpath / Green Verge, Near Sreebhumi Sporting Club Durga Puja, North Kolkata, Kolkata",22.596174,88.393196,4.0,Both,Yes,Sreebhumi Sporting Club Durga Puja,601
Sulabh Sauchalaya Public Convenience (Sreebhumi Cluster - Unit 5),"Main Road Junction / Market Complex, Near Sreebhumi Sporting Club Durga Puja, North Kolkata, Kolkata",22.601554,88.392041,3.4,Both,Yes,Sreebhumi Sporting Club Durga Puja,607
Metro Station Concourse Public Restroom (Tala Cluster - Unit 1),"Metro Station Exit Gate / Sub-surface Area, Near Tala Barowari Durgotsab, North Kolkata, Kolkata",22.608603,88.374973,4.1,Both,Yes,Tala Barowari Durgotsab,124
KMC Public Convenience & Urinal Block (Tala Cluster - Unit 2),"Local Auto Stand & Bus Stop Corner, Near Tala Barowari Durgotsab, North Kolkata, Kolkata",22.607948,88.378054,3.1,Male / Female,No,Tala Barowari Durgotsab,294
KMC Pay & Use Public Toilet Complex (Tala Cluster - Unit 3),"Near Municipal Park / Ward Health Unit, Near Tala Barowari Durgotsab, North Kolkata, Kolkata",22.604172,88.375358,3.5,Both,Yes,Tala Barowari Durgotsab,372
She-Toilet / Pink Booth Public Restroom (Tala Cluster - Unit 4),"Women's Public Restroom Hub / High Street Corner, Near Tala Barowari Durgotsab, North Kolkata, Kolkata",22.60842,88.36968,4.5,Female,Yes,Tala Barowari Durgotsab,579
KMC Smart Bio-Toilet E-Utility (Tala Cluster - Unit 1),"Pedestrian Footpath / Green Verge, Near Tala Dakshin Pally Durgotsav Committee, North Kolkata, Kolkata",22.609622,88.376176,4.1,Both,Yes,Tala Dakshin Pally Durgotsav Committee,317
KMC Community Pay & Use Facility (Tala Cluster - Unit 2),"Bazaar Lane & Vegetable Market Approach, Near Tala Dakshin Pally Durgotsav Committee, North Kolkata, Kolkata",22.607442,88.378682,3.1,Male / Female,No,Tala Dakshin Pally Durgotsav Committee,323
Metro Station Concourse Public Restroom (Tala Cluster - Unit 3),"Metro Station Exit Gate / Sub-surface Area, Near Tala Dakshin Pally Durgotsav Committee, North Kolkata, Kolkata",22.603549,88.376994,4.0,Both,Yes,Tala Dakshin Pally Durgotsav Committee,391
She-Toilet / Pink Booth Public Restroom (Tala Cluster - Unit 4),"Women's Public Restroom Hub / High Street Corner, Near Tala Dakshin Pally Durgotsav Committee, North Kolkata, Kolkata",22.603661,88.373221,4.3,Female,Yes,Tala Dakshin Pally Durgotsav Committee,429
Sulabh Sauchalaya Public Convenience (Tala Cluster - Unit 5),"Main Road Junction / Market Complex, Near Tala Dakshin Pally Durgotsav Committee, North Kolkata, Kolkata",22.607145,88.371215,3.4,Both,Yes,Tala Dakshin Pally Durgotsav Committee,453
She-Toilet / Pink Booth Public Restroom (Tala Cluster - Unit 1),"Women's Public Restroom Hub / High Street Corner, Near Tala Park 15 Pally Durga Puja, North Kolkata, Kolkata",22.608362,88.375329,4.6,Female,Yes,Tala Park 15 Pally Durga Puja,141
SBM Public Utility Toilet Block (Tala Cluster - Unit 2),"Borough Service Station & Community Hall, Near Tala Park 15 Pally Durga Puja, North Kolkata, Kolkata",22.608636,88.378076,3.1,Both,Yes,Tala Park 15 Pally Durga Puja,363
KMC Smart Bio-Toilet E-Utility (Tala Cluster - Unit 3),"Pedestrian Footpath / Green Verge, Near Tala Park 15 Pally Durga Puja, North Kolkata, Kolkata",22.603826,88.377456,4.1,Both,Yes,Tala Park 15 Pally Durga Puja,451
KMC Public Convenience & Urinal Block (Tala Cluster - Unit 4),"Local Auto Stand & Bus Stop Corner, Near Tala Park 15 Pally Durga Puja, North Kolkata, Kolkata",22.603344,88.372208,3.2,Male / Female,No,Tala Park 15 Pally Durga Puja,507
KMC Pay & Use Public Toilet Complex (Tala Cluster - Unit 5),"Near Municipal Park / Ward Health Unit, Near Tala Park 15 Pally Durga Puja, North Kolkata, Kolkata",22.610363,88.369299,3.4,Both,Yes,Tala Park 15 Pally Durga Puja,680
KMC Public Convenience & Urinal Block (Telengabagan Cluster - Unit 1),"Local Auto Stand & Bus Stop Corner, Near Telengabagan Sarbojanin Durgotsab, North Kolkata, Kolkata",22.595328,88.382043,2.7,Male / Female,No,Telengabagan Sarbojanin Durgotsab,235
Sulabh Sauchalaya Public Convenience (Telengabagan Cluster - Unit 2),"Main Road Junction / Market Complex, Near Telengabagan Sarbojanin Durgotsab, North Kolkata, Kolkata",22.593552,88.384386,3.4,Both,Yes,Telengabagan Sarbojanin Durgotsab,235
KMC Smart Bio-Toilet E-Utility (Telengabagan Cluster - Unit 3),"Pedestrian Footpath / Green Verge, Near Telengabagan Sarbojanin Durgotsab, North Kolkata, Kolkata",22.589875,88.381916,3.9,Both,Yes,Telengabagan Sarbojanin Durgotsab,372
Metro Station Concourse Public Restroom (Telengabagan Cluster - Unit 4),"Metro Station Exit Gate / Sub-surface Area, Near Telengabagan Sarbojanin Durgotsab, North Kolkata, Kolkata",22.593581,88.378005,4.1,Both,Yes,Telengabagan Sarbojanin Durgotsab,425
She-Toilet / Pink Booth Public Restroom (Ultadanga Cluster - Unit 1),"Women's Public Restroom Hub / High Street Corner, Near Ultadanga Jagarani Sangha Durga Puja, North Kolkata, Kolkata",22.594011,88.382475,4.4,Female,Yes,Ultadanga Jagarani Sangha Durga Puja,164
Sulabh Sauchalaya Public Convenience (Ultadanga Cluster - Unit 2),"Main Road Junction / Market Complex, Near Ultadanga Jagarani Sangha Durga Puja, North Kolkata, Kolkata",22.591939,88.384723,3.7,Both,Yes,Ultadanga Jagarani Sangha Durga Puja,236
SBM Public Utility Toilet Block (Ultadanga Cluster - Unit 3),"Borough Service Station & Community Hall, Near Ultadanga Jagarani Sangha Durga Puja, North Kolkata, Kolkata",22.58984,88.382493,3.1,Both,Yes,Ultadanga Jagarani Sangha Durga Puja,300
Metro Station Concourse Public Restroom (Ultadanga Cluster - Unit 4),"Metro Station Exit Gate / Sub-surface Area, Near Ultadanga Jagarani Sangha Durga Puja, North Kolkata, Kolkata",22.592942,88.378801,4.4,Both,Yes,Ultadanga Jagarani Sangha Durga Puja,384
KMC Pay & Use Public Toilet Complex (Ultadanga Cluster - Unit 1),"Near Municipal Park / Ward Health Unit, Near Ultadanga Pallyshree Durga Puja, North Kolkata, Kolkata",22.594405,88.381415,3.9,Both,Yes,Ultadanga Pallyshree Durga Puja,182
She-Toilet / Pink Booth Public Restroom (Ultadanga Cluster - Unit 2),"Women's Public Restroom Hub / High Street Corner, Near Ultadanga Pallyshree Durga Puja, North Kolkata, Kolkata",22.592468,88.385032,4.3,Female,Yes,Ultadanga Pallyshree Durga Puja,331
KMC Public Convenience & Urinal Block (Ultadanga Cluster - Unit 3),"Local Auto Stand & Bus Stop Corner, Near Ultadanga Pallyshree Durga Puja, North Kolkata, Kolkata",22.589126,88.382841,2.7,Male / Female,No,Ultadanga Pallyshree Durga Puja,423
KMC Smart Bio-Toilet E-Utility (Ultadanga Cluster - Unit 4),"Pedestrian Footpath / Green Verge, Near Ultadanga Pallyshree Durga Puja, North Kolkata, Kolkata",22.592728,88.377073,4.0,Both,Yes,Ultadanga Pallyshree Durga Puja,489
KMC Pay & Use Public Toilet Complex (Ultadanga Cluster - Unit 1),"Near Municipal Park / Ward Health Unit, Near Ultadanga Sangrami Durga Puja, North Kolkata, Kolkata",22.594955,88.382205,3.9,Both,Yes,Ultadanga Sangrami Durga Puja,212
She-Toilet / Pink Booth Public Restroom (Ultadanga Cluster - Unit 2),"Women's Public Restroom Hub / High Street Corner, Near Ultadanga Sangrami Durga Puja, North Kolkata, Kolkata",22.594642,88.385525,4.4,Female,Yes,Ultadanga Sangrami Durga Puja,384
Metro Station Concourse Public Restroom (Ultadanga Cluster - Unit 3),"Metro Station Exit Gate / Sub-surface Area, Near Ultadanga Sangrami Durga Puja, North Kolkata, Kolkata",22.590334,88.384769,3.9,Both,Yes,Ultadanga Sangrami Durga Puja,400
KMC Smart Bio-Toilet E-Utility (Ultadanga Cluster - Unit 4),"Pedestrian Footpath / Green Verge, Near Ultadanga Sangrami Durga Puja, North Kolkata, Kolkata",22.590575,88.379263,3.9,Both,Yes,Ultadanga Sangrami Durga Puja,409
SBM Public Utility Toilet Block (Ultadanga Cluster - Unit 5),"Borough Service Station & Community Hall, Near Ultadanga Sangrami Durga Puja, North Kolkata, Kolkata",22.595588,88.377223,3.3,Both,Yes,Ultadanga Sangrami Durga Puja,585
Sulabh Sauchalaya Public Convenience (Young Cluster - Unit 1),"Main Road Junction / Market Complex, Near Young Citizens Club Durga Puja, North Kolkata, Kolkata",22.60057,88.372152,3.4,Both,Yes,Young Citizens Club Durga Puja,218
She-Toilet / Pink Booth Public Restroom (Young Cluster - Unit 2),"Women's Public Restroom Hub / High Street Corner, Near Young Citizens Club Durga Puja, North Kolkata, Kolkata",22.599078,88.374734,4.1,Female,Yes,Young Citizens Club Durga Puja,241
KMC Smart Bio-Toilet E-Utility (Young Cluster - Unit 3),"Pedestrian Footpath / Green Verge, Near Young Citizens Club Durga Puja, North Kolkata, Kolkata",22.596482,88.373251,4.0,Both,Yes,Young Citizens Club Durga Puja,252
KMC Public Convenience & Urinal Block (Young Cluster - Unit 4),"Local Auto Stand & Bus Stop Corner, Near Young Citizens Club Durga Puja, North Kolkata, Kolkata",22.59644,88.36944,3.0,Male / Female,No,Young Citizens Club Durga Puja,392
KMC Pay & Use Public Toilet Complex (Young Cluster - Unit 5),"Near Municipal Park / Ward Health Unit, Near Young Citizens Club Durga Puja, North Kolkata, Kolkata",22.599133,88.367125,3.8,Both,Yes,Young Citizens Club Durga Puja,548
Sulabh Sauchalaya Public Convenience (21 Cluster - Unit 1),"Main Road Junction / Market Complex, Near 21 Pally Sarbojanin Durgotsab Samiti, South Kolkata, Kolkata",22.529897,88.348761,3.6,Both,Yes,21 Pally Sarbojanin Durgotsab Samiti,211
KMC Public Convenience & Urinal Block (21 Cluster - Unit 2),"Local Auto Stand & Bus Stop Corner, Near 21 Pally Sarbojanin Durgotsab Samiti, South Kolkata, Kolkata",22.528844,88.351003,2.7,Male / Female,No,21 Pally Sarbojanin Durgotsab Samiti,223
KMC Community Pay & Use Facility (21 Cluster - Unit 3),"Bazaar Lane & Vegetable Market Approach, Near 21 Pally Sarbojanin Durgotsab Samiti, South Kolkata, Kolkata",22.526187,88.350518,3.1,Male / Female,No,21 Pally Sarbojanin Durgotsab Samiti,254
KMC Smart Bio-Toilet E-Utility (21 Cluster - Unit 4),"Pedestrian Footpath / Green Verge, Near 21 Pally Sarbojanin Durgotsab Samiti, South Kolkata, Kolkata",22.524774,88.347496,3.7,Both,Yes,21 Pally Sarbojanin Durgotsab Samiti,393
SBM Public Utility Toilet Block (21 Cluster - Unit 5),"Borough Service Station & Community Hall, Near 21 Pally Sarbojanin Durgotsab Samiti, South Kolkata, Kolkata",22.529743,88.344893,3.3,Both,Yes,21 Pally Sarbojanin Durgotsab Samiti,466
KMC Community Pay & Use Facility (22 Cluster - Unit 1),"Bazaar Lane & Vegetable Market Approach, Near 22 Palli Sarodotsav, South Kolkata, Kolkata",22.529164,88.34882,2.9,Male / Female,No,22 Palli Sarodotsav,212
KMC Smart Bio-Toilet E-Utility (22 Cluster - Unit 2),"Pedestrian Footpath / Green Verge, Near 22 Palli Sarodotsav, South Kolkata, Kolkata",22.529492,88.352824,3.6,Both,Yes,22 Palli Sarodotsav,425
SBM Public Utility Toilet Block (22 Cluster - Unit 3),"Borough Service Station & Community Hall, Near 22 Palli Sarodotsav, South Kolkata, Kolkata",22.523773,88.351137,3.4,Both,Yes,22 Palli Sarodotsav,434
Sulabh Sauchalaya Public Convenience (22 Cluster - Unit 4),"Main Road Junction / Market Complex, Near 22 Palli Sarodotsav, South Kolkata, Kolkata",22.523258,88.34743,3.3,Both,Yes,22 Palli Sarodotsav,497
She-Toilet / Pink Booth Public Restroom (22 Cluster - Unit 5),"Women's Public Restroom Hub / High Street Corner, Near 22 Palli Sarodotsav, South Kolkata, Kolkata",22.527853,88.343244,4.4,Female,Yes,22 Palli Sarodotsav,636
She-Toilet / Pink Booth Public Restroom (25 Cluster - Unit 1),"Women's Public Restroom Hub / High Street Corner, Near 25 Pally Durga Puja, South Kolkata, Kolkata",22.5281,88.349148,4.3,Female,Yes,25 Pally Durga Puja,167
Metro Station Concourse Public Restroom (25 Cluster - Unit 2),"Metro Station Exit Gate / Sub-surface Area, Near 25 Pally Durga Puja, South Kolkata, Kolkata",22.526376,88.351233,4.0,Both,Yes,25 Pally Durga Puja,258
KMC Pay & Use Public Toilet Complex (25 Cluster - Unit 3),"Near Municipal Park / Ward Health Unit, Near 25 Pally Durga Puja, South Kolkata, Kolkata",22.52403,88.347886,3.5,Both,Yes,25 Pally Durga Puja,304
Sulabh Sauchalaya Public Convenience (25 Cluster - Unit 4),"Main Road Junction / Market Complex, Near 25 Pally Durga Puja, South Kolkata, Kolkata",22.526492,88.344387,3.7,Both,Yes,25 Pally Durga Puja,447
SBM Public Utility Toilet Block (64 Cluster - Unit 1),"Borough Service Station & Community Hall, Near 64 Pally Durgotsab Committee, South Kolkata, Kolkata",22.522746,88.346888,3.6,Both,Yes,64 Pally Durgotsab Committee,193
KMC Public Convenience & Urinal Block (64 Cluster - Unit 2),"Local Auto Stand & Bus Stop Corner, Near 64 Pally Durgotsab Committee, South Kolkata, Kolkata",22.521864,88.348786,3.0,Male / Female,No,64 Pally Durgotsab Committee,204
KMC Community Pay & Use Facility (64 Cluster - Unit 3),"Bazaar Lane & Vegetable Market Approach, Near 64 Pally Durgotsab Committee, South Kolkata, Kolkata",22.517726,88.348934,3.2,Male / Female,No,64 Pally Durgotsab Committee,415
KMC Smart Bio-Toilet E-Utility (64 Cluster - Unit 4),"Pedestrian Footpath / Green Verge, Near 64 Pally Durgotsab Committee, South Kolkata, Kolkata",22.517222,88.345438,3.8,Both,Yes,64 Pally Durgotsab Committee,452
KMC Pay & Use Public Toilet Complex (64 Cluster - Unit 5),"Near Municipal Park / Ward Health Unit, Near 64 Pally Durgotsab Committee, South Kolkata, Kolkata",22.522419,88.341504,3.5,Both,Yes,64 Pally Durgotsab Committee,588
She-Toilet / Pink Booth Public Restroom (66 Cluster - Unit 1),"Women's Public Restroom Hub / High Street Corner, Near 66 Pally Sarbojanin Durgotsab Committee, South Kolkata, Kolkata",22.522936,88.347318,4.2,Female,Yes,66 Pally Sarbojanin Durgotsab Committee,250
KMC Smart Bio-Toilet E-Utility (66 Cluster - Unit 2),"Pedestrian Footpath / Green Verge, Near 66 Pally Sarbojanin Durgotsab Committee, South Kolkata, Kolkata",22.522189,88.350535,3.7,Both,Yes,66 Pally Sarbojanin Durgotsab Committee,405
KMC Community Pay & Use Facility (66 Cluster - Unit 3),"Bazaar Lane & Vegetable Market Approach, Near 66 Pally Sarbojanin Durgotsab Committee, South Kolkata, Kolkata",22.517521,88.351139,2.9,Male / Female,No,66 Pally Sarbojanin Durgotsab Committee,559
Metro Station Concourse Public Restroom (66 Cluster - Unit 4),"Metro Station Exit Gate / Sub-surface Area, Near 66 Pally Sarbojanin Durgotsab Committee, South Kolkata, Kolkata",22.515935,88.344665,4.0,Both,Yes,66 Pally Sarbojanin Durgotsab Committee,580
KMC Pay & Use Public Toilet Complex (66 Cluster - Unit 5),"Near Municipal Park / Ward Health Unit, Near 66 Pally Sarbojanin Durgotsab Committee, South Kolkata, Kolkata",22.523407,88.341054,3.6,Both,Yes,66 Pally Sarbojanin Durgotsab Committee,674
KMC Pay & Use Public Toilet Complex (70 Cluster - Unit 1),"Near Municipal Park / Ward Health Unit, Near 70 Pally Sarbojanin Durga Puja, South Kolkata, Kolkata",22.522983,88.346257,3.5,Both,Yes,70 Pally Sarbojanin Durga Puja,172
SBM Public Utility Toilet Block (70 Cluster - Unit 2),"Borough Service Station & Community Hall, Near 70 Pally Sarbojanin Durga Puja, South Kolkata, Kolkata",22.521535,88.349041,3.6,Both,Yes,70 Pally Sarbojanin Durga Puja,281
Sulabh Sauchalaya Public Convenience (70 Cluster - Unit 3),"Main Road Junction / Market Complex, Near 70 Pally Sarbojanin Durga Puja, South Kolkata, Kolkata",22.519295,88.349016,3.2,Both,Yes,70 Pally Sarbojanin Durga Puja,366
She-Toilet / Pink Booth Public Restroom (70 Cluster - Unit 4),"Women's Public Restroom Hub / High Street Corner, Near 70 Pally Sarbojanin Durga Puja, South Kolkata, Kolkata",22.517728,88.344156,4.4,Female,Yes,70 Pally Sarbojanin Durga Puja,468
KMC Smart Bio-Toilet E-Utility (70 Cluster - Unit 5),"Pedestrian Footpath / Green Verge, Near 70 Pally Sarbojanin Durga Puja, South Kolkata, Kolkata",22.523335,88.342021,3.9,Both,Yes,70 Pally Sarbojanin Durga Puja,489
SBM Public Utility Toilet Block (95 Cluster - Unit 1),"Borough Service Station & Community Hall, Near 95 Pally Jodhpur Park Durga Puja, South Kolkata, Kolkata",22.504046,88.364743,3.6,Both,Yes,95 Pally Jodhpur Park Durga Puja,140
KMC Public Convenience & Urinal Block (95 Cluster - Unit 2),"Local Auto Stand & Bus Stop Corner, Near 95 Pally Jodhpur Park Durga Puja, South Kolkata, Kolkata",22.503003,88.367736,3.2,Male / Female,No,95 Pally Jodhpur Park Durga Puja,280
KMC Smart Bio-Toilet E-Utility (95 Cluster - Unit 3),"Pedestrian Footpath / Green Verge, Near 95 Pally Jodhpur Park Durga Puja, South Kolkata, Kolkata",22.498894,88.365325,3.9,Both,Yes,95 Pally Jodhpur Park Durga Puja,437
Sulabh Sauchalaya Public Convenience (95 Cluster - Unit 4),"Main Road Junction / Market Complex, Near 95 Pally Jodhpur Park Durga Puja, South Kolkata, Kolkata",22.501878,88.360014,3.4,Both,Yes,95 Pally Jodhpur Park Durga Puja,525
Sulabh Sauchalaya Public Convenience (Abasar Cluster - Unit 1),"Main Road Junction / Market Complex, Near Abasar Sarbojanin Durgotsab Committee, South Kolkata, Kolkata",22.526442,88.344786,3.3,Both,Yes,Abasar Sarbojanin Durgotsab Committee,158
She-Toilet / Pink Booth Public Restroom (Abasar Cluster - Unit 2),"Women's Public Restroom Hub / High Street Corner, Near Abasar Sarbojanin Durgotsab Committee, South Kolkata, Kolkata",22.524891,88.346859,4.5,Female,Yes,Abasar Sarbojanin Durgotsab Committee,190
KMC Pay & Use Public Toilet Complex (Abasar Cluster - Unit 3),"Near Municipal Park / Ward Health Unit, Near Abasar Sarbojanin Durgotsab Committee, South Kolkata, Kolkata",22.522584,88.344951,3.8,Both,Yes,Abasar Sarbojanin Durgotsab Committee,272
KMC Community Pay & Use Facility (Abasar Cluster - Unit 4),"Bazaar Lane & Vegetable Market Approach, Near Abasar Sarbojanin Durgotsab Committee, South Kolkata, Kolkata",22.524283,88.340898,3.1,Male / Female,No,Abasar Sarbojanin Durgotsab Committee,431
Metro Station Concourse Public Restroom (Abasorika Cluster - Unit 1),"Metro Station Exit Gate / Sub-surface Area, Near Abasorika Durgotsav Committee, South Kolkata, Kolkata",22.526292,88.345339,4.2,Both,Yes,Abasorika Durgotsav Committee,220
KMC Pay & Use Public Toilet Complex (Abasorika Cluster - Unit 2),"Near Municipal Park / Ward Health Unit, Near Abasorika Durgotsav Committee, South Kolkata, Kolkata",22.525371,88.347407,3.6,Both,Yes,Abasorika Durgotsav Committee,234
Sulabh Sauchalaya Public Convenience (Abasorika Cluster - Unit 3),"Main Road Junction / Market Complex, Near Abasorika Durgotsav Committee, South Kolkata, Kolkata",22.522445,88.347137,3.7,Both,Yes,Abasorika Durgotsav Committee,271
KMC Smart Bio-Toilet E-Utility (Abasorika Cluster - Unit 4),"Pedestrian Footpath / Green Verge, Near Abasorika Durgotsav Committee, South Kolkata, Kolkata",22.521464,88.343413,3.7,Both,Yes,Abasorika Durgotsav Committee,379
SBM Public Utility Toilet Block (Abasorika Cluster - Unit 5),"Borough Service Station & Community Hall, Near Abasorika Durgotsav Committee, South Kolkata, Kolkata",22.526153,88.339601,3.1,Both,Yes,Abasorika Durgotsav Committee,633
SBM Public Utility Toilet Block (Adi Cluster - Unit 1),"Borough Service Station & Community Hall, Near Adi Ballygunge Sarbojanin Durga Puja, South Kolkata, Kolkata",22.523599,88.363195,3.2,Both,Yes,Adi Ballygunge Sarbojanin Durga Puja,198
Metro Station Concourse Public Restroom (Adi Cluster - Unit 2),"Metro Station Exit Gate / Sub-surface Area, Near Adi Ballygunge Sarbojanin Durga Puja, South Kolkata, Kolkata",22.522729,88.36518,4.4,Both,Yes,Adi Ballygunge Sarbojanin Durga Puja,244
Sulabh Sauchalaya Public Convenience (Adi Cluster - Unit 3),"Main Road Junction / Market Complex, Near Adi Ballygunge Sarbojanin Durga Puja, South Kolkata, Kolkata",22.519164,88.364027,3.5,Both,Yes,Adi Ballygunge Sarbojanin Durga Puja,314
KMC Smart Bio-Toilet E-Utility (Adi Cluster - Unit 4),"Pedestrian Footpath / Green Verge, Near Adi Ballygunge Sarbojanin Durga Puja, South Kolkata, Kolkata",22.517508,88.360869,4.0,Both,Yes,Adi Ballygunge Sarbojanin Durga Puja,528
She-Toilet / Pink Booth Public Restroom (Adi Cluster - Unit 5),"Women's Public Restroom Hub / High Street Corner, Near Adi Ballygunge Sarbojanin Durga Puja, South Kolkata, Kolkata",22.522021,88.357067,4.1,Female,Yes,Adi Ballygunge Sarbojanin Durga Puja,611
SBM Public Utility Toilet Block (Adi Cluster - Unit 1),"Borough Service Station & Community Hall, Near Adi Dakshin Kalikata Barowari Samittee, South Kolkata, Kolkata",22.52107,88.34379,3.4,Both,Yes,Adi Dakshin Kalikata Barowari Samittee,226
KMC Public Convenience & Urinal Block (Adi Cluster - Unit 2),"Local Auto Stand & Bus Stop Corner, Near Adi Dakshin Kalikata Barowari Samittee, South Kolkata, Kolkata",22.51933,88.346785,2.7,Male / Female,No,Adi Dakshin Kalikata Barowari Samittee,285
KMC Smart Bio-Toilet E-Utility (Adi Cluster - Unit 3),"Pedestrian Footpath / Green Verge, Near Adi Dakshin Kalikata Barowari Samittee, South Kolkata, Kolkata",22.516273,88.343743,3.8,Both,Yes,Adi Dakshin Kalikata Barowari Samittee,310
KMC Pay & Use Public Toilet Complex (Adi Cluster - Unit 4),"Near Municipal Park / Ward Health Unit, Near Adi Dakshin Kalikata Barowari Samittee, South Kolkata, Kolkata",22.518487,88.338693,3.5,Both,Yes,Adi Dakshin Kalikata Barowari Samittee,551
KMC Community Pay & Use Facility (Agradut Cluster - Unit 1),"Bazaar Lane & Vegetable Market Approach, Near Agradut Udaya Sangha Durga Puja, South Kolkata, Kolkata",22.520449,88.343996,3.1,Male / Female,No,Agradut Udaya Sangha Durga Puja,241
Sulabh Sauchalaya Public Convenience (Agradut Cluster - Unit 2),"Main Road Junction / Market Complex, Near Agradut Udaya Sangha Durga Puja, South Kolkata, Kolkata",22.519121,88.348951,3.7,Both,Yes,Agradut Udaya Sangha Durga Puja,475
She-Toilet / Pink Booth Public Restroom (Agradut Cluster - Unit 3),"Women's Public Restroom Hub / High Street Corner, Near Agradut Udaya Sangha Durga Puja, South Kolkata, Kolkata",22.513529,88.345653,4.3,Female,Yes,Agradut Udaya Sangha Durga Puja,547
KMC Pay & Use Public Toilet Complex (Agradut Cluster - Unit 4),"Near Municipal Park / Ward Health Unit, Near Agradut Udaya Sangha Durga Puja, South Kolkata, Kolkata",22.517337,88.338003,3.6,Both,Yes,Agradut Udaya Sangha Durga Puja,667
She-Toilet / Pink Booth Public Restroom (Arunodaya Cluster - Unit 1),"Women's Public Restroom Hub / High Street Corner, Near Arunodaya Adhibashi Brinder Durga Puja, South Kolkata, Kolkata",22.520615,88.343642,4.4,Female,Yes,Arunodaya Adhibashi Brinder Durga Puja,332
Sulabh Sauchalaya Public Convenience (Arunodaya Cluster - Unit 2),"Main Road Junction / Market Complex, Near Arunodaya Adhibashi Brinder Durga Puja, South Kolkata, Kolkata",22.519014,88.346639,3.5,Both,Yes,Arunodaya Adhibashi Brinder Durga Puja,336
KMC Smart Bio-Toilet E-Utility (Arunodaya Cluster - Unit 3),"Pedestrian Footpath / Green Verge, Near Arunodaya Adhibashi Brinder Durga Puja, South Kolkata, Kolkata",22.513324,88.345772,4.1,Both,Yes,Arunodaya Adhibashi Brinder Durga Puja,523
SBM Public Utility Toilet Block (Arunodaya Cluster - Unit 4),"Borough Service Station & Community Hall, Near Arunodaya Adhibashi Brinder Durga Puja, South Kolkata, Kolkata",22.51371,88.340301,3.1,Both,Yes,Arunodaya Adhibashi Brinder Durga Puja,561
KMC Public Convenience & Urinal Block (Arunodaya Cluster - Unit 5),"Local Auto Stand & Bus Stop Corner, Near Arunodaya Adhibashi Brinder Durga Puja, South Kolkata, Kolkata",22.52093,88.338424,2.7,Male / Female,No,Arunodaya Adhibashi Brinder Durga Puja,657
KMC Smart Bio-Toilet E-Utility (Babu Cluster - Unit 1),"Pedestrian Footpath / Green Verge, Near Babu Bagan Durga Puja, South Kolkata, Kolkata",22.505224,88.367129,3.6,Both,Yes,Babu Bagan Durga Puja,135
KMC Public Convenience & Urinal Block (Babu Cluster - Unit 2),"Local Auto Stand & Bus Stop Corner, Near Babu Bagan Durga Puja, South Kolkata, Kolkata",22.505547,88.369478,3.2,Male / Female,No,Babu Bagan Durga Puja,305
KMC Community Pay & Use Facility (Babu Cluster - Unit 3),"Bazaar Lane & Vegetable Market Approach, Near Babu Bagan Durga Puja, South Kolkata, Kolkata",22.50059,88.370543,2.9,Male / Female,No,Babu Bagan Durga Puja,525
SBM Public Utility Toilet Block (Babu Cluster - Unit 4),"Borough Service Station & Community Hall, Near Babu Bagan Durga Puja, South Kolkata, Kolkata",22.500122,88.363217,3.5,Both,Yes,Babu Bagan Durga Puja,583
KMC Pay & Use Public Toilet Complex (Babu Cluster - Unit 5),"Near Municipal Park / Ward Health Unit, Near Babu Bagan Durga Puja, South Kolkata, Kolkata",22.507388,88.36169,3.5,Both,Yes,Babu Bagan Durga Puja,664
Metro Station Concourse Public Restroom (Badamtala Cluster - Unit 1),"Metro Station Exit Gate / Sub-surface Area, Near Badamtala Ashar Sangha Durga Puja, South Kolkata, Kolkata",22.521931,88.347583,4.2,Both,Yes,Badamtala Ashar Sangha Durga Puja,169
KMC Smart Bio-Toilet E-Utility (Badamtala Cluster - Unit 2),"Pedestrian Footpath / Green Verge, Near Badamtala Ashar Sangha Durga Puja, South Kolkata, Kolkata",22.520862,88.350719,3.8,Both,Yes,Badamtala Ashar Sangha Durga Puja,303
She-Toilet / Pink Booth Public Restroom (Badamtala Cluster - Unit 3),"Women's Public Restroom Hub / High Street Corner, Near Badamtala Ashar Sangha Durga Puja, South Kolkata, Kolkata",22.517002,88.350257,4.3,Female,Yes,Badamtala Ashar Sangha Durga Puja,456
Sulabh Sauchalaya Public Convenience (Badamtala Cluster - Unit 4),"Main Road Junction / Market Complex, Near Badamtala Ashar Sangha Durga Puja, South Kolkata, Kolkata",22.517029,88.344148,3.7,Both,Yes,Badamtala Ashar Sangha Durga Puja,533
KMC Community Pay & Use Facility (Badamtala Cluster - Unit 5),"Bazaar Lane & Vegetable Market Approach, Near Badamtala Ashar Sangha Durga Puja, South Kolkata, Kolkata",22.521886,88.34283,3.4,Male / Female,No,Badamtala Ashar Sangha Durga Puja,537
SBM Public Utility Toilet Block (Baghajatin Cluster - Unit 1),"Borough Service Station & Community Hall, Near Baghajatin B and C Block Durgotsav Committee, South Kolkata, Kolkata",22.487012,88.368817,3.1,Both,Yes,Baghajatin B and C Block Durgotsav Committee,223
KMC Community Pay & Use Facility (Baghajatin Cluster - Unit 2),"Bazaar Lane & Vegetable Market Approach, Near Baghajatin B and C Block Durgotsav Committee, South Kolkata, Kolkata",22.485419,88.371351,3.2,Male / Female,No,Baghajatin B and C Block Durgotsav Committee,243
She-Toilet / Pink Booth Public Restroom (Baghajatin Cluster - Unit 3),"Women's Public Restroom Hub / High Street Corner, Near Baghajatin B and C Block Durgotsav Committee, South Kolkata, Kolkata",22.479711,88.369818,4.4,Female,Yes,Baghajatin B and C Block Durgotsav Committee,595
Metro Station Concourse Public Restroom (Baghajatin Cluster - Unit 4),"Metro Station Exit Gate / Sub-surface Area, Near Baghajatin B and C Block Durgotsav Committee, South Kolkata, Kolkata",22.484157,88.363108,4.1,Both,Yes,Baghajatin B and C Block Durgotsav Committee,615
Sulabh Sauchalaya Public Convenience (Baghajatin Cluster - Unit 1),"Main Road Junction / Market Complex, Near Baghajatin Tarun Sangha Durgotsav, South Kolkata, Kolkata",22.486833,88.368775,3.4,Both,Yes,Baghajatin Tarun Sangha Durgotsav,285
KMC Community Pay & Use Facility (Baghajatin Cluster - Unit 2),"Bazaar Lane & Vegetable Market Approach, Near Baghajatin Tarun Sangha Durgotsav, South Kolkata, Kolkata",22.484476,88.373572,3.1,Male / Female,No,Baghajatin Tarun Sangha Durgotsav,428
KMC Pay & Use Public Toilet Complex (Baghajatin Cluster - Unit 3),"Near Municipal Park / Ward Health Unit, Near Baghajatin Tarun Sangha Durgotsav, South Kolkata, Kolkata",22.480106,88.36966,3.4,Both,Yes,Baghajatin Tarun Sangha Durgotsav,471
She-Toilet / Pink Booth Public Restroom (Baghajatin Cluster - Unit 4),"Women's Public Restroom Hub / High Street Corner, Near Baghajatin Tarun Sangha Durgotsav, South Kolkata, Kolkata",22.48371,88.363434,4.2,Female,Yes,Baghajatin Tarun Sangha Durgotsav,618
Sulabh Sauchalaya Public Convenience (Baishnabghata Cluster - Unit 1),"Main Road Junction / Market Complex, Near Baishnabghata Paschimpara Sarbojanin Durgotsab, South Kolkata, Kolkata",22.477142,88.371217,3.2,Both,Yes,Baishnabghata Paschimpara Sarbojanin Durgotsab,127
KMC Pay & Use Public Toilet Complex (Baishnabghata Cluster - Unit 2),"Near Municipal Park / Ward Health Unit, Near Baishnabghata Paschimpara Sarbojanin Durgotsab, South Kolkata, Kolkata",22.476347,88.3752,3.8,Both,Yes,Baishnabghata Paschimpara Sarbojanin Durgotsab,431
KMC Smart Bio-Toilet E-Utility (Baishnabghata Cluster - Unit 3),"Pedestrian Footpath / Green Verge, Near Baishnabghata Paschimpara Sarbojanin Durgotsab, South Kolkata, Kolkata",22.471997,88.371919,3.6,Both,Yes,Baishnabghata Paschimpara Sarbojanin Durgotsab,456
KMC Public Convenience & Urinal Block (Baishnabghata Cluster - Unit 4),"Local Auto Stand & Bus Stop Corner, Near Baishnabghata Paschimpara Sarbojanin Durgotsab, South Kolkata, Kolkata",22.477509,88.364907,3.1,Male / Female,No,Baishnabghata Paschimpara Sarbojanin Durgotsab,650
SBM Public Utility Toilet Block (Ballygunge Cluster - Unit 1),"Borough Service Station & Community Hall, Near Ballygunge Cultural Association Durga Puja, South Kolkata, Kolkata",22.521646,88.364483,3.6,Both,Yes,Ballygunge Cultural Association Durga Puja,208
Metro Station Concourse Public Restroom (Ballygunge Cluster - Unit 2),"Metro Station Exit Gate / Sub-surface Area, Near Ballygunge Cultural Association Durga Puja, South Kolkata, Kolkata",22.520064,88.366456,4.0,Both,Yes,Ballygunge Cultural Association Durga Puja,252
KMC Public Convenience & Urinal Block (Ballygunge Cluster - Unit 3),"Local Auto Stand & Bus Stop Corner, Near Ballygunge Cultural Association Durga Puja, South Kolkata, Kolkata",22.516544,88.366282,2.7,Male / Female,No,Ballygunge Cultural Association Durga Puja,433
She-Toilet / Pink Booth Public Restroom (Ballygunge Cluster - Unit 4),"Women's Public Restroom Hub / High Street Corner, Near Ballygunge Cultural Association Durga Puja, South Kolkata, Kolkata",22.515884,88.360921,4.2,Female,Yes,Ballygunge Cultural Association Durga Puja,541
Sulabh Sauchalaya Public Convenience (Ballygunge Cluster - Unit 5),"Main Road Junction / Market Complex, Near Ballygunge Cultural Association Durga Puja, South Kolkata, Kolkata",22.522585,88.359547,3.7,Both,Yes,Ballygunge Cultural Association Durga Puja,552
Sulabh Sauchalaya Public Convenience (Ballygunge Cluster - Unit 1),"Main Road Junction / Market Complex, Near Ballygunge Pally Sarbojanin Durgotsab Committee, South Kolkata, Kolkata",22.52031,88.364129,3.7,Both,Yes,Ballygunge Pally Sarbojanin Durgotsab Committee,133
She-Toilet / Pink Booth Public Restroom (Ballygunge Cluster - Unit 2),"Women's Public Restroom Hub / High Street Corner, Near Ballygunge Pally Sarbojanin Durgotsab Committee, South Kolkata, Kolkata",22.518738,88.368467,4.1,Female,Yes,Ballygunge Pally Sarbojanin Durgotsab Committee,417
Metro Station Concourse Public Restroom (Ballygunge Cluster - Unit 3),"Metro Station Exit Gate / Sub-surface Area, Near Ballygunge Pally Sarbojanin Durgotsab Committee, South Kolkata, Kolkata",22.515164,88.365019,4.3,Both,Yes,Ballygunge Pally Sarbojanin Durgotsab Committee,447
KMC Public Convenience & Urinal Block (Ballygunge Cluster - Unit 4),"Local Auto Stand & Bus Stop Corner, Near Ballygunge Pally Sarbojanin Durgotsab Committee, South Kolkata, Kolkata",22.519815,88.358834,2.8,Male / Female,No,Ballygunge Pally Sarbojanin Durgotsab Committee,580
KMC Smart Bio-Toilet E-Utility (Bansdroni Cluster - Unit 1),"Pedestrian Footpath / Green Verge, Near Bansdroni Sammilita Sarbojanin Durgotsab Committee, South Kolkata, Kolkata",22.469621,88.360737,4.1,Both,Yes,Bansdroni Sammilita Sarbojanin Durgotsab Committee,181
KMC Community Pay & Use Facility (Bansdroni Cluster - Unit 2),"Bazaar Lane & Vegetable Market Approach, Near Bansdroni Sammilita Sarbojanin Durgotsab Committee, South Kolkata, Kolkata",22.469251,88.363254,3.3,Male / Female,No,Bansdroni Sammilita Sarbojanin Durgotsab Committee,267
She-Toilet / Pink Booth Public Restroom (Bansdroni Cluster - Unit 3),"Women's Public Restroom Hub / High Street Corner, Near Bansdroni Sammilita Sarbojanin Durgotsab Committee, South Kolkata, Kolkata",22.465041,88.363936,4.6,Female,Yes,Bansdroni Sammilita Sarbojanin Durgotsab Committee,446
Sulabh Sauchalaya Public Convenience (Bansdroni Cluster - Unit 4),"Main Road Junction / Market Complex, Near Bansdroni Sammilita Sarbojanin Durgotsab Committee, South Kolkata, Kolkata",22.465089,88.3576,3.5,Both,Yes,Bansdroni Sammilita Sarbojanin Durgotsab Committee,479
SBM Public Utility Toilet Block (Bansdroni Cluster - Unit 5),"Borough Service Station & Community Hall, Near Bansdroni Sammilita Sarbojanin Durgotsab Committee, South Kolkata, Kolkata",22.470609,88.356331,3.1,Both,Yes,Bansdroni Sammilita Sarbojanin Durgotsab Committee,562
KMC Smart Bio-Toilet E-Utility (Bediadanga Cluster - Unit 1),"Pedestrian Footpath / Green Verge, Near Bediadanga Sarbojanin Durgotsav Committee, South Kolkata, Kolkata",22.513374,88.380394,4.1,Both,Yes,Bediadanga Sarbojanin Durgotsav Committee,270
Sulabh Sauchalaya Public Convenience (Bediadanga Cluster - Unit 2),"Main Road Junction / Market Complex, Near Bediadanga Sarbojanin Durgotsav Committee, South Kolkata, Kolkata",22.51223,88.384486,3.5,Both,Yes,Bediadanga Sarbojanin Durgotsav Committee,381
SBM Public Utility Toilet Block (Bediadanga Cluster - Unit 3),"Borough Service Station & Community Hall, Near Bediadanga Sarbojanin Durgotsav Committee, South Kolkata, Kolkata",22.507802,88.383735,3.6,Both,Yes,Bediadanga Sarbojanin Durgotsav Committee,453
She-Toilet / Pink Booth Public Restroom (Bediadanga Cluster - Unit 4),"Women's Public Restroom Hub / High Street Corner, Near Bediadanga Sarbojanin Durgotsav Committee, South Kolkata, Kolkata",22.50617,88.378357,4.2,Female,Yes,Bediadanga Sarbojanin Durgotsav Committee,604
KMC Community Pay & Use Facility (Bediadanga Cluster - Unit 5),"Bazaar Lane & Vegetable Market Approach, Near Bediadanga Sarbojanin Durgotsav Committee, South Kolkata, Kolkata",22.513427,88.375003,3.0,Male / Female,No,Bediadanga Sarbojanin Durgotsav Committee,674
KMC Smart Bio-Toilet E-Utility (Beltala Cluster - Unit 1),"Pedestrian Footpath / Green Verge, Near Beltala Sarbojanin Durgotsab, South Kolkata, Kolkata",22.52913,88.346727,3.7,Both,Yes,Beltala Sarbojanin Durgotsab,237
KMC Pay & Use Public Toilet Complex (Beltala Cluster - Unit 2),"Near Municipal Park / Ward Health Unit, Near Beltala Sarbojanin Durgotsab, South Kolkata, Kolkata",22.526583,88.349357,3.7,Both,Yes,Beltala Sarbojanin Durgotsab,244
KMC Public Convenience & Urinal Block (Beltala Cluster - Unit 3),"Local Auto Stand & Bus Stop Corner, Near Beltala Sarbojanin Durgotsab, South Kolkata, Kolkata",22.52294,88.346301,2.9,Male / Female,No,Beltala Sarbojanin Durgotsab,459
She-Toilet / Pink Booth Public Restroom (Beltala Cluster - Unit 4),"Women's Public Restroom Hub / High Street Corner, Near Beltala Sarbojanin Durgotsab, South Kolkata, Kolkata",22.526753,88.340436,4.6,Female,Yes,Beltala Sarbojanin Durgotsab,677
SBM Public Utility Toilet Block (Bengal Cluster - Unit 1),"Borough Service Station & Community Hall, Near Bengal United Club Durga Puja, South Kolkata, Kolkata",22.527567,88.347581,3.5,Both,Yes,Bengal United Club Durga Puja,138
KMC Smart Bio-Toilet E-Utility (Bengal Cluster - Unit 2),"Pedestrian Footpath / Green Verge, Near Bengal United Club Durga Puja, South Kolkata, Kolkata",22.526679,88.349078,3.8,Both,Yes,Bengal United Club Durga Puja,175
KMC Community Pay & Use Facility (Bengal Cluster - Unit 3),"Bazaar Lane & Vegetable Market Approach, Near Bengal United Club Durga Puja, South Kolkata, Kolkata",22.525257,88.348927,3.2,Male / Female,No,Bengal United Club Durga Puja,196
Metro Station Concourse Public Restroom (Bengal Cluster - Unit 4),"Metro Station Exit Gate / Sub-surface Area, Near Bengal United Club Durga Puja, South Kolkata, Kolkata",22.523794,88.345166,4.0,Both,Yes,Bengal United Club Durga Puja,365
She-Toilet / Pink Booth Public Restroom (Bengal Cluster - Unit 5),"Women's Public Restroom Hub / High Street Corner, Near Bengal United Club Durga Puja, South Kolkata, Kolkata",22.526814,88.341632,4.5,Female,Yes,Bengal United Club Durga Puja,596
SBM Public Utility Toilet Block (Bhawanipore Cluster - Unit 1),"Borough Service Station & Community Hall, Near Bhawanipore Mahapuja Samity, South Kolkata, Kolkata",22.537129,88.34797,3.3,Both,Yes,Bhawanipore Mahapuja Samity,235
KMC Community Pay & Use Facility (Bhawanipore Cluster - Unit 2),"Bazaar Lane & Vegetable Market Approach, Near Bhawanipore Mahapuja Samity, South Kolkata, Kolkata",22.534817,88.350413,2.9,Male / Female,No,Bhawanipore Mahapuja Samity,246
She-Toilet / Pink Booth Public Restroom (Bhawanipore Cluster - Unit 3),"Women's Public Restroom Hub / High Street Corner, Near Bhawanipore Mahapuja Samity, South Kolkata, Kolkata",22.53278,88.348413,4.6,Female,Yes,Bhawanipore Mahapuja Samity,251
KMC Public Convenience & Urinal Block (Bhawanipore Cluster - Unit 4),"Local Auto Stand & Bus Stop Corner, Near Bhawanipore Mahapuja Samity, South Kolkata, Kolkata",22.534397,88.344705,2.7,Male / Female,No,Bhawanipore Mahapuja Samity,348
SBM Public Utility Toilet Block (Bhowanipore Cluster - Unit 1),"Borough Service Station & Community Hall, Near Bhowanipore De Bari Durga Puja, South Kolkata, Kolkata",22.536128,88.348225,3.3,Both,Yes,Bhowanipore De Bari Durga Puja,200
KMC Public Convenience & Urinal Block (Bhowanipore Cluster - Unit 2),"Local Auto Stand & Bus Stop Corner, Near Bhowanipore De Bari Durga Puja, South Kolkata, Kolkata",22.534657,88.350845,3.2,Male / Female,No,Bhowanipore De Bari Durga Puja,252
She-Toilet / Pink Booth Public Restroom (Bhowanipore Cluster - Unit 3),"Women's Public Restroom Hub / High Street Corner, Near Bhowanipore De Bari Durga Puja, South Kolkata, Kolkata",22.531963,88.350065,4.1,Female,Yes,Bhowanipore De Bari Durga Puja,314
Metro Station Concourse Public Restroom (Bhowanipore Cluster - Unit 4),"Metro Station Exit Gate / Sub-surface Area, Near Bhowanipore De Bari Durga Puja, South Kolkata, Kolkata",22.530658,88.345428,4.3,Both,Yes,Bhowanipore De Bari Durga Puja,511
KMC Community Pay & Use Facility (Bhowanipore Cluster - Unit 5),"Bazaar Lane & Vegetable Market Approach, Near Bhowanipore De Bari Durga Puja, South Kolkata, Kolkata",22.535224,88.342699,3.0,Male / Female,No,Bhowanipore De Bari Durga Puja,595
KMC Smart Bio-Toilet E-Utility (Bhowanipore Cluster - Unit 1),"Pedestrian Footpath / Green Verge, Near Bhowanipore Mitra Bari Durga Puja, South Kolkata, Kolkata",22.536302,88.347697,3.7,Both,Yes,Bhowanipore Mitra Bari Durga Puja,295
KMC Public Convenience & Urinal Block (Bhowanipore Cluster - Unit 2),"Local Auto Stand & Bus Stop Corner, Near Bhowanipore Mitra Bari Durga Puja, South Kolkata, Kolkata",22.534516,88.350974,3.0,Male / Female,No,Bhowanipore Mitra Bari Durga Puja,347
KMC Pay & Use Public Toilet Complex (Bhowanipore Cluster - Unit 3),"Near Municipal Park / Ward Health Unit, Near Bhowanipore Mitra Bari Durga Puja, South Kolkata, Kolkata",22.530564,88.34722,3.6,Both,Yes,Bhowanipore Mitra Bari Durga Puja,347
Metro Station Concourse Public Restroom (Bhowanipore Cluster - Unit 4),"Metro Station Exit Gate / Sub-surface Area, Near Bhowanipore Mitra Bari Durga Puja, South Kolkata, Kolkata",22.534008,88.342668,4.1,Both,Yes,Bhowanipore Mitra Bari Durga Puja,522
KMC Community Pay & Use Facility (Bhowanipur Cluster - Unit 1),"Bazaar Lane & Vegetable Market Approach, Near Bhowanipur 75 Palli Durga Puja, South Kolkata, Kolkata",22.53366,88.346994,2.9,Male / Female,No,Bhowanipur 75 Palli Durga Puja,183
Sulabh Sauchalaya Public Convenience (Bhowanipur Cluster - Unit 2),"Main Road Junction / Market Complex, Near Bhowanipur 75 Palli Durga Puja, South Kolkata, Kolkata",22.532532,88.348901,3.4,Both,Yes,Bhowanipur 75 Palli Durga Puja,201
She-Toilet / Pink Booth Public Restroom (Bhowanipur Cluster - Unit 3),"Women's Public Restroom Hub / High Street Corner, Near Bhowanipur 75 Palli Durga Puja, South Kolkata, Kolkata",22.528961,88.3512,4.1,Female,Yes,Bhowanipur 75 Palli Durga Puja,547
KMC Public Convenience & Urinal Block (Bhowanipur Cluster - Unit 4),"Local Auto Stand & Bus Stop Corner, Near Bhowanipur 75 Palli Durga Puja, South Kolkata, Kolkata",22.527257,88.344847,3.0,Male / Female,No,Bhowanipur 75 Palli Durga Puja,574
KMC Pay & Use Public Toilet Complex (Bhowanipur Cluster - Unit 5),"Near Municipal Park / Ward Health Unit, Near Bhowanipur 75 Palli Durga Puja, South Kolkata, Kolkata",22.533248,88.341006,3.7,Both,Yes,Bhowanipur 75 Palli Durga Puja,633
KMC Pay & Use Public Toilet Complex (Bhowanipur Cluster - Unit 1),"Near Municipal Park / Ward Health Unit, Near Bhowanipur Muktadal Durga Puja, South Kolkata, Kolkata",22.533605,88.347104,3.9,Both,Yes,Bhowanipur Muktadal Durga Puja,254
KMC Public Convenience & Urinal Block (Bhowanipur Cluster - Unit 2),"Local Auto Stand & Bus Stop Corner, Near Bhowanipur Muktadal Durga Puja, South Kolkata, Kolkata",22.531919,88.350149,2.9,Male / Female,No,Bhowanipur Muktadal Durga Puja,289
Metro Station Concourse Public Restroom (Bhowanipur Cluster - Unit 3),"Metro Station Exit Gate / Sub-surface Area, Near Bhowanipur Muktadal Durga Puja, South Kolkata, Kolkata",22.529342,88.349461,4.1,Both,Yes,Bhowanipur Muktadal Durga Puja,306
KMC Smart Bio-Toilet E-Utility (Bhowanipur Cluster - Unit 4),"Pedestrian Footpath / Green Verge, Near Bhowanipur Muktadal Durga Puja, South Kolkata, Kolkata",22.528568,88.34533,3.6,Both,Yes,Bhowanipur Muktadal Durga Puja,375
KMC Community Pay & Use Facility (Bhowanipur Cluster - Unit 5),"Bazaar Lane & Vegetable Market Approach, Near Bhowanipur Muktadal Durga Puja, South Kolkata, Kolkata",22.532378,88.34302,3.0,Male / Female,No,Bhowanipur Muktadal Durga Puja,466
She-Toilet / Pink Booth Public Restroom (Bhowanipur Cluster - Unit 1),"Women's Public Restroom Hub / High Street Corner, Near Bhowanipur Ritwik Club Durga Puja Committee, South Kolkata, Kolkata",22.533175,88.347073,4.6,Female,Yes,Bhowanipur Ritwik Club Durga Puja Committee,283
SBM Public Utility Toilet Block (Bhowanipur Cluster - Unit 2),"Borough Service Station & Community Hall, Near Bhowanipur Ritwik Club Durga Puja Committee, South Kolkata, Kolkata",22.531146,88.350725,3.4,Both,Yes,Bhowanipur Ritwik Club Durga Puja Committee,414
KMC Community Pay & Use Facility (Bhowanipur Cluster - Unit 3),"Bazaar Lane & Vegetable Market Approach, Near Bhowanipur Ritwik Club Durga Puja Committee, South Kolkata, Kolkata",22.52635,88.346398,3.3,Male / Female,No,Bhowanipur Ritwik Club Durga Puja Committee,479
Metro Station Concourse Public Restroom (Bhowanipur Cluster - Unit 4),"Metro Station Exit Gate / Sub-surface Area, Near Bhowanipur Ritwik Club Durga Puja Committee, South Kolkata, Kolkata",22.530654,88.341496,4.4,Both,Yes,Bhowanipur Ritwik Club Durga Puja Committee,538
Sulabh Sauchalaya Public Convenience (Bhowanipur Cluster - Unit 1),"Main Road Junction / Market Complex, Near Bhowanipur Sarbojanin Durgotsav, South Kolkata, Kolkata",22.531369,88.345879,3.2,Both,Yes,Bhowanipur Sarbojanin Durgotsav,263
Metro Station Concourse Public Restroom (Bhowanipur Cluster - Unit 2),"Metro Station Exit Gate / Sub-surface Area, Near Bhowanipur Sarbojanin Durgotsav, South Kolkata, Kolkata",22.528111,88.34981,3.9,Both,Yes,Bhowanipur Sarbojanin Durgotsav,402
KMC Public Convenience & Urinal Block (Bhowanipur Cluster - Unit 3),"Local Auto Stand & Bus Stop Corner, Near Bhowanipur Sarbojanin Durgotsav, South Kolkata, Kolkata",22.524047,88.345236,3.1,Male / Female,No,Bhowanipur Sarbojanin Durgotsav,558
SBM Public Utility Toilet Block (Bhowanipur Cluster - Unit 4),"Borough Service Station & Community Hall, Near Bhowanipur Sarbojanin Durgotsav, South Kolkata, Kolkata",22.530032,88.340187,3.6,Both,Yes,Bhowanipur Sarbojanin Durgotsav,610
She-Toilet / Pink Booth Public Restroom (Bhowanipur Cluster - Unit 1),"Women's Public Restroom Hub / High Street Corner, Near Bhowanipur Students Club Sarbojanin Durga Puja, South Kolkata, Kolkata",22.529515,88.346265,4.1,Female,Yes,Bhowanipur Students Club Sarbojanin Durga Puja,132
Metro Station Concourse Public Restroom (Bhowanipur Cluster - Unit 2),"Metro Station Exit Gate / Sub-surface Area, Near Bhowanipur Students Club Sarbojanin Durga Puja, South Kolkata, Kolkata",22.529028,88.347679,4.4,Both,Yes,Bhowanipur Students Club Sarbojanin Durga Puja,151
KMC Pay & Use Public Toilet Complex (Bhowanipur Cluster - Unit 3),"Near Municipal Park / Ward Health Unit, Near Bhowanipur Students Club Sarbojanin Durga Puja, South Kolkata, Kolkata",22.52488,88.348616,3.5,Both,Yes,Bhowanipur Students Club Sarbojanin Durga Puja,446
SBM Public Utility Toilet Block (Bhowanipur Cluster - Unit 4),"Borough Service Station & Community Hall, Near Bhowanipur Students Club Sarbojanin Durga Puja, South Kolkata, Kolkata",22.52443,88.343998,3.5,Both,Yes,Bhowanipur Students Club Sarbojanin Durga Puja,500
KMC Smart Bio-Toilet E-Utility (Bhowanipur Cluster - Unit 5),"Pedestrian Footpath / Green Verge, Near Bhowanipur Students Club Sarbojanin Durga Puja, South Kolkata, Kolkata",22.531146,88.34183,4.0,Both,Yes,Bhowanipur Students Club Sarbojanin Durga Puja,565
KMC Community Pay & Use Facility (Bhowanipur Cluster - Unit 1),"Bazaar Lane & Vegetable Market Approach, Near Bhowanipur Swadhin Sangha Durga Puja, South Kolkata, Kolkata",22.529578,88.346363,3.2,Male / Female,No,Bhowanipur Swadhin Sangha Durga Puja,224
KMC Public Convenience & Urinal Block (Bhowanipur Cluster - Unit 2),"Local Auto Stand & Bus Stop Corner, Near Bhowanipur Swadhin Sangha Durga Puja, South Kolkata, Kolkata",22.528867,88.347641,3.1,Male / Female,No,Bhowanipur Swadhin Sangha Durga Puja,238
KMC Pay & Use Public Toilet Complex (Bhowanipur Cluster - Unit 3),"Near Municipal Park / Ward Health Unit, Near Bhowanipur Swadhin Sangha Durga Puja, South Kolkata, Kolkata",22.525738,88.347794,3.5,Both,Yes,Bhowanipur Swadhin Sangha Durga Puja,300
KMC Smart Bio-Toilet E-Utility (Bhowanipur Cluster - Unit 4),"Pedestrian Footpath / Green Verge, Near Bhowanipur Swadhin Sangha Durga Puja, South Kolkata, Kolkata",22.52395,88.343475,4.1,Both,Yes,Bhowanipur Swadhin Sangha Durga Puja,472
She-Toilet / Pink Booth Public Restroom (Bhowanipur Cluster - Unit 5),"Women's Public Restroom Hub / High Street Corner, Near Bhowanipur Swadhin Sangha Durga Puja, South Kolkata, Kolkata",22.527857,88.339857,4.2,Female,Yes,Bhowanipur Swadhin Sangha Durga Puja,604
Metro Station Concourse Public Restroom (Bhowanipur Cluster - Unit 1),"Metro Station Exit Gate / Sub-surface Area, Near Bhowanipur Udayan Club Durga Puja, South Kolkata, Kolkata",22.52906,88.345437,4.0,Both,Yes,Bhowanipur Udayan Club Durga Puja,342
KMC Community Pay & Use Facility (Bhowanipur Cluster - Unit 2),"Bazaar Lane & Vegetable Market Approach, Near Bhowanipur Udayan Club Durga Puja, South Kolkata, Kolkata",22.524641,88.349934,3.4,Male / Female,No,Bhowanipur Udayan Club Durga Puja,527
Sulabh Sauchalaya Public Convenience (Bhowanipur Cluster - Unit 3),"Main Road Junction / Market Complex, Near Bhowanipur Udayan Club Durga Puja, South Kolkata, Kolkata",22.520988,88.344424,3.7,Both,Yes,Bhowanipur Udayan Club Durga Puja,562
KMC Pay & Use Public Toilet Complex (Bhowanipur Cluster - Unit 4),"Near Municipal Park / Ward Health Unit, Near Bhowanipur Udayan Club Durga Puja, South Kolkata, Kolkata",22.526151,88.338578,3.4,Both,Yes,Bhowanipur Udayan Club Durga Puja,662
Metro Station Concourse Public Restroom (Chetla Cluster - Unit 1),"Metro Station Exit Gate / Sub-surface Area, Near Chetla Agrani Club Durga Puja, South Kolkata, Kolkata",22.525909,88.339265,4.2,Both,Yes,Chetla Agrani Club Durga Puja,409
SBM Public Utility Toilet Block (Chetla Cluster - Unit 2),"Borough Service Station & Community Hall, Near Chetla Agrani Club Durga Puja, South Kolkata, Kolkata",22.522969,88.343815,3.1,Both,Yes,Chetla Agrani Club Durga Puja,480
KMC Community Pay & Use Facility (Chetla Cluster - Unit 3),"Bazaar Lane & Vegetable Market Approach, Near Chetla Agrani Club Durga Puja, South Kolkata, Kolkata",22.517781,88.338546,2.9,Male / Female,No,Chetla Agrani Club Durga Puja,500
KMC Public Convenience & Urinal Block (Chetla Cluster - Unit 4),"Local Auto Stand & Bus Stop Corner, Near Chetla Agrani Club Durga Puja, South Kolkata, Kolkata",22.522636,88.333582,3.0,Male / Female,No,Chetla Agrani Club Durga Puja,580
Metro Station Concourse Public Restroom (Chetla Cluster - Unit 1),"Metro Station Exit Gate / Sub-surface Area, Near Chetla Sarbasadharaner Durgotsab, South Kolkata, Kolkata",22.524022,88.339482,3.9,Both,Yes,Chetla Sarbasadharaner Durgotsab,280
KMC Community Pay & Use Facility (Chetla Cluster - Unit 2),"Bazaar Lane & Vegetable Market Approach, Near Chetla Sarbasadharaner Durgotsab, South Kolkata, Kolkata",22.523236,88.342619,3.3,Male / Female,No,Chetla Sarbasadharaner Durgotsab,362
SBM Public Utility Toilet Block (Chetla Cluster - Unit 3),"Borough Service Station & Community Hall, Near Chetla Sarbasadharaner Durgotsab, South Kolkata, Kolkata",22.516947,88.342073,3.2,Both,Yes,Chetla Sarbasadharaner Durgotsab,566
KMC Pay & Use Public Toilet Complex (Chetla Cluster - Unit 4),"Near Municipal Park / Ward Health Unit, Near Chetla Sarbasadharaner Durgotsab, South Kolkata, Kolkata",22.517835,88.335656,3.4,Both,Yes,Chetla Sarbasadharaner Durgotsab,578
KMC Public Convenience & Urinal Block (Chetla Cluster - Unit 5),"Local Auto Stand & Bus Stop Corner, Near Chetla Sarbasadharaner Durgotsab, South Kolkata, Kolkata",22.523468,88.334106,3.2,Male / Female,No,Chetla Sarbasadharaner Durgotsab,608
Metro Station Concourse Public Restroom (Dakshin Cluster - Unit 1),"Metro Station Exit Gate / Sub-surface Area, Near Dakshin Kolkata Sarbojanin Durgotsab, South Kolkata, Kolkata",22.519442,88.348931,4.0,Both,Yes,Dakshin Kolkata Sarbojanin Durgotsab,159
KMC Smart Bio-Toilet E-Utility (Dakshin Cluster - Unit 2),"Pedestrian Footpath / Green Verge, Near Dakshin Kolkata Sarbojanin Durgotsab, South Kolkata, Kolkata",22.518439,88.353122,4.1,Both,Yes,Dakshin Kolkata Sarbojanin Durgotsab,424
KMC Pay & Use Public Toilet Complex (Dakshin Cluster - Unit 3),"Near Municipal Park / Ward Health Unit, Near Dakshin Kolkata Sarbojanin Durgotsab, South Kolkata, Kolkata",22.513904,88.348969,3.8,Both,Yes,Dakshin Kolkata Sarbojanin Durgotsab,457
KMC Community Pay & Use Facility (Dakshin Cluster - Unit 4),"Bazaar Lane & Vegetable Market Approach, Near Dakshin Kolkata Sarbojanin Durgotsab, South Kolkata, Kolkata",22.517999,88.342421,3.2,Male / Female,No,Dakshin Kolkata Sarbojanin Durgotsab,678
KMC Community Pay & Use Facility (Deshapriya Cluster - Unit 1),"Bazaar Lane & Vegetable Market Approach, Near Deshapriya Park Durga Puja, South Kolkata, Kolkata",22.520063,88.354171,3.1,Male / Female,No,Deshapriya Park Durga Puja,220
She-Toilet / Pink Booth Public Restroom (Deshapriya Cluster - Unit 2),"Women's Public Restroom Hub / High Street Corner, Near Deshapriya Park Durga Puja, South Kolkata, Kolkata",22.517789,88.356925,4.4,Female,Yes,Deshapriya Park Durga Puja,240
Sulabh Sauchalaya Public Convenience (Deshapriya Cluster - Unit 3),"Main Road Junction / Market Complex, Near Deshapriya Park Durga Puja, South Kolkata, Kolkata",22.513961,88.354683,3.4,Both,Yes,Deshapriya Park Durga Puja,463
KMC Smart Bio-Toilet E-Utility (Deshapriya Cluster - Unit 4),"Pedestrian Footpath / Green Verge, Near Deshapriya Park Durga Puja, South Kolkata, Kolkata",22.516643,88.348519,3.9,Both,Yes,Deshapriya Park Durga Puja,647
Sulabh Sauchalaya Public Convenience (Dhakuria Cluster - Unit 1),"Main Road Junction / Market Complex, Near Dhakuria Pragati Sangha Durga Puja, South Kolkata, Kolkata",22.508954,88.367855,3.7,Both,Yes,Dhakuria Pragati Sangha Durga Puja,328
KMC Community Pay & Use Facility (Dhakuria Cluster - Unit 2),"Bazaar Lane & Vegetable Market Approach, Near Dhakuria Pragati Sangha Durga Puja, South Kolkata, Kolkata",22.506733,88.371934,3.1,Male / Female,No,Dhakuria Pragati Sangha Durga Puja,410
She-Toilet / Pink Booth Public Restroom (Dhakuria Cluster - Unit 3),"Women's Public Restroom Hub / High Street Corner, Near Dhakuria Pragati Sangha Durga Puja, South Kolkata, Kolkata",22.502901,88.370354,4.1,Female,Yes,Dhakuria Pragati Sangha Durga Puja,421
KMC Pay & Use Public Toilet Complex (Dhakuria Cluster - Unit 4),"Near Municipal Park / Ward Health Unit, Near Dhakuria Pragati Sangha Durga Puja, South Kolkata, Kolkata",22.501793,88.365011,3.4,Both,Yes,Dhakuria Pragati Sangha Durga Puja,562
KMC Smart Bio-Toilet E-Utility (Dhakuria Cluster - Unit 5),"Pedestrian Footpath / Green Verge, Near Dhakuria Pragati Sangha Durga Puja, South Kolkata, Kolkata",22.508883,88.363135,3.8,Both,Yes,Dhakuria Pragati Sangha Durga Puja,595
KMC Smart Bio-Toilet E-Utility (Dhakuria Cluster - Unit 1),"Pedestrian Footpath / Green Verge, Near Dhakuria Sarbojanin Durgotsab, South Kolkata, Kolkata",22.508439,88.367468,3.9,Both,Yes,Dhakuria Sarbojanin Durgotsab,359
Sulabh Sauchalaya Public Convenience (Dhakuria Cluster - Unit 2),"Main Road Junction / Market Complex, Near Dhakuria Sarbojanin Durgotsab, South Kolkata, Kolkata",22.50542,88.372985,3.2,Both,Yes,Dhakuria Sarbojanin Durgotsab,470
She-Toilet / Pink Booth Public Restroom (Dhakuria Cluster - Unit 3),"Women's Public Restroom Hub / High Street Corner, Near Dhakuria Sarbojanin Durgotsab, South Kolkata, Kolkata",22.500949,88.369569,4.2,Female,Yes,Dhakuria Sarbojanin Durgotsab,502
SBM Public Utility Toilet Block (Dhakuria Cluster - Unit 4),"Borough Service Station & Community Hall, Near Dhakuria Sarbojanin Durgotsab, South Kolkata, Kolkata",22.504592,88.363139,3.6,Both,Yes,Dhakuria Sarbojanin Durgotsab,548
SBM Public Utility Toilet Block (Ekdalia Cluster - Unit 1),"Borough Service Station & Community Hall, Near Ekdalia Evergreen Club Durga Puja, South Kolkata, Kolkata",22.520705,88.36653,3.3,Both,Yes,Ekdalia Evergreen Club Durga Puja,236
KMC Smart Bio-Toilet E-Utility (Ekdalia Cluster - Unit 2),"Pedestrian Footpath / Green Verge, Near Ekdalia Evergreen Club Durga Puja, South Kolkata, Kolkata",22.518252,88.370011,3.7,Both,Yes,Ekdalia Evergreen Club Durga Puja,319
Metro Station Concourse Public Restroom (Ekdalia Cluster - Unit 3),"Metro Station Exit Gate / Sub-surface Area, Near Ekdalia Evergreen Club Durga Puja, South Kolkata, Kolkata",22.514327,88.368341,3.9,Both,Yes,Ekdalia Evergreen Club Durga Puja,498
KMC Pay & Use Public Toilet Complex (Ekdalia Cluster - Unit 4),"Near Municipal Park / Ward Health Unit, Near Ekdalia Evergreen Club Durga Puja, South Kolkata, Kolkata",22.51759,88.362055,3.5,Both,Yes,Ekdalia Evergreen Club Durga Puja,514
SBM Public Utility Toilet Block (Falguni Cluster - Unit 1),"Borough Service Station & Community Hall, Near Falguni Sangha Durga Puja, South Kolkata, Kolkata",22.517522,88.356918,3.6,Both,Yes,Falguni Sangha Durga Puja,168
Sulabh Sauchalaya Public Convenience (Falguni Cluster - Unit 2),"Main Road Junction / Market Complex, Near Falguni Sangha Durga Puja, South Kolkata, Kolkata",22.515493,88.362416,3.6,Both,Yes,Falguni Sangha Durga Puja,557
She-Toilet / Pink Booth Public Restroom (Falguni Cluster - Unit 3),"Women's Public Restroom Hub / High Street Corner, Near Falguni Sangha Durga Puja, South Kolkata, Kolkata",22.510667,88.358019,4.1,Female,Yes,Falguni Sangha Durga Puja,603
KMC Community Pay & Use Facility (Falguni Cluster - Unit 4),"Bazaar Lane & Vegetable Market Approach, Near Falguni Sangha Durga Puja, South Kolkata, Kolkata",22.515288,88.350733,3.1,Male / Female,No,Falguni Sangha Durga Puja,651
KMC Pay & Use Public Toilet Complex (Garfa Cluster - Unit 1),"Near Municipal Park / Ward Health Unit, Near Garfa Sarbojanin Durgotsav, South Kolkata, Kolkata",22.502801,88.375329,3.8,Both,Yes,Garfa Sarbojanin Durgotsav,201
Sulabh Sauchalaya Public Convenience (Garfa Cluster - Unit 2),"Main Road Junction / Market Complex, Near Garfa Sarbojanin Durgotsav, South Kolkata, Kolkata",22.501272,88.379451,3.4,Both,Yes,Garfa Sarbojanin Durgotsav,456
Metro Station Concourse Public Restroom (Garfa Cluster - Unit 3),"Metro Station Exit Gate / Sub-surface Area, Near Garfa Sarbojanin Durgotsav, South Kolkata, Kolkata",22.496153,88.375441,4.1,Both,Yes,Garfa Sarbojanin Durgotsav,542
She-Toilet / Pink Booth Public Restroom (Garfa Cluster - Unit 4),"Women's Public Restroom Hub / High Street Corner, Near Garfa Sarbojanin Durgotsav, South Kolkata, Kolkata",22.499821,88.368867,4.1,Female,Yes,Garfa Sarbojanin Durgotsav,646
KMC Smart Bio-Toilet E-Utility (Golpark Cluster - Unit 1),"Pedestrian Footpath / Green Verge, Near Golpark Sarbojanin Durgotsab Committee, South Kolkata, Kolkata",22.515297,88.362601,3.9,Both,Yes,Golpark Sarbojanin Durgotsab Committee,149
Metro Station Concourse Public Restroom (Golpark Cluster - Unit 2),"Metro Station Exit Gate / Sub-surface Area, Near Golpark Sarbojanin Durgotsab Committee, South Kolkata, Kolkata",22.51346,88.365012,4.2,Both,Yes,Golpark Sarbojanin Durgotsab Committee,213
KMC Pay & Use Public Toilet Complex (Golpark Cluster - Unit 3),"Near Municipal Park / Ward Health Unit, Near Golpark Sarbojanin Durgotsab Committee, South Kolkata, Kolkata",22.510026,88.363568,3.4,Both,Yes,Golpark Sarbojanin Durgotsab Committee,447
Sulabh Sauchalaya Public Convenience (Golpark Cluster - Unit 4),"Main Road Junction / Market Complex, Near Golpark Sarbojanin Durgotsab Committee, South Kolkata, Kolkata",22.512812,88.358465,3.4,Both,Yes,Golpark Sarbojanin Durgotsab Committee,487
KMC Pay & Use Public Toilet Complex (Gopal Cluster - Unit 1),"Near Municipal Park / Ward Health Unit, Near Gopal Nagar Kalyan Sangha Durga Puja, South Kolkata, Kolkata",22.52595,88.334257,3.9,Both,Yes,Gopal Nagar Kalyan Sangha Durga Puja,328
SBM Public Utility Toilet Block (Gopal Cluster - Unit 2),"Borough Service Station & Community Hall, Near Gopal Nagar Kalyan Sangha Durga Puja, South Kolkata, Kolkata",22.521903,88.33881,3.6,Both,Yes,Gopal Nagar Kalyan Sangha Durga Puja,507
KMC Public Convenience & Urinal Block (Gopal Cluster - Unit 3),"Local Auto Stand & Bus Stop Corner, Near Gopal Nagar Kalyan Sangha Durga Puja, South Kolkata, Kolkata",22.517617,88.332942,2.7,Male / Female,No,Gopal Nagar Kalyan Sangha Durga Puja,610
KMC Smart Bio-Toilet E-Utility (Gopal Cluster - Unit 4),"Pedestrian Footpath / Green Verge, Near Gopal Nagar Kalyan Sangha Durga Puja, South Kolkata, Kolkata",22.521269,88.327879,3.7,Both,Yes,Gopal Nagar Kalyan Sangha Durga Puja,660
KMC Pay & Use Public Toilet Complex (Harish Cluster - Unit 1),"Near Municipal Park / Ward Health Unit, Near Harish Park Sarbojanin Durgotsab Samity, South Kolkata, Kolkata",22.532122,88.348885,3.9,Both,Yes,Harish Park Sarbojanin Durgotsab Samity,124
Sulabh Sauchalaya Public Convenience (Harish Cluster - Unit 2),"Main Road Junction / Market Complex, Near Harish Park Sarbojanin Durgotsab Samity, South Kolkata, Kolkata",22.530753,88.350558,3.6,Both,Yes,Harish Park Sarbojanin Durgotsab Samity,160
KMC Public Convenience & Urinal Block (Harish Cluster - Unit 3),"Local Auto Stand & Bus Stop Corner, Near Harish Park Sarbojanin Durgotsab Samity, South Kolkata, Kolkata",22.52902,88.34943,2.7,Male / Female,No,Harish Park Sarbojanin Durgotsab Samity,225
KMC Community Pay & Use Facility (Harish Cluster - Unit 4),"Bazaar Lane & Vegetable Market Approach, Near Harish Park Sarbojanin Durgotsab Samity, South Kolkata, Kolkata",22.531349,88.345963,3.2,Male / Female,No,Harish Park Sarbojanin Durgotsab Samity,317
She-Toilet / Pink Booth Public Restroom (Hindustan Cluster - Unit 1),"Women's Public Restroom Hub / High Street Corner, Near Hindustan Pally Durga Puja Committee, South Kolkata, Kolkata",22.519125,88.360333,4.3,Female,Yes,Hindustan Pally Durga Puja Committee,245
KMC Pay & Use Public Toilet Complex (Hindustan Cluster - Unit 2),"Near Municipal Park / Ward Health Unit, Near Hindustan Pally Durga Puja Committee, South Kolkata, Kolkata",22.516971,88.364417,3.7,Both,Yes,Hindustan Pally Durga Puja Committee,349
KMC Community Pay & Use Facility (Hindustan Cluster - Unit 3),"Bazaar Lane & Vegetable Market Approach, Near Hindustan Pally Durga Puja Committee, South Kolkata, Kolkata",22.513725,88.36141,2.9,Male / Female,No,Hindustan Pally Durga Puja Committee,368
KMC Public Convenience & Urinal Block (Hindustan Cluster - Unit 4),"Local Auto Stand & Bus Stop Corner, Near Hindustan Pally Durga Puja Committee, South Kolkata, Kolkata",22.515562,88.355103,2.7,Male / Female,No,Hindustan Pally Durga Puja Committee,629
KMC Community Pay & Use Facility (Jubamaitry Cluster - Unit 1),"Bazaar Lane & Vegetable Market Approach, Near Jubamaitry Kalighat Durga Puja, South Kolkata, Kolkata",22.522572,88.345479,3.1,Male / Female,No,Jubamaitry Kalighat Durga Puja,153
She-Toilet / Pink Booth Public Restroom (Jubamaitry Cluster - Unit 2),"Women's Public Restroom Hub / High Street Corner, Near Jubamaitry Kalighat Durga Puja, South Kolkata, Kolkata",22.520244,88.350564,4.6,Female,Yes,Jubamaitry Kalighat Durga Puja,558
Metro Station Concourse Public Restroom (Jubamaitry Cluster - Unit 3),"Metro Station Exit Gate / Sub-surface Area, Near Jubamaitry Kalighat Durga Puja, South Kolkata, Kolkata",22.515975,88.345871,3.9,Both,Yes,Jubamaitry Kalighat Durga Puja,586
KMC Public Convenience & Urinal Block (Jubamaitry Cluster - Unit 4),"Local Auto Stand & Bus Stop Corner, Near Jubamaitry Kalighat Durga Puja, South Kolkata, Kolkata",22.521937,88.339307,3.1,Male / Female,No,Jubamaitry Kalighat Durga Puja,614
KMC Pay & Use Public Toilet Complex (Kalighat Cluster - Unit 1),"Near Municipal Park / Ward Health Unit, Near Kalighat Nepal Bhattacharjee Street Club, South Kolkata, Kolkata",22.523349,88.346494,3.8,Both,Yes,Kalighat Nepal Bhattacharjee Street Club,322
Sulabh Sauchalaya Public Convenience (Kalighat Cluster - Unit 2),"Main Road Junction / Market Complex, Near Kalighat Nepal Bhattacharjee Street Club, South Kolkata, Kolkata",22.519271,88.351842,3.2,Both,Yes,Kalighat Nepal Bhattacharjee Street Club,496
She-Toilet / Pink Booth Public Restroom (Kalighat Cluster - Unit 3),"Women's Public Restroom Hub / High Street Corner, Near Kalighat Nepal Bhattacharjee Street Club, South Kolkata, Kolkata",22.515779,88.348178,4.1,Female,Yes,Kalighat Nepal Bhattacharjee Street Club,538
KMC Community Pay & Use Facility (Kalighat Cluster - Unit 4),"Bazaar Lane & Vegetable Market Approach, Near Kalighat Nepal Bhattacharjee Street Club, South Kolkata, Kolkata",22.52098,88.341165,3.4,Male / Female,No,Kalighat Nepal Bhattacharjee Street Club,623
KMC Smart Bio-Toilet E-Utility (Kasba Cluster - Unit 1),"Pedestrian Footpath / Green Verge, Near Kasba R.K. Chatterjee Road Adhibasi Brinda Durga Puja, South Kolkata, Kolkata",22.514669,88.38405,3.8,Both,Yes,Kasba R.K. Chatterjee Road Adhibasi Brinda Durga Puja,184
Sulabh Sauchalaya Public Convenience (Kasba Cluster - Unit 2),"Main Road Junction / Market Complex, Near Kasba R.K. Chatterjee Road Adhibasi Brinda Durga Puja, South Kolkata, Kolkata",22.514412,88.3862,3.7,Both,Yes,Kasba R.K. Chatterjee Road Adhibasi Brinda Durga Puja,272
Metro Station Concourse Public Restroom (Kasba Cluster - Unit 3),"Metro Station Exit Gate / Sub-surface Area, Near Kasba R.K. Chatterjee Road Adhibasi Brinda Durga Puja, South Kolkata, Kolkata",22.510624,88.385285,3.9,Both,Yes,Kasba R.K. Chatterjee Road Adhibasi Brinda Durga Puja,295
KMC Pay & Use Public Toilet Complex (Kasba Cluster - Unit 4),"Near Municipal Park / Ward Health Unit, Near Kasba R.K. Chatterjee Road Adhibasi Brinda Durga Puja, South Kolkata, Kolkata",22.510822,88.382147,3.7,Both,Yes,Kasba R.K. Chatterjee Road Adhibasi Brinda Durga Puja,311
SBM Public Utility Toilet Block (Kasba Cluster - Unit 5),"Borough Service Station & Community Hall, Near Kasba R.K. Chatterjee Road Adhibasi Brinda Durga Puja, South Kolkata, Kolkata",22.514464,88.378417,3.2,Both,Yes,Kasba R.K. Chatterjee Road Adhibasi Brinda Durga Puja,598
She-Toilet / Pink Booth Public Restroom (Kasba Cluster - Unit 1),"Women's Public Restroom Hub / High Street Corner, Near Kasba Renaissance Club, South Kolkata, Kolkata",22.51341,88.384523,4.3,Female,Yes,Kasba Renaissance Club,120
Metro Station Concourse Public Restroom (Kasba Cluster - Unit 2),"Metro Station Exit Gate / Sub-surface Area, Near Kasba Renaissance Club, South Kolkata, Kolkata",22.512408,88.385589,4.0,Both,Yes,Kasba Renaissance Club,121
KMC Community Pay & Use Facility (Kasba Cluster - Unit 3),"Bazaar Lane & Vegetable Market Approach, Near Kasba Renaissance Club, South Kolkata, Kolkata",22.509643,88.384287,3.1,Male / Female,No,Kasba Renaissance Club,300
KMC Pay & Use Public Toilet Complex (Kasba Cluster - Unit 4),"Near Municipal Park / Ward Health Unit, Near Kasba Renaissance Club, South Kolkata, Kolkata",22.512064,88.379086,3.8,Both,Yes,Kasba Renaissance Club,548
Metro Station Concourse Public Restroom (Kasba Cluster - Unit 1),"Metro Station Exit Gate / Sub-surface Area, Near Kasba Shakti Sangha Pallybasi Durgotsav Samity, South Kolkata, Kolkata",22.513609,88.383693,4.3,Both,Yes,Kasba Shakti Sangha Pallybasi Durgotsav Samity,218
KMC Public Convenience & Urinal Block (Kasba Cluster - Unit 2),"Local Auto Stand & Bus Stop Corner, Near Kasba Shakti Sangha Pallybasi Durgotsav Samity, South Kolkata, Kolkata",22.511646,88.38624,3.1,Male / Female,No,Kasba Shakti Sangha Pallybasi Durgotsav Samity,257
KMC Pay & Use Public Toilet Complex (Kasba Cluster - Unit 3),"Near Municipal Park / Ward Health Unit, Near Kasba Shakti Sangha Pallybasi Durgotsav Samity, South Kolkata, Kolkata",22.508875,88.384193,3.8,Both,Yes,Kasba Shakti Sangha Pallybasi Durgotsav Samity,312
She-Toilet / Pink Booth Public Restroom (Kasba Cluster - Unit 4),"Women's Public Restroom Hub / High Street Corner, Near Kasba Shakti Sangha Pallybasi Durgotsav Samity, South Kolkata, Kolkata",22.511542,88.379318,4.5,Female,Yes,Kasba Shakti Sangha Pallybasi Durgotsav Samity,454
Sulabh Sauchalaya Public Convenience (Ketopole Cluster - Unit 1),"Main Road Junction / Market Complex, Near Ketopole Sammilani Durga Puja, South Kolkata, Kolkata",22.510111,88.337552,3.2,Both,Yes,Ketopole Sammilani Durga Puja,238
KMC Pay & Use Public Toilet Complex (Ketopole Cluster - Unit 2),"Near Municipal Park / Ward Health Unit, Near Ketopole Sammilani Durga Puja, South Kolkata, Kolkata",22.509369,88.340908,3.8,Both,Yes,Ketopole Sammilani Durga Puja,333
Metro Station Concourse Public Restroom (Ketopole Cluster - Unit 3),"Metro Station Exit Gate / Sub-surface Area, Near Ketopole Sammilani Durga Puja, South Kolkata, Kolkata",22.505318,88.340643,4.1,Both,Yes,Ketopole Sammilani Durga Puja,403
KMC Public Convenience & Urinal Block (Ketopole Cluster - Unit 4),"Local Auto Stand & Bus Stop Corner, Near Ketopole Sammilani Durga Puja, South Kolkata, Kolkata",22.503673,88.335495,2.7,Male / Female,No,Ketopole Sammilani Durga Puja,548
She-Toilet / Pink Booth Public Restroom (Ketopole Cluster - Unit 5),"Women's Public Restroom Hub / High Street Corner, Near Ketopole Sammilani Durga Puja, South Kolkata, Kolkata",22.509549,88.332454,4.3,Female,Yes,Ketopole Sammilani Durga Puja,597
KMC Community Pay & Use Facility (Keyatala Cluster - Unit 1),"Bazaar Lane & Vegetable Market Approach, Near Keyatala Pally Samity Durga Puja, South Kolkata, Kolkata",22.514859,88.359537,3.0,Male / Female,No,Keyatala Pally Samity Durga Puja,211
KMC Smart Bio-Toilet E-Utility (Keyatala Cluster - Unit 2),"Pedestrian Footpath / Green Verge, Near Keyatala Pally Samity Durga Puja, South Kolkata, Kolkata",22.515173,88.363896,3.9,Both,Yes,Keyatala Pally Samity Durga Puja,465
KMC Public Convenience & Urinal Block (Keyatala Cluster - Unit 3),"Local Auto Stand & Bus Stop Corner, Near Keyatala Pally Samity Durga Puja, South Kolkata, Kolkata",22.509669,88.364281,2.7,Male / Female,No,Keyatala Pally Samity Durga Puja,574
Sulabh Sauchalaya Public Convenience (Keyatala Cluster - Unit 4),"Main Road Junction / Market Complex, Near Keyatala Pally Samity Durga Puja, South Kolkata, Kolkata",22.509623,88.355591,3.4,Both,Yes,Keyatala Pally Samity Durga Puja,591
SBM Public Utility Toilet Block (Keyatala Cluster - Unit 5),"Borough Service Station & Community Hall, Near Keyatala Pally Samity Durga Puja, South Kolkata, Kolkata",22.51427,88.354122,3.6,Both,Yes,Keyatala Pally Samity Durga Puja,622
Metro Station Concourse Public Restroom (Kheyali Cluster - Unit 1),"Metro Station Exit Gate / Sub-surface Area, Near Kheyali Sangha Durga Puja, South Kolkata, Kolkata",22.514335,88.360003,4.4,Both,Yes,Kheyali Sangha Durga Puja,226
She-Toilet / Pink Booth Public Restroom (Kheyali Cluster - Unit 2),"Women's Public Restroom Hub / High Street Corner, Near Kheyali Sangha Durga Puja, South Kolkata, Kolkata",22.513464,88.362853,4.4,Female,Yes,Kheyali Sangha Durga Puja,280
Sulabh Sauchalaya Public Convenience (Kheyali Cluster - Unit 3),"Main Road Junction / Market Complex, Near Kheyali Sangha Durga Puja, South Kolkata, Kolkata",22.508343,88.362001,3.2,Both,Yes,Kheyali Sangha Durga Puja,473
KMC Community Pay & Use Facility (Kheyali Cluster - Unit 4),"Bazaar Lane & Vegetable Market Approach, Near Kheyali Sangha Durga Puja, South Kolkata, Kolkata",22.508263,88.357825,3.2,Male / Female,No,Kheyali Sangha Durga Puja,525
KMC Smart Bio-Toilet E-Utility (Kheyali Cluster - Unit 5),"Pedestrian Footpath / Green Verge, Near Kheyali Sangha Durga Puja, South Kolkata, Kolkata",22.513417,88.354073,4.1,Both,Yes,Kheyali Sangha Durga Puja,662
SBM Public Utility Toilet Block (Khidderpore Cluster - Unit 1),"Borough Service Station & Community Hall, Near Khidderpore Sarbojanin Durgotsab, South Kolkata, Kolkata",22.541558,88.32477,3.1,Both,Yes,Khidderpore Sarbojanin Durgotsab,402
KMC Smart Bio-Toilet E-Utility (Khidderpore Cluster - Unit 2),"Pedestrian Footpath / Green Verge, Near Khidderpore Sarbojanin Durgotsab, South Kolkata, Kolkata",22.538354,88.32957,3.7,Both,Yes,Khidderpore Sarbojanin Durgotsab,571
She-Toilet / Pink Booth Public Restroom (Khidderpore Cluster - Unit 3),"Women's Public Restroom Hub / High Street Corner, Near Khidderpore Sarbojanin Durgotsab, South Kolkata, Kolkata",22.532297,88.325871,4.5,Female,Yes,Khidderpore Sarbojanin Durgotsab,663
KMC Pay & Use Public Toilet Complex (Khidderpore Cluster - Unit 4),"Near Municipal Park / Ward Health Unit, Near Khidderpore Sarbojanin Durgotsab, South Kolkata, Kolkata",22.539526,88.317747,3.8,Both,Yes,Khidderpore Sarbojanin Durgotsab,666
KMC Smart Bio-Toilet E-Utility (Khidderpur Cluster - Unit 1),"Pedestrian Footpath / Green Verge, Near Khidderpur 75 Pally Sarbojanin Durgotsab Committee, South Kolkata, Kolkata",22.538524,88.324682,3.8,Both,Yes,Khidderpur 75 Pally Sarbojanin Durgotsab Committee,135
She-Toilet / Pink Booth Public Restroom (Khidderpur Cluster - Unit 2),"Women's Public Restroom Hub / High Street Corner, Near Khidderpur 75 Pally Sarbojanin Durgotsab Committee, South Kolkata, Kolkata",22.536973,88.325993,4.1,Female,Yes,Khidderpur 75 Pally Sarbojanin Durgotsab Committee,167
KMC Pay & Use Public Toilet Complex (Khidderpur Cluster - Unit 3),"Near Municipal Park / Ward Health Unit, Near Khidderpur 75 Pally Sarbojanin Durgotsab Committee, South Kolkata, Kolkata",22.535642,88.324752,3.8,Both,Yes,Khidderpur 75 Pally Sarbojanin Durgotsab Committee,191
SBM Public Utility Toilet Block (Khidderpur Cluster - Unit 4),"Borough Service Station & Community Hall, Near Khidderpur 75 Pally Sarbojanin Durgotsab Committee, South Kolkata, Kolkata",22.537107,88.3196,3.1,Both,Yes,Khidderpur 75 Pally Sarbojanin Durgotsab Committee,495
Metro Station Concourse Public Restroom (Kidderpore Cluster - Unit 1),"Metro Station Exit Gate / Sub-surface Area, Near Kidderpore Jubaghosthi Durga Puja, South Kolkata, Kolkata",22.538563,88.323798,4.0,Both,Yes,Kidderpore Jubaghosthi Durga Puja,213
Sulabh Sauchalaya Public Convenience (Kidderpore Cluster - Unit 2),"Main Road Junction / Market Complex, Near Kidderpore Jubaghosthi Durga Puja, South Kolkata, Kolkata",22.537473,88.325673,3.5,Both,Yes,Kidderpore Jubaghosthi Durga Puja,219
SBM Public Utility Toilet Block (Kidderpore Cluster - Unit 3),"Borough Service Station & Community Hall, Near Kidderpore Jubaghosthi Durga Puja, South Kolkata, Kolkata",22.53393,88.325546,3.4,Both,Yes,Kidderpore Jubaghosthi Durga Puja,355
KMC Smart Bio-Toilet E-Utility (Kidderpore Cluster - Unit 4),"Pedestrian Footpath / Green Verge, Near Kidderpore Jubaghosthi Durga Puja, South Kolkata, Kolkata",22.532917,88.321664,4.1,Both,Yes,Kidderpore Jubaghosthi Durga Puja,466
KMC Public Convenience & Urinal Block (Kidderpore Cluster - Unit 5),"Local Auto Stand & Bus Stop Corner, Near Kidderpore Jubaghosthi Durga Puja, South Kolkata, Kolkata",22.539299,88.317756,2.7,Male / Female,No,Kidderpore Jubaghosthi Durga Puja,681
KMC Pay & Use Public Toilet Complex (Kidderpore Cluster - Unit 1),"Near Municipal Park / Ward Health Unit, Near Kidderpore Pally Saradiya Durga Puja, South Kolkata, Kolkata",22.537407,88.322935,3.7,Both,Yes,Kidderpore Pally Saradiya Durga Puja,266
KMC Smart Bio-Toilet E-Utility (Kidderpore Cluster - Unit 2),"Pedestrian Footpath / Green Verge, Near Kidderpore Pally Saradiya Durga Puja, South Kolkata, Kolkata",22.535688,88.326367,3.7,Both,Yes,Kidderpore Pally Saradiya Durga Puja,352
She-Toilet / Pink Booth Public Restroom (Kidderpore Cluster - Unit 3),"Women's Public Restroom Hub / High Street Corner, Near Kidderpore Pally Saradiya Durga Puja, South Kolkata, Kolkata",22.532594,88.326059,4.5,Female,Yes,Kidderpore Pally Saradiya Durga Puja,412
Sulabh Sauchalaya Public Convenience (Kidderpore Cluster - Unit 4),"Main Road Junction / Market Complex, Near Kidderpore Pally Saradiya Durga Puja, South Kolkata, Kolkata",22.531011,88.320518,3.5,Both,Yes,Kidderpore Pally Saradiya Durga Puja,514
KMC Public Convenience & Urinal Block (Kidderpore Cluster - Unit 5),"Local Auto Stand & Bus Stop Corner, Near Kidderpore Pally Saradiya Durga Puja, South Kolkata, Kolkata",22.53628,88.317344,2.9,Male / Female,No,Kidderpore Pally Saradiya Durga Puja,600
She-Toilet / Pink Booth Public Restroom (Lake Cluster - Unit 1),"Women's Public Restroom Hub / High Street Corner, Near Lake Gardens Peoples Association Durga Puja, South Kolkata, Kolkata",22.508755,88.357883,4.1,Female,Yes,Lake Gardens Peoples Association Durga Puja,194
KMC Community Pay & Use Facility (Lake Cluster - Unit 2),"Bazaar Lane & Vegetable Market Approach, Near Lake Gardens Peoples Association Durga Puja, South Kolkata, Kolkata",22.507234,88.361125,3.2,Male / Female,No,Lake Gardens Peoples Association Durga Puja,320
Metro Station Concourse Public Restroom (Lake Cluster - Unit 3),"Metro Station Exit Gate / Sub-surface Area, Near Lake Gardens Peoples Association Durga Puja, South Kolkata, Kolkata",22.500956,88.357238,4.4,Both,Yes,Lake Gardens Peoples Association Durga Puja,678
SBM Public Utility Toilet Block (Lake Cluster - Unit 4),"Borough Service Station & Community Hall, Near Lake Gardens Peoples Association Durga Puja, South Kolkata, Kolkata",22.507327,88.351401,3.3,Both,Yes,Lake Gardens Peoples Association Durga Puja,681
Metro Station Concourse Public Restroom (Lake Cluster - Unit 1),"Metro Station Exit Gate / Sub-surface Area, Near Lake Youth Corner Durga Puja, South Kolkata, Kolkata",22.507844,88.358205,4.2,Both,Yes,Lake Youth Corner Durga Puja,169
KMC Public Convenience & Urinal Block (Lake Cluster - Unit 2),"Local Auto Stand & Bus Stop Corner, Near Lake Youth Corner Durga Puja, South Kolkata, Kolkata",22.506192,88.360063,2.8,Male / Female,No,Lake Youth Corner Durga Puja,170
Sulabh Sauchalaya Public Convenience (Lake Cluster - Unit 3),"Main Road Junction / Market Complex, Near Lake Youth Corner Durga Puja, South Kolkata, Kolkata",22.503359,88.357921,3.6,Both,Yes,Lake Youth Corner Durga Puja,335
She-Toilet / Pink Booth Public Restroom (Lake Cluster - Unit 4),"Women's Public Restroom Hub / High Street Corner, Near Lake Youth Corner Durga Puja, South Kolkata, Kolkata",22.506311,88.354901,4.4,Female,Yes,Lake Youth Corner Durga Puja,361
KMC Smart Bio-Toilet E-Utility (Mahamayatala Cluster - Unit 1),"Pedestrian Footpath / Green Verge, Near Mahamayatala Sarbojanin Durgotsab, South Kolkata, Kolkata",22.45586,88.381618,4.0,Both,Yes,Mahamayatala Sarbojanin Durgotsab,214
Sulabh Sauchalaya Public Convenience (Mahamayatala Cluster - Unit 2),"Main Road Junction / Market Complex, Near Mahamayatala Sarbojanin Durgotsab, South Kolkata, Kolkata",22.454377,88.384618,3.6,Both,Yes,Mahamayatala Sarbojanin Durgotsab,372
KMC Pay & Use Public Toilet Complex (Mahamayatala Cluster - Unit 3),"Near Municipal Park / Ward Health Unit, Near Mahamayatala Sarbojanin Durgotsab, South Kolkata, Kolkata",22.449568,88.379841,3.4,Both,Yes,Mahamayatala Sarbojanin Durgotsab,509
Metro Station Concourse Public Restroom (Mahamayatala Cluster - Unit 4),"Metro Station Exit Gate / Sub-surface Area, Near Mahamayatala Sarbojanin Durgotsab, South Kolkata, Kolkata",22.4546,88.374562,4.3,Both,Yes,Mahamayatala Sarbojanin Durgotsab,667
Metro Station Concourse Public Restroom (Megacity Cluster - Unit 1),"Metro Station Exit Gate / Sub-surface Area, Near Megacity Residents Puja Committee, South Kolkata, Kolkata",22.452956,88.384923,4.2,Both,Yes,Megacity Residents Puja Committee,216
KMC Smart Bio-Toilet E-Utility (Megacity Cluster - Unit 2),"Pedestrian Footpath / Green Verge, Near Megacity Residents Puja Committee, South Kolkata, Kolkata",22.451891,88.388835,3.6,Both,Yes,Megacity Residents Puja Committee,404
KMC Public Convenience & Urinal Block (Megacity Cluster - Unit 3),"Local Auto Stand & Bus Stop Corner, Near Megacity Residents Puja Committee, South Kolkata, Kolkata",22.447629,88.386722,2.9,Male / Female,No,Megacity Residents Puja Committee,415
SBM Public Utility Toilet Block (Megacity Cluster - Unit 4),"Borough Service Station & Community Hall, Near Megacity Residents Puja Committee, South Kolkata, Kolkata",22.447383,88.383614,3.6,Both,Yes,Megacity Residents Puja Committee,429
KMC Community Pay & Use Facility (Megacity Cluster - Unit 5),"Bazaar Lane & Vegetable Market Approach, Near Megacity Residents Puja Committee, South Kolkata, Kolkata",22.451128,88.378981,3.2,Male / Female,No,Megacity Residents Puja Committee,621
SBM Public Utility Toilet Block (Mohila Cluster - Unit 1),"Borough Service Station & Community Hall, Near Mohila Mahal Club Durga Puja, South Kolkata, Kolkata",22.513248,88.355317,3.2,Both,Yes,Mohila Mahal Club Durga Puja,250
KMC Public Convenience & Urinal Block (Mohila Cluster - Unit 2),"Local Auto Stand & Bus Stop Corner, Near Mohila Mahal Club Durga Puja, South Kolkata, Kolkata",22.511526,88.358004,3.2,Male / Female,No,Mohila Mahal Club Durga Puja,312
Metro Station Concourse Public Restroom (Mohila Cluster - Unit 3),"Metro Station Exit Gate / Sub-surface Area, Near Mohila Mahal Club Durga Puja, South Kolkata, Kolkata",22.509006,88.357237,4.4,Both,Yes,Mohila Mahal Club Durga Puja,319
KMC Community Pay & Use Facility (Mohila Cluster - Unit 4),"Bazaar Lane & Vegetable Market Approach, Near Mohila Mahal Club Durga Puja, South Kolkata, Kolkata",22.506867,88.35097,3.1,Male / Female,No,Mohila Mahal Club Durga Puja,621
KMC Pay & Use Public Toilet Complex (Mohila Cluster - Unit 5),"Near Municipal Park / Ward Health Unit, Near Mohila Mahal Club Durga Puja, South Kolkata, Kolkata",22.513482,88.349265,3.6,Both,Yes,Mohila Mahal Club Durga Puja,652
Metro Station Concourse Public Restroom (Monohar Cluster - Unit 1),"Metro Station Exit Gate / Sub-surface Area, Near Monohar Pukur Baisakhi Sangha, South Kolkata, Kolkata",22.52162,88.357457,4.2,Both,Yes,Monohar Pukur Baisakhi Sangha,404
Sulabh Sauchalaya Public Convenience (Monohar Cluster - Unit 2),"Main Road Junction / Market Complex, Near Monohar Pukur Baisakhi Sangha, South Kolkata, Kolkata",22.518245,88.361424,3.3,Both,Yes,Monohar Pukur Baisakhi Sangha,453
KMC Public Convenience & Urinal Block (Monohar Cluster - Unit 3),"Local Auto Stand & Bus Stop Corner, Near Monohar Pukur Baisakhi Sangha, South Kolkata, Kolkata",22.513695,88.356519,2.8,Male / Female,No,Monohar Pukur Baisakhi Sangha,483
KMC Smart Bio-Toilet E-Utility (Monohar Cluster - Unit 4),"Pedestrian Footpath / Green Verge, Near Monohar Pukur Baisakhi Sangha, South Kolkata, Kolkata",22.517706,88.351855,3.6,Both,Yes,Monohar Pukur Baisakhi Sangha,532
KMC Pay & Use Public Toilet Complex (Mudiali Cluster - Unit 1),"Near Municipal Park / Ward Health Unit, Near Mudiali Club Sarbojanin Durga Puja, South Kolkata, Kolkata",22.517238,88.348559,3.6,Both,Yes,Mudiali Club Sarbojanin Durga Puja,429
KMC Smart Bio-Toilet E-Utility (Mudiali Cluster - Unit 2),"Pedestrian Footpath / Green Verge, Near Mudiali Club Sarbojanin Durga Puja, South Kolkata, Kolkata",22.513798,88.354207,3.9,Both,Yes,Mudiali Club Sarbojanin Durga Puja,471
KMC Public Convenience & Urinal Block (Mudiali Cluster - Unit 3),"Local Auto Stand & Bus Stop Corner, Near Mudiali Club Sarbojanin Durga Puja, South Kolkata, Kolkata",22.509154,88.348608,2.9,Male / Female,No,Mudiali Club Sarbojanin Durga Puja,496
She-Toilet / Pink Booth Public Restroom (Mudiali Cluster - Unit 4),"Women's Public Restroom Hub / High Street Corner, Near Mudiali Club Sarbojanin Durga Puja, South Kolkata, Kolkata",22.512591,88.344284,4.6,Female,Yes,Mudiali Club Sarbojanin Durga Puja,559
KMC Public Convenience & Urinal Block (N.S.C. Cluster - Unit 1),"Local Auto Stand & Bus Stop Corner, Near N.S.C. Sports Club Durga Puja, South Kolkata, Kolkata",22.512125,88.349771,3.2,Male / Female,No,N.S.C. Sports Club Durga Puja,236
KMC Community Pay & Use Facility (N.S.C. Cluster - Unit 2),"Bazaar Lane & Vegetable Market Approach, Near N.S.C. Sports Club Durga Puja, South Kolkata, Kolkata",22.510001,88.353007,3.3,Male / Female,No,N.S.C. Sports Club Durga Puja,307
KMC Smart Bio-Toilet E-Utility (N.S.C. Cluster - Unit 3),"Pedestrian Footpath / Green Verge, Near N.S.C. Sports Club Durga Puja, South Kolkata, Kolkata",22.506881,88.350198,3.8,Both,Yes,N.S.C. Sports Club Durga Puja,349
She-Toilet / Pink Booth Public Restroom (N.S.C. Cluster - Unit 4),"Women's Public Restroom Hub / High Street Corner, Near N.S.C. Sports Club Durga Puja, South Kolkata, Kolkata",22.510308,88.34591,4.4,Female,Yes,N.S.C. Sports Club Durga Puja,424
Metro Station Concourse Public Restroom (Naktala Cluster - Unit 1),"Metro Station Exit Gate / Sub-surface Area, Near Naktala Udayan Sangha Durga Puja, South Kolkata, Kolkata",22.47409,88.364721,4.4,Both,Yes,Naktala Udayan Sangha Durga Puja,156
KMC Public Convenience & Urinal Block (Naktala Cluster - Unit 2),"Local Auto Stand & Bus Stop Corner, Near Naktala Udayan Sangha Durga Puja, South Kolkata, Kolkata",22.472298,88.367165,3.0,Male / Female,No,Naktala Udayan Sangha Durga Puja,285
KMC Pay & Use Public Toilet Complex (Naktala Cluster - Unit 3),"Near Municipal Park / Ward Health Unit, Near Naktala Udayan Sangha Durga Puja, South Kolkata, Kolkata",22.468057,88.365272,3.8,Both,Yes,Naktala Udayan Sangha Durga Puja,525
Sulabh Sauchalaya Public Convenience (Naktala Cluster - Unit 4),"Main Road Junction / Market Complex, Near Naktala Udayan Sangha Durga Puja, South Kolkata, Kolkata",22.473203,88.358108,3.5,Both,Yes,Naktala Udayan Sangha Durga Puja,651
SBM Public Utility Toilet Block (Naskarpara Cluster - Unit 1),"Borough Service Station & Community Hall, Near Naskarpara Sarbojanin Durgotsav, South Kolkata, Kolkata",22.470154,88.365952,3.4,Both,Yes,Naskarpara Sarbojanin Durgotsav,127
Sulabh Sauchalaya Public Convenience (Naskarpara Cluster - Unit 2),"Main Road Junction / Market Complex, Near Naskarpara Sarbojanin Durgotsav, South Kolkata, Kolkata",22.469162,88.367427,3.2,Both,Yes,Naskarpara Sarbojanin Durgotsav,145
KMC Smart Bio-Toilet E-Utility (Naskarpara Cluster - Unit 3),"Pedestrian Footpath / Green Verge, Near Naskarpara Sarbojanin Durgotsav, South Kolkata, Kolkata",22.46534,88.369796,3.9,Both,Yes,Naskarpara Sarbojanin Durgotsav,563
KMC Pay & Use Public Toilet Complex (Naskarpara Cluster - Unit 4),"Near Municipal Park / Ward Health Unit, Near Naskarpara Sarbojanin Durgotsav, South Kolkata, Kolkata",22.464881,88.362404,3.8,Both,Yes,Naskarpara Sarbojanin Durgotsav,591
She-Toilet / Pink Booth Public Restroom (Naskarpara Cluster - Unit 5),"Women's Public Restroom Hub / High Street Corner, Near Naskarpara Sarbojanin Durgotsav, South Kolkata, Kolkata",22.469764,88.359817,4.4,Female,Yes,Naskarpara Sarbojanin Durgotsav,643
KMC Community Pay & Use Facility (New Cluster - Unit 1),"Bazaar Lane & Vegetable Market Approach, Near New Alipore Suruchi Sangha Durga Puja, South Kolkata, Kolkata",22.518803,88.331263,3.2,Male / Female,No,New Alipore Suruchi Sangha Durga Puja,168
Sulabh Sauchalaya Public Convenience (New Cluster - Unit 2),"Main Road Junction / Market Complex, Near New Alipore Suruchi Sangha Durga Puja, South Kolkata, Kolkata",22.516936,88.333022,3.5,Both,Yes,New Alipore Suruchi Sangha Durga Puja,230
SBM Public Utility Toilet Block (New Cluster - Unit 3),"Borough Service Station & Community Hall, Near New Alipore Suruchi Sangha Durga Puja, South Kolkata, Kolkata",22.513861,88.330411,3.4,Both,Yes,New Alipore Suruchi Sangha Durga Puja,390
She-Toilet / Pink Booth Public Restroom (New Cluster - Unit 4),"Women's Public Restroom Hub / High Street Corner, Near New Alipore Suruchi Sangha Durga Puja, South Kolkata, Kolkata",22.518471,88.326122,4.3,Female,Yes,New Alipore Suruchi Sangha Durga Puja,499
KMC Smart Bio-Toilet E-Utility (New Cluster - Unit 1),"Pedestrian Footpath / Green Verge, Near New Santoshpur Adi Durgotsab, South Kolkata, Kolkata",22.493516,88.377662,4.0,Both,Yes,New Santoshpur Adi Durgotsab,171
SBM Public Utility Toilet Block (New Cluster - Unit 2),"Borough Service Station & Community Hall, Near New Santoshpur Adi Durgotsab, South Kolkata, Kolkata",22.49278,88.379536,3.4,Both,Yes,New Santoshpur Adi Durgotsab,177
KMC Public Convenience & Urinal Block (New Cluster - Unit 3),"Local Auto Stand & Bus Stop Corner, Near New Santoshpur Adi Durgotsab, South Kolkata, Kolkata",22.489099,88.380268,3.2,Male / Female,No,New Santoshpur Adi Durgotsab,398
KMC Community Pay & Use Facility (New Cluster - Unit 4),"Bazaar Lane & Vegetable Market Approach, Near New Santoshpur Adi Durgotsab, South Kolkata, Kolkata",22.488323,88.375599,3.0,Male / Female,No,New Santoshpur Adi Durgotsab,480
Metro Station Concourse Public Restroom (New Cluster - Unit 5),"Metro Station Exit Gate / Sub-surface Area, Near New Santoshpur Adi Durgotsab, South Kolkata, Kolkata",22.494028,88.372281,4.3,Both,Yes,New Santoshpur Adi Durgotsab,631
KMC Smart Bio-Toilet E-Utility (Paddapukur Cluster - Unit 1),"Pedestrian Footpath / Green Verge, Near Paddapukur Barwari Samity, South Kolkata, Kolkata",22.536545,88.350651,3.8,Both,Yes,Paddapukur Barwari Samity,395
SBM Public Utility Toilet Block (Paddapukur Cluster - Unit 2),"Borough Service Station & Community Hall, Near Paddapukur Barwari Samity, South Kolkata, Kolkata",22.534356,88.355698,3.3,Both,Yes,Paddapukur Barwari Samity,503
KMC Pay & Use Public Toilet Complex (Paddapukur Cluster - Unit 3),"Near Municipal Park / Ward Health Unit, Near Paddapukur Barwari Samity, South Kolkata, Kolkata",22.528589,88.353144,3.5,Both,Yes,Paddapukur Barwari Samity,538
She-Toilet / Pink Booth Public Restroom (Paddapukur Cluster - Unit 4),"Women's Public Restroom Hub / High Street Corner, Near Paddapukur Barwari Samity, South Kolkata, Kolkata",22.528691,88.34854,4.6,Female,Yes,Paddapukur Barwari Samity,544
KMC Community Pay & Use Facility (Paddapukur Cluster - Unit 5),"Bazaar Lane & Vegetable Market Approach, Near Paddapukur Barwari Samity, South Kolkata, Kolkata",22.534683,88.344764,2.9,Male / Female,No,Paddapukur Barwari Samity,669
KMC Pay & Use Public Toilet Complex (Paddapukur Cluster - Unit 1),"Near Municipal Park / Ward Health Unit, Near Paddapukur Youth Association Durga Puja, South Kolkata, Kolkata",22.535584,88.35112,3.9,Both,Yes,Paddapukur Youth Association Durga Puja,363
She-Toilet / Pink Booth Public Restroom (Paddapukur Cluster - Unit 2),"Women's Public Restroom Hub / High Street Corner, Near Paddapukur Youth Association Durga Puja, South Kolkata, Kolkata",22.53155,88.3553,4.1,Female,Yes,Paddapukur Youth Association Durga Puja,409
Sulabh Sauchalaya Public Convenience (Paddapukur Cluster - Unit 3),"Main Road Junction / Market Complex, Near Paddapukur Youth Association Durga Puja, South Kolkata, Kolkata",22.528129,88.350127,3.2,Both,Yes,Paddapukur Youth Association Durga Puja,486
KMC Community Pay & Use Facility (Paddapukur Cluster - Unit 4),"Bazaar Lane & Vegetable Market Approach, Near Paddapukur Youth Association Durga Puja, South Kolkata, Kolkata",22.531785,88.346139,3.0,Male / Female,No,Paddapukur Youth Association Durga Puja,545
She-Toilet / Pink Booth Public Restroom (Pally Cluster - Unit 1),"Women's Public Restroom Hub / High Street Corner, Near Pally Mangal Samity, South Kolkata, Kolkata",22.533019,88.351172,4.6,Female,Yes,Pally Mangal Samity,159
KMC Smart Bio-Toilet E-Utility (Pally Cluster - Unit 2),"Pedestrian Footpath / Green Verge, Near Pally Mangal Samity, South Kolkata, Kolkata",22.532666,88.352607,3.8,Both,Yes,Pally Mangal Samity,223
Metro Station Concourse Public Restroom (Pally Cluster - Unit 3),"Metro Station Exit Gate / Sub-surface Area, Near Pally Mangal Samity, South Kolkata, Kolkata",22.528575,88.352063,4.0,Both,Yes,Pally Mangal Samity,368
KMC Community Pay & Use Facility (Pally Cluster - Unit 4),"Bazaar Lane & Vegetable Market Approach, Near Pally Mangal Samity, South Kolkata, Kolkata",22.528951,88.346936,2.9,Male / Female,No,Pally Mangal Samity,492
Sulabh Sauchalaya Public Convenience (Pally Cluster - Unit 5),"Main Road Junction / Market Complex, Near Pally Mangal Samity, South Kolkata, Kolkata",22.532291,88.344718,3.3,Both,Yes,Pally Mangal Samity,622
Metro Station Concourse Public Restroom (Panchanna Cluster - Unit 1),"Metro Station Exit Gate / Sub-surface Area, Near Panchanna Gram Adhibasibrinda, South Kolkata, Kolkata",22.509109,88.390953,4.4,Both,Yes,Panchanna Gram Adhibasibrinda,122
She-Toilet / Pink Booth Public Restroom (Panchanna Cluster - Unit 2),"Women's Public Restroom Hub / High Street Corner, Near Panchanna Gram Adhibasibrinda, South Kolkata, Kolkata",22.50818,88.393747,4.1,Female,Yes,Panchanna Gram Adhibasibrinda,280
KMC Pay & Use Public Toilet Complex (Panchanna Cluster - Unit 3),"Near Municipal Park / Ward Health Unit, Near Panchanna Gram Adhibasibrinda, South Kolkata, Kolkata",22.505328,88.392134,3.7,Both,Yes,Panchanna Gram Adhibasibrinda,320
KMC Smart Bio-Toilet E-Utility (Panchanna Cluster - Unit 4),"Pedestrian Footpath / Green Verge, Near Panchanna Gram Adhibasibrinda, South Kolkata, Kolkata",22.506169,88.388598,3.8,Both,Yes,Panchanna Gram Adhibasibrinda,323
KMC Public Convenience & Urinal Block (Panchanna Cluster - Unit 5),"Local Auto Stand & Bus Stop Corner, Near Panchanna Gram Adhibasibrinda, South Kolkata, Kolkata",22.508277,88.387319,3.1,Male / Female,No,Panchanna Gram Adhibasibrinda,382
KMC Community Pay & Use Facility (Paschim Cluster - Unit 1),"Bazaar Lane & Vegetable Market Approach, Near Paschim Putiary Sarbojanin Nabo Durgotsav, South Kolkata, Kolkata",22.474975,88.347811,3.0,Male / Female,No,Paschim Putiary Sarbojanin Nabo Durgotsav,219
Sulabh Sauchalaya Public Convenience (Paschim Cluster - Unit 2),"Main Road Junction / Market Complex, Near Paschim Putiary Sarbojanin Nabo Durgotsav, South Kolkata, Kolkata",22.473588,88.350167,3.3,Both,Yes,Paschim Putiary Sarbojanin Nabo Durgotsav,229
SBM Public Utility Toilet Block (Paschim Cluster - Unit 3),"Borough Service Station & Community Hall, Near Paschim Putiary Sarbojanin Nabo Durgotsav, South Kolkata, Kolkata",22.469675,88.350171,3.4,Both,Yes,Paschim Putiary Sarbojanin Nabo Durgotsav,432
KMC Public Convenience & Urinal Block (Paschim Cluster - Unit 4),"Local Auto Stand & Bus Stop Corner, Near Paschim Putiary Sarbojanin Nabo Durgotsav, South Kolkata, Kolkata",22.469353,88.345815,2.7,Male / Female,No,Paschim Putiary Sarbojanin Nabo Durgotsav,466
She-Toilet / Pink Booth Public Restroom (Paschim Cluster - Unit 5),"Women's Public Restroom Hub / High Street Corner, Near Paschim Putiary Sarbojanin Nabo Durgotsav, South Kolkata, Kolkata",22.475267,88.341922,4.3,Female,Yes,Paschim Putiary Sarbojanin Nabo Durgotsav,675
Metro Station Concourse Public Restroom (Patuli Cluster - Unit 1),"Metro Station Exit Gate / Sub-surface Area, Near Patuli Sarbojanin Durgotsab, South Kolkata, Kolkata",22.470408,88.381788,4.1,Both,Yes,Patuli Sarbojanin Durgotsab,268
SBM Public Utility Toilet Block (Patuli Cluster - Unit 2),"Borough Service Station & Community Hall, Near Patuli Sarbojanin Durgotsab, South Kolkata, Kolkata",22.46897,88.384538,3.3,Both,Yes,Patuli Sarbojanin Durgotsab,280
KMC Community Pay & Use Facility (Patuli Cluster - Unit 3),"Bazaar Lane & Vegetable Market Approach, Near Patuli Sarbojanin Durgotsab, South Kolkata, Kolkata",22.464925,88.38513,3.2,Male / Female,No,Patuli Sarbojanin Durgotsab,469
Sulabh Sauchalaya Public Convenience (Patuli Cluster - Unit 4),"Main Road Junction / Market Complex, Near Patuli Sarbojanin Durgotsab, South Kolkata, Kolkata",22.464105,88.379841,3.4,Both,Yes,Patuli Sarbojanin Durgotsab,489
KMC Pay & Use Public Toilet Complex (Patuli Cluster - Unit 5),"Near Municipal Park / Ward Health Unit, Near Patuli Sarbojanin Durgotsab, South Kolkata, Kolkata",22.469399,88.377488,3.4,Both,Yes,Patuli Sarbojanin Durgotsab,491
Metro Station Concourse Public Restroom (Peyarabagan Cluster - Unit 1),"Metro Station Exit Gate / Sub-surface Area, Near Peyarabagan Sarbojanin Durgotsab, South Kolkata, Kolkata",22.516996,88.363201,4.1,Both,Yes,Peyarabagan Sarbojanin Durgotsab,221
Sulabh Sauchalaya Public Convenience (Peyarabagan Cluster - Unit 2),"Main Road Junction / Market Complex, Near Peyarabagan Sarbojanin Durgotsab, South Kolkata, Kolkata",22.515531,88.366587,3.6,Both,Yes,Peyarabagan Sarbojanin Durgotsab,371
KMC Public Convenience & Urinal Block (Peyarabagan Cluster - Unit 3),"Local Auto Stand & Bus Stop Corner, Near Peyarabagan Sarbojanin Durgotsab, South Kolkata, Kolkata",22.511247,88.366359,2.7,Male / Female,No,Peyarabagan Sarbojanin Durgotsab,541
KMC Community Pay & Use Facility (Peyarabagan Cluster - Unit 4),"Bazaar Lane & Vegetable Market Approach, Near Peyarabagan Sarbojanin Durgotsab, South Kolkata, Kolkata",22.511028,88.359243,3.0,Male / Female,No,Peyarabagan Sarbojanin Durgotsab,589
KMC Pay & Use Public Toilet Complex (Peyarabagan Cluster - Unit 5),"Near Municipal Park / Ward Health Unit, Near Peyarabagan Sarbojanin Durgotsab, South Kolkata, Kolkata",22.517033,88.357292,3.8,Both,Yes,Peyarabagan Sarbojanin Durgotsab,630
KMC Community Pay & Use Facility (Picnic Cluster - Unit 1),"Bazaar Lane & Vegetable Market Approach, Near Picnic Sunrise Club, South Kolkata, Kolkata",22.515756,88.388153,3.4,Male / Female,No,Picnic Sunrise Club,194
SBM Public Utility Toilet Block (Picnic Cluster - Unit 2),"Borough Service Station & Community Hall, Near Picnic Sunrise Club, South Kolkata, Kolkata",22.513787,88.39175,3.2,Both,Yes,Picnic Sunrise Club,384
KMC Pay & Use Public Toilet Complex (Picnic Cluster - Unit 3),"Near Municipal Park / Ward Health Unit, Near Picnic Sunrise Club, South Kolkata, Kolkata",22.508581,88.388717,3.7,Both,Yes,Picnic Sunrise Club,608
Metro Station Concourse Public Restroom (Picnic Cluster - Unit 4),"Metro Station Exit Gate / Sub-surface Area, Near Picnic Sunrise Club, South Kolkata, Kolkata",22.515236,88.381675,4.0,Both,Yes,Picnic Sunrise Club,666
KMC Smart Bio-Toilet E-Utility (Pragati Cluster - Unit 1),"Pedestrian Footpath / Green Verge, Near Pragati Sangha Durga Puja, South Kolkata, Kolkata",22.516414,88.387515,3.6,Both,Yes,Pragati Sangha Durga Puja,355
KMC Public Convenience & Urinal Block (Pragati Cluster - Unit 2),"Local Auto Stand & Bus Stop Corner, Near Pragati Sangha Durga Puja, South Kolkata, Kolkata",22.513588,88.393036,3.2,Male / Female,No,Pragati Sangha Durga Puja,476
KMC Community Pay & Use Facility (Pragati Cluster - Unit 3),"Bazaar Lane & Vegetable Market Approach, Near Pragati Sangha Durga Puja, South Kolkata, Kolkata",22.509479,88.391735,3.0,Male / Female,No,Pragati Sangha Durga Puja,548
SBM Public Utility Toilet Block (Pragati Cluster - Unit 4),"Borough Service Station & Community Hall, Near Pragati Sangha Durga Puja, South Kolkata, Kolkata",22.509064,88.38492,3.3,Both,Yes,Pragati Sangha Durga Puja,595
Sulabh Sauchalaya Public Convenience (Pragati Cluster - Unit 5),"Main Road Junction / Market Complex, Near Pragati Sangha Durga Puja, South Kolkata, Kolkata",22.5141,88.382452,3.6,Both,Yes,Pragati Sangha Durga Puja,618
SBM Public Utility Toilet Block (Pragati Cluster - Unit 1),"Borough Service Station & Community Hall, Near Pragati Sangha Durgotsab Committee, South Kolkata, Kolkata",22.513982,88.387869,3.1,Both,Yes,Pragati Sangha Durgotsab Committee,149
She-Toilet / Pink Booth Public Restroom (Pragati Cluster - Unit 2),"Women's Public Restroom Hub / High Street Corner, Near Pragati Sangha Durgotsab Committee, South Kolkata, Kolkata",22.511998,88.390018,4.1,Female,Yes,Pragati Sangha Durgotsab Committee,245
KMC Public Convenience & Urinal Block (Pragati Cluster - Unit 3),"Local Auto Stand & Bus Stop Corner, Near Pragati Sangha Durgotsab Committee, South Kolkata, Kolkata",22.509006,88.387176,2.7,Male / Female,No,Pragati Sangha Durgotsab Committee,409
Sulabh Sauchalaya Public Convenience (Pragati Cluster - Unit 4),"Main Road Junction / Market Complex, Near Pragati Sangha Durgotsab Committee, South Kolkata, Kolkata",22.513651,88.381687,3.3,Both,Yes,Pragati Sangha Durgotsab Committee,631
KMC Community Pay & Use Facility (Purbachal Cluster - Unit 1),"Bazaar Lane & Vegetable Market Approach, Near Purbachal Residents Sarbojanin Durgotsav, South Kolkata, Kolkata",22.479117,88.377845,3.1,Male / Female,No,Purbachal Residents Sarbojanin Durgotsav,124
Sulabh Sauchalaya Public Convenience (Purbachal Cluster - Unit 2),"Main Road Junction / Market Complex, Near Purbachal Residents Sarbojanin Durgotsav, South Kolkata, Kolkata",22.477525,88.380443,3.6,Both,Yes,Purbachal Residents Sarbojanin Durgotsav,254
KMC Public Convenience & Urinal Block (Purbachal Cluster - Unit 3),"Local Auto Stand & Bus Stop Corner, Near Purbachal Residents Sarbojanin Durgotsav, South Kolkata, Kolkata",22.474913,88.378017,2.9,Male / Female,No,Purbachal Residents Sarbojanin Durgotsav,345
KMC Pay & Use Public Toilet Complex (Purbachal Cluster - Unit 4),"Near Municipal Park / Ward Health Unit, Near Purbachal Residents Sarbojanin Durgotsav, South Kolkata, Kolkata",22.478165,88.374175,3.4,Both,Yes,Purbachal Residents Sarbojanin Durgotsav,396
Sulabh Sauchalaya Public Convenience (Putiary Cluster - Unit 1),"Main Road Junction / Market Complex, Near Putiary Sarbojanin Durgotsab Committee, South Kolkata, Kolkata",22.474365,88.347223,3.7,Both,Yes,Putiary Sarbojanin Durgotsab Committee,262
KMC Pay & Use Public Toilet Complex (Putiary Cluster - Unit 2),"Near Municipal Park / Ward Health Unit, Near Putiary Sarbojanin Durgotsab Committee, South Kolkata, Kolkata",22.472509,88.34954,3.9,Both,Yes,Putiary Sarbojanin Durgotsab Committee,264
KMC Smart Bio-Toilet E-Utility (Putiary Cluster - Unit 3),"Pedestrian Footpath / Green Verge, Near Putiary Sarbojanin Durgotsab Committee, South Kolkata, Kolkata",22.467803,88.34774,3.9,Both,Yes,Putiary Sarbojanin Durgotsab Committee,474
Metro Station Concourse Public Restroom (Putiary Cluster - Unit 4),"Metro Station Exit Gate / Sub-surface Area, Near Putiary Sarbojanin Durgotsab Committee, South Kolkata, Kolkata",22.470902,88.34089,4.2,Both,Yes,Putiary Sarbojanin Durgotsab Committee,642
She-Toilet / Pink Booth Public Restroom (Ramgarh Cluster - Unit 1),"Women's Public Restroom Hub / High Street Corner, Near Ramgarh Satapally Sarbojanin Durgotsav Committee, South Kolkata, Kolkata",22.483218,88.371402,4.5,Female,Yes,Ramgarh Satapally Sarbojanin Durgotsav Committee,253
KMC Pay & Use Public Toilet Complex (Ramgarh Cluster - Unit 2),"Near Municipal Park / Ward Health Unit, Near Ramgarh Satapally Sarbojanin Durgotsav Committee, South Kolkata, Kolkata",22.481801,88.375808,3.4,Both,Yes,Ramgarh Satapally Sarbojanin Durgotsav Committee,399
KMC Smart Bio-Toilet E-Utility (Ramgarh Cluster - Unit 3),"Pedestrian Footpath / Green Verge, Near Ramgarh Satapally Sarbojanin Durgotsav Committee, South Kolkata, Kolkata",22.476837,88.374145,3.6,Both,Yes,Ramgarh Satapally Sarbojanin Durgotsav Committee,513
Metro Station Concourse Public Restroom (Ramgarh Cluster - Unit 4),"Metro Station Exit Gate / Sub-surface Area, Near Ramgarh Satapally Sarbojanin Durgotsav Committee, South Kolkata, Kolkata",22.476626,88.369444,3.9,Both,Yes,Ramgarh Satapally Sarbojanin Durgotsav Committee,555
Sulabh Sauchalaya Public Convenience (Ramgarh Cluster - Unit 5),"Main Road Junction / Market Complex, Near Ramgarh Satapally Sarbojanin Durgotsav Committee, South Kolkata, Kolkata",22.481975,88.366564,3.2,Both,Yes,Ramgarh Satapally Sarbojanin Durgotsav Committee,571
She-Toilet / Pink Booth Public Restroom (Rashbehari Cluster - Unit 1),"Women's Public Restroom Hub / High Street Corner, Near Rashbehari Suhrid Sangha, South Kolkata, Kolkata",22.519843,88.35119,4.4,Female,Yes,Rashbehari Suhrid Sangha,204
KMC Public Convenience & Urinal Block (Rashbehari Cluster - Unit 2),"Local Auto Stand & Bus Stop Corner, Near Rashbehari Suhrid Sangha, South Kolkata, Kolkata",22.517297,88.353925,3.2,Male / Female,No,Rashbehari Suhrid Sangha,309
Metro Station Concourse Public Restroom (Rashbehari Cluster - Unit 3),"Metro Station Exit Gate / Sub-surface Area, Near Rashbehari Suhrid Sangha, South Kolkata, Kolkata",22.515085,88.351089,4.0,Both,Yes,Rashbehari Suhrid Sangha,326
KMC Community Pay & Use Facility (Rashbehari Cluster - Unit 4),"Bazaar Lane & Vegetable Market Approach, Near Rashbehari Suhrid Sangha, South Kolkata, Kolkata",22.519046,88.345349,3.2,Male / Female,No,Rashbehari Suhrid Sangha,594
Metro Station Concourse Public Restroom (Russa Cluster - Unit 1),"Metro Station Exit Gate / Sub-surface Area, Near Russa Madhyapally Sarbojanin Durgotsav, South Kolkata, Kolkata",22.496382,88.352371,4.1,Both,Yes,Russa Madhyapally Sarbojanin Durgotsav,381
She-Toilet / Pink Booth Public Restroom (Russa Cluster - Unit 2),"Women's Public Restroom Hub / High Street Corner, Near Russa Madhyapally Sarbojanin Durgotsav, South Kolkata, Kolkata",22.494628,88.356596,4.5,Female,Yes,Russa Madhyapally Sarbojanin Durgotsav,409
Sulabh Sauchalaya Public Convenience (Russa Cluster - Unit 3),"Main Road Junction / Market Complex, Near Russa Madhyapally Sarbojanin Durgotsav, South Kolkata, Kolkata",22.489671,88.35622,3.3,Both,Yes,Russa Madhyapally Sarbojanin Durgotsav,496
KMC Smart Bio-Toilet E-Utility (Russa Cluster - Unit 4),"Pedestrian Footpath / Green Verge, Near Russa Madhyapally Sarbojanin Durgotsav, South Kolkata, Kolkata",22.488899,88.350965,4.1,Both,Yes,Russa Madhyapally Sarbojanin Durgotsav,504
SBM Public Utility Toilet Block (Russa Cluster - Unit 5),"Borough Service Station & Community Hall, Near Russa Madhyapally Sarbojanin Durgotsav, South Kolkata, Kolkata",22.494664,88.347401,3.2,Both,Yes,Russa Madhyapally Sarbojanin Durgotsav,606
KMC Community Pay & Use Facility (Sahapur Cluster - Unit 1),"Bazaar Lane & Vegetable Market Approach, Near Sahapur Suhrid Sangha Durga Puja Committee, South Kolkata, Kolkata",22.50439,88.327777,3.4,Male / Female,No,Sahapur Suhrid Sangha Durga Puja Committee,155
She-Toilet / Pink Booth Public Restroom (Sahapur Cluster - Unit 2),"Women's Public Restroom Hub / High Street Corner, Near Sahapur Suhrid Sangha Durga Puja Committee, South Kolkata, Kolkata",22.503214,88.33002,4.2,Female,Yes,Sahapur Suhrid Sangha Durga Puja Committee,206
SBM Public Utility Toilet Block (Sahapur Cluster - Unit 3),"Borough Service Station & Community Hall, Near Sahapur Suhrid Sangha Durga Puja Committee, South Kolkata, Kolkata",22.501393,88.329261,3.4,Both,Yes,Sahapur Suhrid Sangha Durga Puja Committee,220
Metro Station Concourse Public Restroom (Sahapur Cluster - Unit 4),"Metro Station Exit Gate / Sub-surface Area, Near Sahapur Suhrid Sangha Durga Puja Committee, South Kolkata, Kolkata",22.499929,88.324867,3.9,Both,Yes,Sahapur Suhrid Sangha Durga Puja Committee,472
KMC Smart Bio-Toilet E-Utility (Sahapur Cluster - Unit 5),"Pedestrian Footpath / Green Verge, Near Sahapur Suhrid Sangha Durga Puja Committee, South Kolkata, Kolkata",22.504884,88.323577,3.7,Both,Yes,Sahapur Suhrid Sangha Durga Puja Committee,502
Sulabh Sauchalaya Public Convenience (Sammilani Cluster - Unit 1),"Main Road Junction / Market Complex, Near Sammilani Durga Puja, South Kolkata, Kolkata",22.503446,88.328603,3.4,Both,Yes,Sammilani Durga Puja,125
Metro Station Concourse Public Restroom (Sammilani Cluster - Unit 2),"Metro Station Exit Gate / Sub-surface Area, Near Sammilani Durga Puja, South Kolkata, Kolkata",22.502776,88.330453,3.9,Both,Yes,Sammilani Durga Puja,215
KMC Public Convenience & Urinal Block (Sammilani Cluster - Unit 3),"Local Auto Stand & Bus Stop Corner, Near Sammilani Durga Puja, South Kolkata, Kolkata",22.499823,88.330829,2.9,Male / Female,No,Sammilani Durga Puja,374
SBM Public Utility Toilet Block (Sammilani Cluster - Unit 4),"Borough Service Station & Community Hall, Near Sammilani Durga Puja, South Kolkata, Kolkata",22.49921,88.325509,3.4,Both,Yes,Sammilani Durga Puja,458
KMC Pay & Use Public Toilet Complex (Sammilani Cluster - Unit 5),"Near Municipal Park / Ward Health Unit, Near Sammilani Durga Puja, South Kolkata, Kolkata",22.503465,88.323401,3.4,Both,Yes,Sammilani Durga Puja,530
KMC Community Pay & Use Facility (Sanghasree Cluster - Unit 1),"Bazaar Lane & Vegetable Market Approach, Near Sanghasree Kalighat Durga Puja, South Kolkata, Kolkata",22.523993,88.347072,3.1,Male / Female,No,Sanghasree Kalighat Durga Puja,220
Metro Station Concourse Public Restroom (Sanghasree Cluster - Unit 2),"Metro Station Exit Gate / Sub-surface Area, Near Sanghasree Kalighat Durga Puja, South Kolkata, Kolkata",22.522446,88.349167,3.9,Both,Yes,Sanghasree Kalighat Durga Puja,225
KMC Pay & Use Public Toilet Complex (Sanghasree Cluster - Unit 3),"Near Municipal Park / Ward Health Unit, Near Sanghasree Kalighat Durga Puja, South Kolkata, Kolkata",22.517499,88.347068,3.7,Both,Yes,Sanghasree Kalighat Durga Puja,502
Sulabh Sauchalaya Public Convenience (Sanghasree Cluster - Unit 4),"Main Road Junction / Market Complex, Near Sanghasree Kalighat Durga Puja, South Kolkata, Kolkata",22.523342,88.341694,3.5,Both,Yes,Sanghasree Kalighat Durga Puja,567
Sulabh Sauchalaya Public Convenience (Santoshpur Cluster - Unit 1),"Main Road Junction / Market Complex, Near Santoshpur Avenue South, South Kolkata, Kolkata",22.49639,88.376028,3.5,Both,Yes,Santoshpur Avenue South,153
KMC Public Convenience & Urinal Block (Santoshpur Cluster - Unit 2),"Local Auto Stand & Bus Stop Corner, Near Santoshpur Avenue South, South Kolkata, Kolkata",22.494846,88.380661,3.1,Male / Female,No,Santoshpur Avenue South,477
KMC Pay & Use Public Toilet Complex (Santoshpur Cluster - Unit 3),"Near Municipal Park / Ward Health Unit, Near Santoshpur Avenue South, South Kolkata, Kolkata",22.489878,88.37514,3.9,Both,Yes,Santoshpur Avenue South,578
KMC Smart Bio-Toilet E-Utility (Santoshpur Cluster - Unit 4),"Pedestrian Footpath / Green Verge, Near Santoshpur Avenue South, South Kolkata, Kolkata",22.494967,88.370221,4.1,Both,Yes,Santoshpur Avenue South,596
She-Toilet / Pink Booth Public Restroom (Santoshpur Cluster - Unit 1),"Women's Public Restroom Hub / High Street Corner, Near Santoshpur Lake Pally Durga Puja, South Kolkata, Kolkata",22.495655,88.376103,4.2,Female,Yes,Santoshpur Lake Pally Durga Puja,150
Metro Station Concourse Public Restroom (Santoshpur Cluster - Unit 2),"Metro Station Exit Gate / Sub-surface Area, Near Santoshpur Lake Pally Durga Puja, South Kolkata, Kolkata",22.494737,88.378492,4.3,Both,Yes,Santoshpur Lake Pally Durga Puja,218
SBM Public Utility Toilet Block (Santoshpur Cluster - Unit 3),"Borough Service Station & Community Hall, Near Santoshpur Lake Pally Durga Puja, South Kolkata, Kolkata",22.491717,88.377917,3.6,Both,Yes,Santoshpur Lake Pally Durga Puja,330
KMC Community Pay & Use Facility (Santoshpur Cluster - Unit 4),"Bazaar Lane & Vegetable Market Approach, Near Santoshpur Lake Pally Durga Puja, South Kolkata, Kolkata",22.490505,88.37339,3.3,Male / Female,No,Santoshpur Lake Pally Durga Puja,527
Sulabh Sauchalaya Public Convenience (Santoshpur Cluster - Unit 5),"Main Road Junction / Market Complex, Near Santoshpur Lake Pally Durga Puja, South Kolkata, Kolkata",22.49585,88.370543,3.6,Both,Yes,Santoshpur Lake Pally Durga Puja,626
SBM Public Utility Toilet Block (Santoshpur Cluster - Unit 1),"Borough Service Station & Community Hall, Near Santoshpur Trikon Park Durgotsab, South Kolkata, Kolkata",22.494932,88.375787,3.1,Both,Yes,Santoshpur Trikon Park Durgotsab,143
Sulabh Sauchalaya Public Convenience (Santoshpur Cluster - Unit 2),"Main Road Junction / Market Complex, Near Santoshpur Trikon Park Durgotsab, South Kolkata, Kolkata",22.493779,88.379651,3.5,Both,Yes,Santoshpur Trikon Park Durgotsab,403
KMC Community Pay & Use Facility (Santoshpur Cluster - Unit 3),"Bazaar Lane & Vegetable Market Approach, Near Santoshpur Trikon Park Durgotsab, South Kolkata, Kolkata",22.48997,88.376827,3.3,Male / Female,No,Santoshpur Trikon Park Durgotsab,424
Metro Station Concourse Public Restroom (Santoshpur Cluster - Unit 4),"Metro Station Exit Gate / Sub-surface Area, Near Santoshpur Trikon Park Durgotsab, South Kolkata, Kolkata",22.493326,88.371252,4.2,Both,Yes,Santoshpur Trikon Park Durgotsab,462
Metro Station Concourse Public Restroom (Shibmandir Cluster - Unit 1),"Metro Station Exit Gate / Sub-surface Area, Near Shibmandir Sarbojanin Durgotsab Samiti, South Kolkata, Kolkata",22.516516,88.351204,4.0,Both,Yes,Shibmandir Sarbojanin Durgotsab Samiti,147
SBM Public Utility Toilet Block (Shibmandir Cluster - Unit 2),"Borough Service Station & Community Hall, Near Shibmandir Sarbojanin Durgotsab Samiti, South Kolkata, Kolkata",22.517165,88.354604,3.4,Both,Yes,Shibmandir Sarbojanin Durgotsab Samiti,442
KMC Public Convenience & Urinal Block (Shibmandir Cluster - Unit 3),"Local Auto Stand & Bus Stop Corner, Near Shibmandir Sarbojanin Durgotsab Samiti, South Kolkata, Kolkata",22.511763,88.352997,2.9,Male / Female,No,Shibmandir Sarbojanin Durgotsab Samiti,445
She-Toilet / Pink Booth Public Restroom (Shibmandir Cluster - Unit 4),"Women's Public Restroom Hub / High Street Corner, Near Shibmandir Sarbojanin Durgotsab Samiti, South Kolkata, Kolkata",22.510779,88.348658,4.4,Female,Yes,Shibmandir Sarbojanin Durgotsab Samiti,544
Sulabh Sauchalaya Public Convenience (Shibmandir Cluster - Unit 5),"Main Road Junction / Market Complex, Near Shibmandir Sarbojanin Durgotsab Samiti, South Kolkata, Kolkata",22.516529,88.344823,3.7,Both,Yes,Shibmandir Sarbojanin Durgotsab Samiti,635
KMC Smart Bio-Toilet E-Utility (Singhi Cluster - Unit 1),"Pedestrian Footpath / Green Verge, Near Singhi Park Sarbojanin Durga Puja, South Kolkata, Kolkata",22.522165,88.364611,4.0,Both,Yes,Singhi Park Sarbojanin Durga Puja,327
SBM Public Utility Toilet Block (Singhi Cluster - Unit 2),"Borough Service Station & Community Hall, Near Singhi Park Sarbojanin Durga Puja, South Kolkata, Kolkata",22.519776,88.368711,3.4,Both,Yes,Singhi Park Sarbojanin Durga Puja,343
She-Toilet / Pink Booth Public Restroom (Singhi Cluster - Unit 3),"Women's Public Restroom Hub / High Street Corner, Near Singhi Park Sarbojanin Durga Puja, South Kolkata, Kolkata",22.516,88.364752,4.4,Female,Yes,Singhi Park Sarbojanin Durga Puja,376
Metro Station Concourse Public Restroom (Singhi Cluster - Unit 4),"Metro Station Exit Gate / Sub-surface Area, Near Singhi Park Sarbojanin Durga Puja, South Kolkata, Kolkata",22.519344,88.360955,4.2,Both,Yes,Singhi Park Sarbojanin Durga Puja,458
She-Toilet / Pink Booth Public Restroom (Sonarpur Cluster - Unit 1),"Women's Public Restroom Hub / High Street Corner, Near Sonarpur Sarbojanin Durgotsav Puja Committee, South Kolkata, Kolkata",22.446064,88.428841,4.1,Female,Yes,Sonarpur Sarbojanin Durgotsav Puja Committee,350
KMC Community Pay & Use Facility (Sonarpur Cluster - Unit 2),"Bazaar Lane & Vegetable Market Approach, Near Sonarpur Sarbojanin Durgotsav Puja Committee, South Kolkata, Kolkata",22.444253,88.431297,3.0,Male / Female,No,Sonarpur Sarbojanin Durgotsav Puja Committee,364
KMC Smart Bio-Toilet E-Utility (Sonarpur Cluster - Unit 3),"Pedestrian Footpath / Green Verge, Near Sonarpur Sarbojanin Durgotsav Puja Committee, South Kolkata, Kolkata",22.43963,88.430334,3.6,Both,Yes,Sonarpur Sarbojanin Durgotsav Puja Committee,445
KMC Public Convenience & Urinal Block (Sonarpur Cluster - Unit 4),"Local Auto Stand & Bus Stop Corner, Near Sonarpur Sarbojanin Durgotsav Puja Committee, South Kolkata, Kolkata",22.439616,88.424972,3.1,Male / Female,No,Sonarpur Sarbojanin Durgotsav Puja Committee,491
KMC Pay & Use Public Toilet Complex (Sonarpur Cluster - Unit 5),"Near Municipal Park / Ward Health Unit, Near Sonarpur Sarbojanin Durgotsav Puja Committee, South Kolkata, Kolkata",22.444795,88.421855,3.4,Both,Yes,Sonarpur Sarbojanin Durgotsav Puja Committee,664
SBM Public Utility Toilet Block (Sri Cluster - Unit 1),"Borough Service Station & Community Hall, Near Sri Sri Sarbojanin Durga Puja, South Kolkata, Kolkata",22.521242,88.346221,3.4,Both,Yes,Sri Sri Sarbojanin Durga Puja,138
KMC Community Pay & Use Facility (Sri Cluster - Unit 2),"Bazaar Lane & Vegetable Market Approach, Near Sri Sri Sarbojanin Durga Puja, South Kolkata, Kolkata",22.520765,88.347827,3.2,Male / Female,No,Sri Sri Sarbojanin Durga Puja,203
She-Toilet / Pink Booth Public Restroom (Sri Cluster - Unit 3),"Women's Public Restroom Hub / High Street Corner, Near Sri Sri Sarbojanin Durga Puja, South Kolkata, Kolkata",22.51841,88.347667,4.3,Female,Yes,Sri Sri Sarbojanin Durga Puja,245
KMC Smart Bio-Toilet E-Utility (Sri Cluster - Unit 4),"Pedestrian Footpath / Green Verge, Near Sri Sri Sarbojanin Durga Puja, South Kolkata, Kolkata",22.518118,88.344632,3.7,Both,Yes,Sri Sri Sarbojanin Durga Puja,254
Metro Station Concourse Public Restroom (Sri Cluster - Unit 5),"Metro Station Exit Gate / Sub-surface Area, Near Sri Sri Sarbojanin Durga Puja, South Kolkata, Kolkata",22.521851,88.342388,4.3,Both,Yes,Sri Sri Sarbojanin Durga Puja,426
Sulabh Sauchalaya Public Convenience (Surya Cluster - Unit 1),"Main Road Junction / Market Complex, Near Surya Nagar Sarbojanin Durga Puja, South Kolkata, Kolkata",22.465111,88.372238,3.5,Both,Yes,Surya Nagar Sarbojanin Durga Puja,124
KMC Pay & Use Public Toilet Complex (Surya Cluster - Unit 2),"Near Municipal Park / Ward Health Unit, Near Surya Nagar Sarbojanin Durga Puja, South Kolkata, Kolkata",22.464036,88.373807,3.6,Both,Yes,Surya Nagar Sarbojanin Durga Puja,183
Metro Station Concourse Public Restroom (Surya Cluster - Unit 3),"Metro Station Exit Gate / Sub-surface Area, Near Surya Nagar Sarbojanin Durga Puja, South Kolkata, Kolkata",22.459355,88.373163,4.1,Both,Yes,Surya Nagar Sarbojanin Durga Puja,531
She-Toilet / Pink Booth Public Restroom (Surya Cluster - Unit 4),"Women's Public Restroom Hub / High Street Corner, Near Surya Nagar Sarbojanin Durga Puja, South Kolkata, Kolkata",22.464566,88.365421,4.3,Female,Yes,Surya Nagar Sarbojanin Durga Puja,681
SBM Public Utility Toilet Block (Tridhara Cluster - Unit 1),"Borough Service Station & Community Hall, Near Tridhara Sammilani Durga Puja, South Kolkata, Kolkata",22.521626,88.354905,3.4,Both,Yes,Tridhara Sammilani Durga Puja,210
KMC Community Pay & Use Facility (Tridhara Cluster - Unit 2),"Bazaar Lane & Vegetable Market Approach, Near Tridhara Sammilani Durga Puja, South Kolkata, Kolkata",22.519678,88.357189,3.0,Male / Female,No,Tridhara Sammilani Durga Puja,212
Sulabh Sauchalaya Public Convenience (Tridhara Cluster - Unit 3),"Main Road Junction / Market Complex, Near Tridhara Sammilani Durga Puja, South Kolkata, Kolkata",22.51443,88.355133,3.5,Both,Yes,Tridhara Sammilani Durga Puja,591
KMC Pay & Use Public Toilet Complex (Tridhara Cluster - Unit 4),"Near Municipal Park / Ward Health Unit, Near Tridhara Sammilani Durga Puja, South Kolkata, Kolkata",22.519136,88.348975,3.9,Both,Yes,Tridhara Sammilani Durga Puja,635
Sulabh Sauchalaya Public Convenience (Tulipians Cluster - Unit 1),"Main Road Junction / Market Complex, Near Tulipians Durgotsav, South Kolkata, Kolkata",22.521192,88.348021,3.2,Both,Yes,Tulipians Durgotsav,242
Metro Station Concourse Public Restroom (Tulipians Cluster - Unit 2),"Metro Station Exit Gate / Sub-surface Area, Near Tulipians Durgotsav, South Kolkata, Kolkata",22.518734,88.350718,4.1,Both,Yes,Tulipians Durgotsav,279
KMC Community Pay & Use Facility (Tulipians Cluster - Unit 3),"Bazaar Lane & Vegetable Market Approach, Near Tulipians Durgotsav, South Kolkata, Kolkata",22.516463,88.348074,3.1,Male / Female,No,Tulipians Durgotsav,283
SBM Public Utility Toilet Block (Tulipians Cluster - Unit 4),"Borough Service Station & Community Hall, Near Tulipians Durgotsav, South Kolkata, Kolkata",22.518625,88.344262,3.3,Both,Yes,Tulipians Durgotsav,389
Sulabh Sauchalaya Public Convenience (Udayan Cluster - Unit 1),"Main Road Junction / Market Complex, Near Udayan Kidderpore Durga Puja, South Kolkata, Kolkata",22.535646,88.321882,3.2,Both,Yes,Udayan Kidderpore Durga Puja,182
SBM Public Utility Toilet Block (Udayan Cluster - Unit 2),"Borough Service Station & Community Hall, Near Udayan Kidderpore Durga Puja, South Kolkata, Kolkata",22.534942,88.323874,3.1,Both,Yes,Udayan Kidderpore Durga Puja,216
KMC Community Pay & Use Facility (Udayan Cluster - Unit 3),"Bazaar Lane & Vegetable Market Approach, Near Udayan Kidderpore Durga Puja, South Kolkata, Kolkata",22.530436,88.324758,3.1,Male / Female,No,Udayan Kidderpore Durga Puja,487
KMC Smart Bio-Toilet E-Utility (Udayan Cluster - Unit 4),"Pedestrian Footpath / Green Verge, Near Udayan Kidderpore Durga Puja, South Kolkata, Kolkata",22.529823,88.319068,3.7,Both,Yes,Udayan Kidderpore Durga Puja,556
She-Toilet / Pink Booth Public Restroom (Udayan Cluster - Unit 5),"Women's Public Restroom Hub / High Street Corner, Near Udayan Kidderpore Durga Puja, South Kolkata, Kolkata",22.536797,88.317341,4.6,Female,Yes,Udayan Kidderpore Durga Puja,572
KMC Smart Bio-Toilet E-Utility (Upohar Cluster - Unit 1),"Pedestrian Footpath / Green Verge, Near Upohar Utsav Committee, South Kolkata, Kolkata",22.468109,88.383344,4.1,Both,Yes,Upohar Utsav Committee,243
SBM Public Utility Toilet Block (Upohar Cluster - Unit 2),"Borough Service Station & Community Hall, Near Upohar Utsav Committee, South Kolkata, Kolkata",22.467432,88.386349,3.5,Both,Yes,Upohar Utsav Committee,286
KMC Public Convenience & Urinal Block (Upohar Cluster - Unit 3),"Local Auto Stand & Bus Stop Corner, Near Upohar Utsav Committee, South Kolkata, Kolkata",22.462334,88.387179,3.1,Male / Female,No,Upohar Utsav Committee,522
Sulabh Sauchalaya Public Convenience (Upohar Cluster - Unit 4),"Main Road Junction / Market Complex, Near Upohar Utsav Committee, South Kolkata, Kolkata",22.462535,88.380217,3.5,Both,Yes,Upohar Utsav Committee,550
KMC Pay & Use Public Toilet Complex (Upohar Cluster - Unit 5),"Near Municipal Park / Ward Health Unit, Near Upohar Utsav Committee, South Kolkata, Kolkata",22.468077,88.378334,3.5,Both,Yes,Upohar Utsav Committee,628
Metro Station Concourse Public Restroom (VIP Cluster - Unit 1),"Metro Station Exit Gate / Sub-surface Area, Near VIP Nagar Sarbojanin Durga Puja Committee, South Kolkata, Kolkata",22.517922,88.395062,3.9,Both,Yes,VIP Nagar Sarbojanin Durga Puja Committee,212
She-Toilet / Pink Booth Public Restroom (VIP Cluster - Unit 2),"Women's Public Restroom Hub / High Street Corner, Near VIP Nagar Sarbojanin Durga Puja Committee, South Kolkata, Kolkata",22.516544,88.398001,4.1,Female,Yes,VIP Nagar Sarbojanin Durga Puja Committee,312
SBM Public Utility Toilet Block (VIP Cluster - Unit 3),"Borough Service Station & Community Hall, Near VIP Nagar Sarbojanin Durga Puja Committee, South Kolkata, Kolkata",22.512373,88.395119,3.4,Both,Yes,VIP Nagar Sarbojanin Durga Puja Committee,405
KMC Pay & Use Public Toilet Complex (VIP Cluster - Unit 4),"Near Municipal Park / Ward Health Unit, Near VIP Nagar Sarbojanin Durga Puja Committee, South Kolkata, Kolkata",22.516346,88.388616,3.4,Both,Yes,VIP Nagar Sarbojanin Durga Puja Committee,659
She-Toilet / Pink Booth Public Restroom (Westend Cluster - Unit 1),"Women's Public Restroom Hub / High Street Corner, Near Westend Park Sarbojanin Durga Puja, South Kolkata, Kolkata",22.522206,88.342832,4.4,Female,Yes,Westend Park Sarbojanin Durga Puja,134
SBM Public Utility Toilet Block (Westend Cluster - Unit 2),"Borough Service Station & Community Hall, Near Westend Park Sarbojanin Durga Puja, South Kolkata, Kolkata",22.521098,88.344991,3.1,Both,Yes,Westend Park Sarbojanin Durga Puja,202
KMC Pay & Use Public Toilet Complex (Westend Cluster - Unit 3),"Near Municipal Park / Ward Health Unit, Near Westend Park Sarbojanin Durga Puja, South Kolkata, Kolkata",22.51686,88.34294,3.7,Both,Yes,Westend Park Sarbojanin Durga Puja,462
Metro Station Concourse Public Restroom (Westend Cluster - Unit 4),"Metro Station Exit Gate / Sub-surface Area, Near Westend Park Sarbojanin Durga Puja, South Kolkata, Kolkata",22.520873,88.338295,3.9,Both,Yes,Westend Park Sarbojanin Durga Puja,486
KMC Smart Bio-Toilet E-Utility (14 Cluster - Unit 1),"Pedestrian Footpath / Green Verge, Near 14 Pally Udayan Sangha, Central Kolkata, Kolkata",22.581857,88.358391,4.1,Both,Yes,14 Pally Udayan Sangha,319
She-Toilet / Pink Booth Public Restroom (14 Cluster - Unit 2),"Women's Public Restroom Hub / High Street Corner, Near 14 Pally Udayan Sangha, Central Kolkata, Kolkata",22.580461,88.361143,4.3,Female,Yes,14 Pally Udayan Sangha,359
Metro Station Concourse Public Restroom (14 Cluster - Unit 3),"Metro Station Exit Gate / Sub-surface Area, Near 14 Pally Udayan Sangha, Central Kolkata, Kolkata",22.575481,88.359575,4.2,Both,Yes,14 Pally Udayan Sangha,424
Sulabh Sauchalaya Public Convenience (14 Cluster - Unit 4),"Main Road Junction / Market Complex, Near 14 Pally Udayan Sangha, Central Kolkata, Kolkata",22.57562,88.355102,3.3,Both,Yes,14 Pally Udayan Sangha,482
KMC Community Pay & Use Facility (14 Cluster - Unit 5),"Bazaar Lane & Vegetable Market Approach, Near 14 Pally Udayan Sangha, Central Kolkata, Kolkata",22.579839,88.352327,3.4,Male / Female,No,14 Pally Udayan Sangha,592
KMC Pay & Use Public Toilet Complex (37 Cluster - Unit 1),"Near Municipal Park / Ward Health Unit, Near 37 Pally Sarbojanin Durgotsab, Central Kolkata, Kolkata",22.580122,88.358554,3.5,Both,Yes,37 Pally Sarbojanin Durgotsab,199
Metro Station Concourse Public Restroom (37 Cluster - Unit 2),"Metro Station Exit Gate / Sub-surface Area, Near 37 Pally Sarbojanin Durgotsab, Central Kolkata, Kolkata",22.579361,88.360179,3.9,Both,Yes,37 Pally Sarbojanin Durgotsab,214
She-Toilet / Pink Booth Public Restroom (37 Cluster - Unit 3),"Women's Public Restroom Hub / High Street Corner, Near 37 Pally Sarbojanin Durgotsab, Central Kolkata, Kolkata",22.576389,88.36095,4.5,Female,Yes,37 Pally Sarbojanin Durgotsab,339
KMC Public Convenience & Urinal Block (37 Cluster - Unit 4),"Local Auto Stand & Bus Stop Corner, Near 37 Pally Sarbojanin Durgotsab, Central Kolkata, Kolkata",22.575792,88.355943,2.8,Male / Female,No,37 Pally Sarbojanin Durgotsab,380
Sulabh Sauchalaya Public Convenience (37 Cluster - Unit 5),"Main Road Junction / Market Complex, Near 37 Pally Sarbojanin Durgotsab, Central Kolkata, Kolkata",22.579124,88.352138,3.6,Both,Yes,37 Pally Sarbojanin Durgotsab,650
KMC Community Pay & Use Facility (47 Cluster - Unit 1),"Bazaar Lane & Vegetable Market Approach, Near 47 Pally Jubak Brinda Durga Puja, Central Kolkata, Kolkata",22.58002,88.357391,3.3,Male / Female,No,47 Pally Jubak Brinda Durga Puja,266
Metro Station Concourse Public Restroom (47 Cluster - Unit 2),"Metro Station Exit Gate / Sub-surface Area, Near 47 Pally Jubak Brinda Durga Puja, Central Kolkata, Kolkata",22.57818,88.362411,4.4,Both,Yes,47 Pally Jubak Brinda Durga Puja,484
KMC Smart Bio-Toilet E-Utility (47 Cluster - Unit 3),"Pedestrian Footpath / Green Verge, Near 47 Pally Jubak Brinda Durga Puja, Central Kolkata, Kolkata",22.574012,88.360433,3.6,Both,Yes,47 Pally Jubak Brinda Durga Puja,490
She-Toilet / Pink Booth Public Restroom (47 Cluster - Unit 4),"Women's Public Restroom Hub / High Street Corner, Near 47 Pally Jubak Brinda Durga Puja, Central Kolkata, Kolkata",22.573424,88.355316,4.5,Female,Yes,47 Pally Jubak Brinda Durga Puja,531
SBM Public Utility Toilet Block (47 Cluster - Unit 5),"Borough Service Station & Community Hall, Near 47 Pally Jubak Brinda Durga Puja, Central Kolkata, Kolkata",22.579103,88.351552,3.4,Both,Yes,47 Pally Jubak Brinda Durga Puja,655
KMC Community Pay & Use Facility (Central Cluster - Unit 1),"Bazaar Lane & Vegetable Market Approach, Near Central Calcutta Youth Association, Central Kolkata, Kolkata",22.570966,88.358568,3.4,Male / Female,No,Central Calcutta Youth Association,224
KMC Smart Bio-Toilet E-Utility (Central Cluster - Unit 2),"Pedestrian Footpath / Green Verge, Near Central Calcutta Youth Association, Central Kolkata, Kolkata",22.569672,88.361452,4.1,Both,Yes,Central Calcutta Youth Association,360
SBM Public Utility Toilet Block (Central Cluster - Unit 3),"Borough Service Station & Community Hall, Near Central Calcutta Youth Association, Central Kolkata, Kolkata",22.56402,88.36019,3.4,Both,Yes,Central Calcutta Youth Association,598
KMC Public Convenience & Urinal Block (Central Cluster - Unit 4),"Local Auto Stand & Bus Stop Corner, Near Central Calcutta Youth Association, Central Kolkata, Kolkata",22.563764,88.355232,2.7,Male / Female,No,Central Calcutta Youth Association,650
Metro Station Concourse Public Restroom (Central Cluster - Unit 5),"Metro Station Exit Gate / Sub-surface Area, Near Central Calcutta Youth Association, Central Kolkata, Kolkata",22.571484,88.351953,4.2,Both,Yes,Central Calcutta Youth Association,681
Metro Station Concourse Public Restroom (College Cluster - Unit 1),"Metro Station Exit Gate / Sub-surface Area, Near College Square Sarbojanin Durgotsav, Central Kolkata, Kolkata",22.575586,88.363924,4.4,Both,Yes,College Square Sarbojanin Durgotsav,186
KMC Community Pay & Use Facility (College Cluster - Unit 2),"Bazaar Lane & Vegetable Market Approach, Near College Square Sarbojanin Durgotsav, Central Kolkata, Kolkata",22.574216,88.367214,2.9,Male / Female,No,College Square Sarbojanin Durgotsav,348
SBM Public Utility Toilet Block (College Cluster - Unit 3),"Borough Service Station & Community Hall, Near College Square Sarbojanin Durgotsav, Central Kolkata, Kolkata",22.570765,88.363227,3.4,Both,Yes,College Square Sarbojanin Durgotsav,356
KMC Pay & Use Public Toilet Complex (College Cluster - Unit 4),"Near Municipal Park / Ward Health Unit, Near College Square Sarbojanin Durgotsav, Central Kolkata, Kolkata",22.572571,88.358013,3.4,Both,Yes,College Square Sarbojanin Durgotsav,617
Metro Station Concourse Public Restroom (Entally Cluster - Unit 1),"Metro Station Exit Gate / Sub-surface Area, Near Entally Matribhumi Durga Puja, Central Kolkata, Kolkata",22.568613,88.371663,3.9,Both,Yes,Entally Matribhumi Durga Puja,513
She-Toilet / Pink Booth Public Restroom (Entally Cluster - Unit 2),"Women's Public Restroom Hub / High Street Corner, Near Entally Matribhumi Durga Puja, Central Kolkata, Kolkata",22.564898,88.377728,4.1,Female,Yes,Entally Matribhumi Durga Puja,594
Sulabh Sauchalaya Public Convenience (Entally Cluster - Unit 3),"Main Road Junction / Market Complex, Near Entally Matribhumi Durga Puja, Central Kolkata, Kolkata",22.55851,88.373005,3.2,Both,Yes,Entally Matribhumi Durga Puja,620
KMC Community Pay & Use Facility (Entally Cluster - Unit 4),"Bazaar Lane & Vegetable Market Approach, Near Entally Matribhumi Durga Puja, Central Kolkata, Kolkata",22.563948,88.365428,3.4,Male / Female,No,Entally Matribhumi Durga Puja,677
KMC Smart Bio-Toilet E-Utility (Entally Cluster - Unit 1),"Pedestrian Footpath / Green Verge, Near Entally Sarbojanin Sri Sri Durga Puja, Central Kolkata, Kolkata",22.564841,88.372065,3.6,Both,Yes,Entally Sarbojanin Sri Sri Durga Puja,171
She-Toilet / Pink Booth Public Restroom (Entally Cluster - Unit 2),"Women's Public Restroom Hub / High Street Corner, Near Entally Sarbojanin Sri Sri Durga Puja, Central Kolkata, Kolkata",22.562654,88.375002,4.1,Female,Yes,Entally Sarbojanin Sri Sri Durga Puja,276
Metro Station Concourse Public Restroom (Entally Cluster - Unit 3),"Metro Station Exit Gate / Sub-surface Area, Near Entally Sarbojanin Sri Sri Durga Puja, Central Kolkata, Kolkata",22.558956,88.372436,4.4,Both,Yes,Entally Sarbojanin Sri Sri Durga Puja,487
SBM Public Utility Toilet Block (Entally Cluster - Unit 4),"Borough Service Station & Community Hall, Near Entally Sarbojanin Sri Sri Durga Puja, Central Kolkata, Kolkata",22.564135,88.367582,3.6,Both,Yes,Entally Sarbojanin Sri Sri Durga Puja,504
KMC Pay & Use Public Toilet Complex (Interact Cluster - Unit 1),"Near Municipal Park / Ward Health Unit, Near Interact Club of Chowringhee High School Sarbojanin Durga Puja, Central Kolkata, Kolkata",22.55954,88.351977,3.4,Both,Yes,Interact Club of Chowringhee High School Sarbojanin Durga Puja,407
KMC Smart Bio-Toilet E-Utility (Interact Cluster - Unit 2),"Pedestrian Footpath / Green Verge, Near Interact Club of Chowringhee High School Sarbojanin Durga Puja, Central Kolkata, Kolkata",22.555146,88.356901,3.9,Both,Yes,Interact Club of Chowringhee High School Sarbojanin Durga Puja,410
KMC Public Convenience & Urinal Block (Interact Cluster - Unit 3),"Local Auto Stand & Bus Stop Corner, Near Interact Club of Chowringhee High School Sarbojanin Durga Puja, Central Kolkata, Kolkata",22.551162,88.352501,3.2,Male / Female,No,Interact Club of Chowringhee High School Sarbojanin Durga Puja,542
SBM Public Utility Toilet Block (Interact Cluster - Unit 4),"Borough Service Station & Community Hall, Near Interact Club of Chowringhee High School Sarbojanin Durga Puja, Central Kolkata, Kolkata",22.556335,88.347503,3.1,Both,Yes,Interact Club of Chowringhee High School Sarbojanin Durga Puja,568
She-Toilet / Pink Booth Public Restroom (Kanai Cluster - Unit 1),"Women's Public Restroom Hub / High Street Corner, Near Kanai Dhar Lane Adhibasi Brinda, Central Kolkata, Kolkata",22.570278,88.360753,4.5,Female,Yes,Kanai Dhar Lane Adhibasi Brinda,253
SBM Public Utility Toilet Block (Kanai Cluster - Unit 2),"Borough Service Station & Community Hall, Near Kanai Dhar Lane Adhibasi Brinda, Central Kolkata, Kolkata",22.567089,88.365117,3.3,Both,Yes,Kanai Dhar Lane Adhibasi Brinda,433
KMC Community Pay & Use Facility (Kanai Cluster - Unit 3),"Bazaar Lane & Vegetable Market Approach, Near Kanai Dhar Lane Adhibasi Brinda, Central Kolkata, Kolkata",22.563531,88.359879,3.2,Male / Female,No,Kanai Dhar Lane Adhibasi Brinda,512
Metro Station Concourse Public Restroom (Kanai Cluster - Unit 4),"Metro Station Exit Gate / Sub-surface Area, Near Kanai Dhar Lane Adhibasi Brinda, Central Kolkata, Kolkata",22.569323,88.35595,4.1,Both,Yes,Kanai Dhar Lane Adhibasi Brinda,541
Sulabh Sauchalaya Public Convenience (Machua Cluster - Unit 1),"Main Road Junction / Market Complex, Near Machua Bazar Sarbajanik Durga Puja Samity, Central Kolkata, Kolkata",22.58227,88.359924,3.2,Both,Yes,Machua Bazar Sarbajanik Durga Puja Samity,140
Metro Station Concourse Public Restroom (Machua Cluster - Unit 2),"Metro Station Exit Gate / Sub-surface Area, Near Machua Bazar Sarbajanik Durga Puja Samity, Central Kolkata, Kolkata",22.581615,88.361527,4.3,Both,Yes,Machua Bazar Sarbajanik Durga Puja Samity,168
KMC Public Convenience & Urinal Block (Machua Cluster - Unit 3),"Local Auto Stand & Bus Stop Corner, Near Machua Bazar Sarbajanik Durga Puja Samity, Central Kolkata, Kolkata",22.578819,88.362079,2.9,Male / Female,No,Machua Bazar Sarbajanik Durga Puja Samity,323
KMC Smart Bio-Toilet E-Utility (Machua Cluster - Unit 4),"Pedestrian Footpath / Green Verge, Near Machua Bazar Sarbajanik Durga Puja Samity, Central Kolkata, Kolkata",22.578573,88.35684,3.9,Both,Yes,Machua Bazar Sarbajanik Durga Puja Samity,425
SBM Public Utility Toilet Block (Machua Cluster - Unit 5),"Borough Service Station & Community Hall, Near Machua Bazar Sarbajanik Durga Puja Samity, Central Kolkata, Kolkata",22.581223,88.353695,3.2,Both,Yes,Machua Bazar Sarbajanik Durga Puja Samity,650
Metro Station Concourse Public Restroom (Md. Cluster - Unit 1),"Metro Station Exit Gate / Sub-surface Area, Near Md. Ali Park Durga Puja, Central Kolkata, Kolkata",22.581946,88.361014,4.0,Both,Yes,Md. Ali Park Durga Puja,381
KMC Pay & Use Public Toilet Complex (Md. Cluster - Unit 2),"Near Municipal Park / Ward Health Unit, Near Md. Ali Park Durga Puja, Central Kolkata, Kolkata",22.578918,88.363935,3.5,Both,Yes,Md. Ali Park Durga Puja,393
KMC Smart Bio-Toilet E-Utility (Md. Cluster - Unit 3),"Pedestrian Footpath / Green Verge, Near Md. Ali Park Durga Puja, Central Kolkata, Kolkata",22.574735,88.361332,3.9,Both,Yes,Md. Ali Park Durga Puja,450
SBM Public Utility Toilet Block (Md. Cluster - Unit 4),"Borough Service Station & Community Hall, Near Md. Ali Park Durga Puja, Central Kolkata, Kolkata",22.578569,88.354319,3.5,Both,Yes,Md. Ali Park Durga Puja,596
KMC Smart Bio-Toilet E-Utility (New Cluster - Unit 1),"Pedestrian Footpath / Green Verge, Near New Market Sarbojanin Sri Sri Durga Puja, Central Kolkata, Kolkata",22.56278,88.353606,4.0,Both,Yes,New Market Sarbojanin Sri Sri Durga Puja,314
KMC Public Convenience & Urinal Block (New Cluster - Unit 2),"Local Auto Stand & Bus Stop Corner, Near New Market Sarbojanin Sri Sri Durga Puja, Central Kolkata, Kolkata",22.561882,88.356081,2.8,Male / Female,No,New Market Sarbojanin Sri Sri Durga Puja,377
SBM Public Utility Toilet Block (New Cluster - Unit 3),"Borough Service Station & Community Hall, Near New Market Sarbojanin Sri Sri Durga Puja, Central Kolkata, Kolkata",22.557467,88.356016,3.4,Both,Yes,New Market Sarbojanin Sri Sri Durga Puja,418
KMC Pay & Use Public Toilet Complex (New Cluster - Unit 4),"Near Municipal Park / Ward Health Unit, Near New Market Sarbojanin Sri Sri Durga Puja, Central Kolkata, Kolkata",22.557104,88.34995,3.9,Both,Yes,New Market Sarbojanin Sri Sri Durga Puja,452
KMC Community Pay & Use Facility (New Cluster - Unit 5),"Bazaar Lane & Vegetable Market Approach, Near New Market Sarbojanin Sri Sri Durga Puja, Central Kolkata, Kolkata",22.562146,88.348794,3.2,Male / Female,No,New Market Sarbojanin Sri Sri Durga Puja,495
KMC Smart Bio-Toilet E-Utility (Pallir Cluster - Unit 1),"Pedestrian Footpath / Green Verge, Near Pallir Yubak Brinda Durga Puja, Central Kolkata, Kolkata",22.561138,88.353246,4.1,Both,Yes,Pallir Yubak Brinda Durga Puja,201
KMC Public Convenience & Urinal Block (Pallir Cluster - Unit 2),"Local Auto Stand & Bus Stop Corner, Near Pallir Yubak Brinda Durga Puja, Central Kolkata, Kolkata",22.558243,88.357264,3.1,Male / Female,No,Pallir Yubak Brinda Durga Puja,414
KMC Community Pay & Use Facility (Pallir Cluster - Unit 3),"Bazaar Lane & Vegetable Market Approach, Near Pallir Yubak Brinda Durga Puja, Central Kolkata, Kolkata",22.555396,88.353019,2.9,Male / Female,No,Pallir Yubak Brinda Durga Puja,440
KMC Pay & Use Public Toilet Complex (Pallir Cluster - Unit 4),"Near Municipal Park / Ward Health Unit, Near Pallir Yubak Brinda Durga Puja, Central Kolkata, Kolkata",22.558322,88.347117,3.9,Both,Yes,Pallir Yubak Brinda Durga Puja,656
Metro Station Concourse Public Restroom (Santosh Cluster - Unit 1),"Metro Station Exit Gate / Sub-surface Area, Near Santosh Mitra Square Durga Puja, Central Kolkata, Kolkata",22.569007,88.366125,4.4,Both,Yes,Santosh Mitra Square Durga Puja,132
KMC Smart Bio-Toilet E-Utility (Santosh Cluster - Unit 2),"Pedestrian Footpath / Green Verge, Near Santosh Mitra Square Durga Puja, Central Kolkata, Kolkata",22.568325,88.36886,3.8,Both,Yes,Santosh Mitra Square Durga Puja,308
KMC Public Convenience & Urinal Block (Santosh Cluster - Unit 3),"Local Auto Stand & Bus Stop Corner, Near Santosh Mitra Square Durga Puja, Central Kolkata, Kolkata",22.564398,88.366554,3.1,Male / Female,No,Santosh Mitra Square Durga Puja,388
Sulabh Sauchalaya Public Convenience (Santosh Cluster - Unit 4),"Main Road Junction / Market Complex, Near Santosh Mitra Square Durga Puja, Central Kolkata, Kolkata",22.56646,88.360362,3.4,Both,Yes,Santosh Mitra Square Durga Puja,590
She-Toilet / Pink Booth Public Restroom (Shishu Cluster - Unit 1),"Women's Public Restroom Hub / High Street Corner, Near Shishu Palan Foundation, Central Kolkata, Kolkata",22.578144,88.358933,4.4,Female,Yes,Shishu Palan Foundation,126
Metro Station Concourse Public Restroom (Shishu Cluster - Unit 2),"Metro Station Exit Gate / Sub-surface Area, Near Shishu Palan Foundation, Central Kolkata, Kolkata",22.577647,88.3612,4.4,Both,Yes,Shishu Palan Foundation,234
Sulabh Sauchalaya Public Convenience (Shishu Cluster - Unit 3),"Main Road Junction / Market Complex, Near Shishu Palan Foundation, Central Kolkata, Kolkata",22.573679,88.360963,3.4,Both,Yes,Shishu Palan Foundation,421
SBM Public Utility Toilet Block (Shishu Cluster - Unit 4),"Borough Service Station & Community Hall, Near Shishu Palan Foundation, Central Kolkata, Kolkata",22.57307,88.357458,3.6,Both,Yes,Shishu Palan Foundation,467
KMC Public Convenience & Urinal Block (Shishu Cluster - Unit 5),"Local Auto Stand & Bus Stop Corner, Near Shishu Palan Foundation, Central Kolkata, Kolkata",22.57733,88.352417,3.2,Male / Female,No,Shishu Palan Foundation,679
SBM Public Utility Toilet Block (Wellington Cluster - Unit 1),"Borough Service Station & Community Hall, Near Wellington Nagarik Kalyan Samity Durga Puja, Central Kolkata, Kolkata",22.565526,88.357289,3.4,Both,Yes,Wellington Nagarik Kalyan Samity Durga Puja,290
KMC Community Pay & Use Facility (Wellington Cluster - Unit 2),"Bazaar Lane & Vegetable Market Approach, Near Wellington Nagarik Kalyan Samity Durga Puja, Central Kolkata, Kolkata",22.563615,88.361414,3.1,Male / Female,No,Wellington Nagarik Kalyan Samity Durga Puja,355
She-Toilet / Pink Booth Public Restroom (Wellington Cluster - Unit 3),"Women's Public Restroom Hub / High Street Corner, Near Wellington Nagarik Kalyan Samity Durga Puja, Central Kolkata, Kolkata",22.559682,88.358838,4.1,Female,Yes,Wellington Nagarik Kalyan Samity Durga Puja,380
KMC Public Convenience & Urinal Block (Wellington Cluster - Unit 4),"Local Auto Stand & Bus Stop Corner, Near Wellington Nagarik Kalyan Samity Durga Puja, Central Kolkata, Kolkata",22.563258,88.351902,2.7,Male / Female,No,Wellington Nagarik Kalyan Samity Durga Puja,629
She-Toilet / Pink Booth Public Restroom (Shimla Cluster - Unit 1),"Women's Public Restroom Hub / High Street Corner, Near Shimla Byam Samity, Central Kolkata, Kolkata",22.586884,88.363447,4.5,Female,Yes,Shimla Byam Samity,216
KMC Smart Bio-Toilet E-Utility (Shimla Cluster - Unit 2),"Pedestrian Footpath / Green Verge, Near Shimla Byam Samity, Central Kolkata, Kolkata",22.585164,88.367551,3.7,Both,Yes,Shimla Byam Samity,363
Metro Station Concourse Public Restroom (Shimla Cluster - Unit 3),"Metro Station Exit Gate / Sub-surface Area, Near Shimla Byam Samity, Central Kolkata, Kolkata",22.582635,88.367072,4.1,Both,Yes,Shimla Byam Samity,410
KMC Public Convenience & Urinal Block (Shimla Cluster - Unit 4),"Local Auto Stand & Bus Stop Corner, Near Shimla Byam Samity, Central Kolkata, Kolkata",22.580771,88.361625,3.1,Male / Female,No,Shimla Byam Samity,532
KMC Community Pay & Use Facility (Shimla Cluster - Unit 5),"Bazaar Lane & Vegetable Market Approach, Near Shimla Byam Samity, Central Kolkata, Kolkata",22.588214,88.359007,3.1,Male / Female,No,Shimla Byam Samity,626
KMC Community Pay & Use Facility (Singhi Cluster - Unit 1),"Bazaar Lane & Vegetable Market Approach, Near Singhi Bagan Durga Puja, Central Kolkata, Kolkata",22.586005,88.364114,2.9,Male / Female,No,Singhi Bagan Durga Puja,188
Sulabh Sauchalaya Public Convenience (Singhi Cluster - Unit 2),"Main Road Junction / Market Complex, Near Singhi Bagan Durga Puja, Central Kolkata, Kolkata",22.584998,88.366957,3.7,Both,Yes,Singhi Bagan Durga Puja,272
KMC Public Convenience & Urinal Block (Singhi Cluster - Unit 3),"Local Auto Stand & Bus Stop Corner, Near Singhi Bagan Durga Puja, Central Kolkata, Kolkata",22.58092,88.365835,3.0,Male / Female,No,Singhi Bagan Durga Puja,407
Metro Station Concourse Public Restroom (Singhi Cluster - Unit 4),"Metro Station Exit Gate / Sub-surface Area, Near Singhi Bagan Durga Puja, Central Kolkata, Kolkata",22.58098,88.361258,4.1,Both,Yes,Singhi Bagan Durga Puja,494
She-Toilet / Pink Booth Public Restroom (Singhi Cluster - Unit 5),"Women's Public Restroom Hub / High Street Corner, Near Singhi Bagan Durga Puja, Central Kolkata, Kolkata",22.585049,88.358698,4.5,Female,Yes,Singhi Bagan Durga Puja,592
Metro Station Concourse Public Restroom (Beliaghata Cluster - Unit 1),"Metro Station Exit Gate / Sub-surface Area, Near Beliaghata 33 Palli Durga Puja, Central Kolkata, Kolkata",22.56947,88.384087,4.3,Both,Yes,Beliaghata 33 Palli Durga Puja,162
Sulabh Sauchalaya Public Convenience (Beliaghata Cluster - Unit 2),"Main Road Junction / Market Complex, Near Beliaghata 33 Palli Durga Puja, Central Kolkata, Kolkata",22.568142,88.385656,3.2,Both,Yes,Beliaghata 33 Palli Durga Puja,168
KMC Public Convenience & Urinal Block (Beliaghata Cluster - Unit 3),"Local Auto Stand & Bus Stop Corner, Near Beliaghata 33 Palli Durga Puja, Central Kolkata, Kolkata",22.566966,88.385441,2.8,Male / Female,No,Beliaghata 33 Palli Durga Puja,186
KMC Pay & Use Public Toilet Complex (Beliaghata Cluster - Unit 4),"Near Municipal Park / Ward Health Unit, Near Beliaghata 33 Palli Durga Puja, Central Kolkata, Kolkata",22.566189,88.383109,3.5,Both,Yes,Beliaghata 33 Palli Durga Puja,223
KMC Community Pay & Use Facility (Beliaghata Cluster - Unit 5),"Bazaar Lane & Vegetable Market Approach, Near Beliaghata 33 Palli Durga Puja, Central Kolkata, Kolkata",22.570191,88.378485,3.0,Male / Female,No,Beliaghata 33 Palli Durga Puja,618
SBM Public Utility Toilet Block (Entally Cluster - Unit 1),"Borough Service Station & Community Hall, Near Entally Sarbojanin, Central Kolkata, Kolkata",22.563949,88.373032,3.2,Both,Yes,Entally Sarbojanin,215
KMC Public Convenience & Urinal Block (Entally Cluster - Unit 2),"Local Auto Stand & Bus Stop Corner, Near Entally Sarbojanin, Central Kolkata, Kolkata",22.562252,88.376212,2.8,Male / Female,No,Entally Sarbojanin,329
KMC Community Pay & Use Facility (Entally Cluster - Unit 3),"Bazaar Lane & Vegetable Market Approach, Near Entally Sarbojanin, Central Kolkata, Kolkata",22.55937,88.37452,2.9,Male / Female,No,Entally Sarbojanin,332
KMC Pay & Use Public Toilet Complex (Entally Cluster - Unit 4),"Near Municipal Park / Ward Health Unit, Near Entally Sarbojanin, Central Kolkata, Kolkata",22.558437,88.368568,3.6,Both,Yes,Entally Sarbojanin,606
She-Toilet / Pink Booth Public Restroom (Entally Cluster - Unit 5),"Women's Public Restroom Hub / High Street Corner, Near Entally Sarbojanin, Central Kolkata, Kolkata",22.565132,88.367808,4.4,Female,Yes,Entally Sarbojanin,638
Sulabh Sauchalaya Public Convenience (AJ Cluster - Unit 1),"Main Road Junction / Market Complex, Near AJ Block Durga Puja, East Kolkata & Salt Lake, Kolkata",22.590952,88.410543,3.7,Both,Yes,AJ Block Durga Puja,331
KMC Pay & Use Public Toilet Complex (AJ Cluster - Unit 2),"Near Municipal Park / Ward Health Unit, Near AJ Block Durga Puja, East Kolkata & Salt Lake, Kolkata",22.589294,88.414702,3.9,Both,Yes,AJ Block Durga Puja,404
KMC Public Convenience & Urinal Block (AJ Cluster - Unit 3),"Local Auto Stand & Bus Stop Corner, Near AJ Block Durga Puja, East Kolkata & Salt Lake, Kolkata",22.584569,88.413415,2.8,Male / Female,No,AJ Block Durga Puja,455
KMC Community Pay & Use Facility (AJ Cluster - Unit 4),"Bazaar Lane & Vegetable Market Approach, Near AJ Block Durga Puja, East Kolkata & Salt Lake, Kolkata",22.583483,88.408637,3.0,Male / Female,No,AJ Block Durga Puja,560
Metro Station Concourse Public Restroom (AJ Cluster - Unit 5),"Metro Station Exit Gate / Sub-surface Area, Near AJ Block Durga Puja, East Kolkata & Salt Lake, Kolkata",22.589644,88.405329,4.3,Both,Yes,AJ Block Durga Puja,612
She-Toilet / Pink Booth Public Restroom (BD Cluster - Unit 1),"Women's Public Restroom Hub / High Street Corner, Near BD Block Sarbojanin Durgotsab Committee, East Kolkata & Salt Lake, Kolkata",22.588627,88.411836,4.5,Female,Yes,BD Block Sarbojanin Durgotsab Committee,150
Sulabh Sauchalaya Public Convenience (BD Cluster - Unit 2),"Main Road Junction / Market Complex, Near BD Block Sarbojanin Durgotsab Committee, East Kolkata & Salt Lake, Kolkata",22.587339,88.413754,3.2,Both,Yes,BD Block Sarbojanin Durgotsab Committee,240
KMC Public Convenience & Urinal Block (BD Cluster - Unit 3),"Local Auto Stand & Bus Stop Corner, Near BD Block Sarbojanin Durgotsab Committee, East Kolkata & Salt Lake, Kolkata",22.585023,88.41198,2.9,Male / Female,No,BD Block Sarbojanin Durgotsab Committee,264
KMC Smart Bio-Toilet E-Utility (BD Cluster - Unit 4),"Pedestrian Footpath / Green Verge, Near BD Block Sarbojanin Durgotsab Committee, East Kolkata & Salt Lake, Kolkata",22.586372,88.406806,4.1,Both,Yes,BD Block Sarbojanin Durgotsab Committee,485
KMC Smart Bio-Toilet E-Utility (BJ Cluster - Unit 1),"Pedestrian Footpath / Green Verge, Near BJ Block Saradotsav Committee, East Kolkata & Salt Lake, Kolkata",22.587347,88.418593,3.6,Both,Yes,BJ Block Saradotsav Committee,347
She-Toilet / Pink Booth Public Restroom (BJ Cluster - Unit 2),"Women's Public Restroom Hub / High Street Corner, Near BJ Block Saradotsav Committee, East Kolkata & Salt Lake, Kolkata",22.584153,88.421751,4.6,Female,Yes,BJ Block Saradotsav Committee,404
KMC Community Pay & Use Facility (BJ Cluster - Unit 3),"Bazaar Lane & Vegetable Market Approach, Near BJ Block Saradotsav Committee, East Kolkata & Salt Lake, Kolkata",22.579446,88.416458,2.9,Male / Female,No,BJ Block Saradotsav Committee,559
SBM Public Utility Toilet Block (BJ Cluster - Unit 4),"Borough Service Station & Community Hall, Near BJ Block Saradotsav Committee, East Kolkata & Salt Lake, Kolkata",22.583348,88.412231,3.3,Both,Yes,BJ Block Saradotsav Committee,584
Metro Station Concourse Public Restroom (BL Cluster - Unit 1),"Metro Station Exit Gate / Sub-surface Area, Near BL Block Durga Puja, East Kolkata & Salt Lake, Kolkata",22.588347,88.410347,4.1,Both,Yes,BL Block Durga Puja,193
Sulabh Sauchalaya Public Convenience (BL Cluster - Unit 2),"Main Road Junction / Market Complex, Near BL Block Durga Puja, East Kolkata & Salt Lake, Kolkata",22.586853,88.413016,3.5,Both,Yes,BL Block Durga Puja,235
KMC Smart Bio-Toilet E-Utility (BL Cluster - Unit 3),"Pedestrian Footpath / Green Verge, Near BL Block Durga Puja, East Kolkata & Salt Lake, Kolkata",22.582869,88.412698,4.0,Both,Yes,BL Block Durga Puja,466
She-Toilet / Pink Booth Public Restroom (BL Cluster - Unit 4),"Women's Public Restroom Hub / High Street Corner, Near BL Block Durga Puja, East Kolkata & Salt Lake, Kolkata",22.582751,88.407004,4.3,Female,Yes,BL Block Durga Puja,578
KMC Public Convenience & Urinal Block (BL Cluster - Unit 5),"Local Auto Stand & Bus Stop Corner, Near BL Block Durga Puja, East Kolkata & Salt Lake, Kolkata",22.589209,88.405547,2.7,Male / Female,No,BL Block Durga Puja,604
Metro Station Concourse Public Restroom (EKTP Cluster - Unit 1),"Metro Station Exit Gate / Sub-surface Area, Near EKTP Phase 2 Abasik Puja Samity, East Kolkata & Salt Lake, Kolkata",22.549155,88.401798,4.2,Both,Yes,EKTP Phase 2 Abasik Puja Samity,129
Sulabh Sauchalaya Public Convenience (EKTP Cluster - Unit 2),"Main Road Junction / Market Complex, Near EKTP Phase 2 Abasik Puja Samity, East Kolkata & Salt Lake, Kolkata",22.548696,88.403923,3.2,Both,Yes,EKTP Phase 2 Abasik Puja Samity,209
KMC Public Convenience & Urinal Block (EKTP Cluster - Unit 3),"Local Auto Stand & Bus Stop Corner, Near EKTP Phase 2 Abasik Puja Samity, East Kolkata & Salt Lake, Kolkata",22.545392,88.403152,2.9,Male / Female,No,EKTP Phase 2 Abasik Puja Samity,314
KMC Pay & Use Public Toilet Complex (EKTP Cluster - Unit 4),"Near Municipal Park / Ward Health Unit, Near EKTP Phase 2 Abasik Puja Samity, East Kolkata & Salt Lake, Kolkata",22.545857,88.400054,3.5,Both,Yes,EKTP Phase 2 Abasik Puja Samity,314
KMC Community Pay & Use Facility (EKTP Cluster - Unit 5),"Bazaar Lane & Vegetable Market Approach, Near EKTP Phase 2 Abasik Puja Samity, East Kolkata & Salt Lake, Kolkata",22.548909,88.396915,3.4,Male / Female,No,EKTP Phase 2 Abasik Puja Samity,534
SBM Public Utility Toilet Block (Jawpur Cluster - Unit 1),"Borough Service Station & Community Hall, Near Jawpur Bayam Samity Durga Puja, East Kolkata & Salt Lake, Kolkata",22.619088,88.386211,3.2,Both,Yes,Jawpur Bayam Samity Durga Puja,121
KMC Smart Bio-Toilet E-Utility (Jawpur Cluster - Unit 2),"Pedestrian Footpath / Green Verge, Near Jawpur Bayam Samity Durga Puja, East Kolkata & Salt Lake, Kolkata",22.618365,88.387497,4.1,Both,Yes,Jawpur Bayam Samity Durga Puja,156
Sulabh Sauchalaya Public Convenience (Jawpur Cluster - Unit 3),"Main Road Junction / Market Complex, Near Jawpur Bayam Samity Durga Puja, East Kolkata & Salt Lake, Kolkata",22.615031,88.385943,3.4,Both,Yes,Jawpur Bayam Samity Durga Puja,332
Metro Station Concourse Public Restroom (Jawpur Cluster - Unit 4),"Metro Station Exit Gate / Sub-surface Area, Near Jawpur Bayam Samity Durga Puja, East Kolkata & Salt Lake, Kolkata",22.618951,88.380048,4.2,Both,Yes,Jawpur Bayam Samity Durga Puja,622
Sulabh Sauchalaya Public Convenience (Judge Cluster - Unit 1),"Main Road Junction / Market Complex, Near Judge Bagan Sarbojanin Durgotsab, East Kolkata & Salt Lake, Kolkata",22.586002,88.405092,3.2,Both,Yes,Judge Bagan Sarbojanin Durgotsab,444
KMC Community Pay & Use Facility (Judge Cluster - Unit 2),"Bazaar Lane & Vegetable Market Approach, Near Judge Bagan Sarbojanin Durgotsab, East Kolkata & Salt Lake, Kolkata",22.581896,88.409666,3.1,Male / Female,No,Judge Bagan Sarbojanin Durgotsab,477
SBM Public Utility Toilet Block (Judge Cluster - Unit 3),"Borough Service Station & Community Hall, Near Judge Bagan Sarbojanin Durgotsab, East Kolkata & Salt Lake, Kolkata",22.577309,88.40621,3.1,Both,Yes,Judge Bagan Sarbojanin Durgotsab,537
She-Toilet / Pink Booth Public Restroom (Judge Cluster - Unit 4),"Women's Public Restroom Hub / High Street Corner, Near Judge Bagan Sarbojanin Durgotsab, East Kolkata & Salt Lake, Kolkata",22.582265,88.399439,4.4,Female,Yes,Judge Bagan Sarbojanin Durgotsab,574
KMC Public Convenience & Urinal Block (Kanjial Cluster - Unit 1),"Local Auto Stand & Bus Stop Corner, Near Kanjial Para Puja Samity Durga Puja, East Kolkata & Salt Lake, Kolkata",22.582803,88.405237,3.1,Male / Female,No,Kanjial Para Puja Samity Durga Puja,164
KMC Community Pay & Use Facility (Kanjial Cluster - Unit 2),"Bazaar Lane & Vegetable Market Approach, Near Kanjial Para Puja Samity Durga Puja, East Kolkata & Salt Lake, Kolkata",22.58186,88.407623,3.2,Male / Female,No,Kanjial Para Puja Samity Durga Puja,234
Sulabh Sauchalaya Public Convenience (Kanjial Cluster - Unit 3),"Main Road Junction / Market Complex, Near Kanjial Para Puja Samity Durga Puja, East Kolkata & Salt Lake, Kolkata",22.579079,88.407146,3.7,Both,Yes,Kanjial Para Puja Samity Durga Puja,308
SBM Public Utility Toilet Block (Kanjial Cluster - Unit 4),"Borough Service Station & Community Hall, Near Kanjial Para Puja Samity Durga Puja, East Kolkata & Salt Lake, Kolkata",22.578892,88.402772,3.1,Both,Yes,Kanjial Para Puja Samity Durga Puja,384
Metro Station Concourse Public Restroom (Kanjial Cluster - Unit 5),"Metro Station Exit Gate / Sub-surface Area, Near Kanjial Para Puja Samity Durga Puja, East Kolkata & Salt Lake, Kolkata",22.581992,88.401317,3.9,Both,Yes,Kanjial Para Puja Samity Durga Puja,427
KMC Pay & Use Public Toilet Complex (Nabapally Cluster - Unit 1),"Near Municipal Park / Ward Health Unit, Near Nabapally Adhibashi Brinda Durga Puja, East Kolkata & Salt Lake, Kolkata",22.581755,88.404477,3.7,Both,Yes,Nabapally Adhibashi Brinda Durga Puja,126
KMC Community Pay & Use Facility (Nabapally Cluster - Unit 2),"Bazaar Lane & Vegetable Market Approach, Near Nabapally Adhibashi Brinda Durga Puja, East Kolkata & Salt Lake, Kolkata",22.580476,88.406029,3.1,Male / Female,No,Nabapally Adhibashi Brinda Durga Puja,134
She-Toilet / Pink Booth Public Restroom (Nabapally Cluster - Unit 3),"Women's Public Restroom Hub / High Street Corner, Near Nabapally Adhibashi Brinda Durga Puja, East Kolkata & Salt Lake, Kolkata",22.57884,88.404225,4.2,Female,Yes,Nabapally Adhibashi Brinda Durga Puja,207
Metro Station Concourse Public Restroom (Nabapally Cluster - Unit 4),"Metro Station Exit Gate / Sub-surface Area, Near Nabapally Adhibashi Brinda Durga Puja, East Kolkata & Salt Lake, Kolkata",22.580838,88.401531,3.9,Both,Yes,Nabapally Adhibashi Brinda Durga Puja,330
SBM Public Utility Toilet Block (Netaji Cluster - Unit 1),"Borough Service Station & Community Hall, Near Netaji Sporting Club Durga Puja, East Kolkata & Salt Lake, Kolkata",22.58114,88.404536,3.1,Both,Yes,Netaji Sporting Club Durga Puja,242
She-Toilet / Pink Booth Public Restroom (Netaji Cluster - Unit 2),"Women's Public Restroom Hub / High Street Corner, Near Netaji Sporting Club Durga Puja, East Kolkata & Salt Lake, Kolkata",22.579406,88.407559,4.2,Female,Yes,Netaji Sporting Club Durga Puja,366
KMC Community Pay & Use Facility (Netaji Cluster - Unit 3),"Bazaar Lane & Vegetable Market Approach, Near Netaji Sporting Club Durga Puja, East Kolkata & Salt Lake, Kolkata",22.574082,88.404297,3.3,Male / Female,No,Netaji Sporting Club Durga Puja,549
KMC Smart Bio-Toilet E-Utility (Netaji Cluster - Unit 4),"Pedestrian Footpath / Green Verge, Near Netaji Sporting Club Durga Puja, East Kolkata & Salt Lake, Kolkata",22.580074,88.398462,3.6,Both,Yes,Netaji Sporting Club Durga Puja,583
KMC Smart Bio-Toilet E-Utility (Prafulla Cluster - Unit 1),"Pedestrian Footpath / Green Verge, Near Prafulla Kanan Sarbojanin Durgotsab, East Kolkata & Salt Lake, Kolkata",22.607882,88.422642,3.9,Both,Yes,Prafulla Kanan Sarbojanin Durgotsab,322
SBM Public Utility Toilet Block (Prafulla Cluster - Unit 2),"Borough Service Station & Community Hall, Near Prafulla Kanan Sarbojanin Durgotsab, East Kolkata & Salt Lake, Kolkata",22.605606,88.426933,3.2,Both,Yes,Prafulla Kanan Sarbojanin Durgotsab,407
Sulabh Sauchalaya Public Convenience (Prafulla Cluster - Unit 3),"Main Road Junction / Market Complex, Near Prafulla Kanan Sarbojanin Durgotsab, East Kolkata & Salt Lake, Kolkata",22.601049,88.422435,3.4,Both,Yes,Prafulla Kanan Sarbojanin Durgotsab,445
KMC Pay & Use Public Toilet Complex (Prafulla Cluster - Unit 4),"Near Municipal Park / Ward Health Unit, Near Prafulla Kanan Sarbojanin Durgotsab, East Kolkata & Salt Lake, Kolkata",22.603553,88.417375,3.4,Both,Yes,Prafulla Kanan Sarbojanin Durgotsab,602
She-Toilet / Pink Booth Public Restroom (Purba Cluster - Unit 1),"Women's Public Restroom Hub / High Street Corner, Near Purba Kalikata Sarbojanin Durgotsav, East Kolkata & Salt Lake, Kolkata",22.57258,88.388008,4.4,Female,Yes,Purba Kalikata Sarbojanin Durgotsav,174
Metro Station Concourse Public Restroom (Purba Cluster - Unit 2),"Metro Station Exit Gate / Sub-surface Area, Near Purba Kalikata Sarbojanin Durgotsav, East Kolkata & Salt Lake, Kolkata",22.570468,88.391426,4.1,Both,Yes,Purba Kalikata Sarbojanin Durgotsav,355
KMC Community Pay & Use Facility (Purba Cluster - Unit 3),"Bazaar Lane & Vegetable Market Approach, Near Purba Kalikata Sarbojanin Durgotsav, East Kolkata & Salt Lake, Kolkata",22.565768,88.389633,3.2,Male / Female,No,Purba Kalikata Sarbojanin Durgotsav,606
Sulabh Sauchalaya Public Convenience (Purba Cluster - Unit 4),"Main Road Junction / Market Complex, Near Purba Kalikata Sarbojanin Durgotsav, East Kolkata & Salt Lake, Kolkata",22.570908,88.381965,3.3,Both,Yes,Purba Kalikata Sarbojanin Durgotsav,622
KMC Public Convenience & Urinal Block (Purbanchal Cluster - Unit 1),"Local Auto Stand & Bus Stop Corner, Near Purbanchal Prabhati Sangha Durga Puja, East Kolkata & Salt Lake, Kolkata",22.571468,88.38836,2.7,Male / Female,No,Purbanchal Prabhati Sangha Durga Puja,126
She-Toilet / Pink Booth Public Restroom (Purbanchal Cluster - Unit 2),"Women's Public Restroom Hub / High Street Corner, Near Purbanchal Prabhati Sangha Durga Puja, East Kolkata & Salt Lake, Kolkata",22.570875,88.389689,4.1,Female,Yes,Purbanchal Prabhati Sangha Durga Puja,144
Metro Station Concourse Public Restroom (Purbanchal Cluster - Unit 3),"Metro Station Exit Gate / Sub-surface Area, Near Purbanchal Prabhati Sangha Durga Puja, East Kolkata & Salt Lake, Kolkata",22.568227,88.389498,4.0,Both,Yes,Purbanchal Prabhati Sangha Durga Puja,259
Sulabh Sauchalaya Public Convenience (Purbanchal Cluster - Unit 4),"Main Road Junction / Market Complex, Near Purbanchal Prabhati Sangha Durga Puja, East Kolkata & Salt Lake, Kolkata",22.566991,88.386829,3.3,Both,Yes,Purbanchal Prabhati Sangha Durga Puja,406
SBM Public Utility Toilet Block (Purbanchal Cluster - Unit 5),"Borough Service Station & Community Hall, Near Purbanchal Prabhati Sangha Durga Puja, East Kolkata & Salt Lake, Kolkata",22.572707,88.384428,3.2,Both,Yes,Purbanchal Prabhati Sangha Durga Puja,487
KMC Smart Bio-Toilet E-Utility (Sixemes Cluster - Unit 1),"Pedestrian Footpath / Green Verge, Near Sixemes Cooperative Housing Durgotsav, East Kolkata & Salt Lake, Kolkata",22.587576,88.414535,3.8,Both,Yes,Sixemes Cooperative Housing Durgotsav,289
KMC Public Convenience & Urinal Block (Sixemes Cluster - Unit 2),"Local Auto Stand & Bus Stop Corner, Near Sixemes Cooperative Housing Durgotsav, East Kolkata & Salt Lake, Kolkata",22.585606,88.417979,2.8,Male / Female,No,Sixemes Cooperative Housing Durgotsav,311
She-Toilet / Pink Booth Public Restroom (Sixemes Cluster - Unit 3),"Women's Public Restroom Hub / High Street Corner, Near Sixemes Cooperative Housing Durgotsav, East Kolkata & Salt Lake, Kolkata",22.582191,88.416654,4.3,Female,Yes,Sixemes Cooperative Housing Durgotsav,356
KMC Community Pay & Use Facility (Sixemes Cluster - Unit 4),"Bazaar Lane & Vegetable Market Approach, Near Sixemes Cooperative Housing Durgotsav, East Kolkata & Salt Lake, Kolkata",22.581953,88.413742,2.9,Male / Female,No,Sixemes Cooperative Housing Durgotsav,365
Metro Station Concourse Public Restroom (Sixemes Cluster - Unit 5),"Metro Station Exit Gate / Sub-surface Area, Near Sixemes Cooperative Housing Durgotsav, East Kolkata & Salt Lake, Kolkata",22.586778,88.411996,4.2,Both,Yes,Sixemes Cooperative Housing Durgotsav,368
She-Toilet / Pink Booth Public Restroom (Sree Cluster - Unit 1),"Women's Public Restroom Hub / High Street Corner, Near Sree Sree Durga Puja Committee, Rabindrapally, East Kolkata & Salt Lake, Kolkata",22.604912,88.426091,4.1,Female,Yes,"Sree Sree Durga Puja Committee, Rabindrapally",323
Metro Station Concourse Public Restroom (Sree Cluster - Unit 2),"Metro Station Exit Gate / Sub-surface Area, Near Sree Sree Durga Puja Committee, Rabindrapally, East Kolkata & Salt Lake, Kolkata",22.602192,88.429746,4.1,Both,Yes,"Sree Sree Durga Puja Committee, Rabindrapally",383
SBM Public Utility Toilet Block (Sree Cluster - Unit 3),"Borough Service Station & Community Hall, Near Sree Sree Durga Puja Committee, Rabindrapally, East Kolkata & Salt Lake, Kolkata",22.597895,88.426028,3.1,Both,Yes,"Sree Sree Durga Puja Committee, Rabindrapally",458
KMC Public Convenience & Urinal Block (Sree Cluster - Unit 4),"Local Auto Stand & Bus Stop Corner, Near Sree Sree Durga Puja Committee, Rabindrapally, East Kolkata & Salt Lake, Kolkata",22.60269,88.420588,3.2,Male / Female,No,"Sree Sree Durga Puja Committee, Rabindrapally",563
SBM Public Utility Toilet Block (New Cluster - Unit 1),"Borough Service Station & Community Hall, Near New Town Sarbojanin, East Kolkata & Salt Lake, Kolkata",22.588149,88.461831,3.1,Both,Yes,New Town Sarbojanin,238
Metro Station Concourse Public Restroom (New Cluster - Unit 2),"Metro Station Exit Gate / Sub-surface Area, Near New Town Sarbojanin, East Kolkata & Salt Lake, Kolkata",22.586763,88.465219,4.2,Both,Yes,New Town Sarbojanin,339
KMC Community Pay & Use Facility (New Cluster - Unit 3),"Bazaar Lane & Vegetable Market Approach, Near New Town Sarbojanin, East Kolkata & Salt Lake, Kolkata",22.583055,88.463604,3.2,Male / Female,No,New Town Sarbojanin,367
KMC Public Convenience & Urinal Block (New Cluster - Unit 4),"Local Auto Stand & Bus Stop Corner, Near New Town Sarbojanin, East Kolkata & Salt Lake, Kolkata",22.581827,88.460041,3.0,Male / Female,No,New Town Sarbojanin,508
KMC Pay & Use Public Toilet Complex (New Cluster - Unit 5),"Near Municipal Park / Ward Health Unit, Near New Town Sarbojanin, East Kolkata & Salt Lake, Kolkata",22.589071,88.456364,3.7,Both,Yes,New Town Sarbojanin,673
KMC Pay & Use Public Toilet Complex (AK Cluster - Unit 1),"Near Municipal Park / Ward Health Unit, Near AK Block Salt Lake, East Kolkata & Salt Lake, Kolkata",22.593267,88.412519,3.8,Both,Yes,AK Block Salt Lake,476
Metro Station Concourse Public Restroom (AK Cluster - Unit 2),"Metro Station Exit Gate / Sub-surface Area, Near AK Block Salt Lake, East Kolkata & Salt Lake, Kolkata",22.590124,88.417002,4.4,Both,Yes,AK Block Salt Lake,526
SBM Public Utility Toilet Block (AK Cluster - Unit 3),"Borough Service Station & Community Hall, Near AK Block Salt Lake, East Kolkata & Salt Lake, Kolkata",22.584168,88.41153,3.2,Both,Yes,AK Block Salt Lake,541
Sulabh Sauchalaya Public Convenience (AK Cluster - Unit 4),"Main Road Junction / Market Complex, Near AK Block Salt Lake, East Kolkata & Salt Lake, Kolkata",22.587328,88.406101,3.6,Both,Yes,AK Block Salt Lake,636
KMC Community Pay & Use Facility (Mitali Cluster - Unit 1),"Bazaar Lane & Vegetable Market Approach, Near Mitali Sangha Kankurgachi, East Kolkata & Salt Lake, Kolkata",22.590296,88.382627,3.2,Male / Female,No,Mitali Sangha Kankurgachi,261
Sulabh Sauchalaya Public Convenience (Mitali Cluster - Unit 2),"Main Road Junction / Market Complex, Near Mitali Sangha Kankurgachi, East Kolkata & Salt Lake, Kolkata",22.588822,88.384887,3.6,Both,Yes,Mitali Sangha Kankurgachi,308
Metro Station Concourse Public Restroom (Mitali Cluster - Unit 3),"Metro Station Exit Gate / Sub-surface Area, Near Mitali Sangha Kankurgachi, East Kolkata & Salt Lake, Kolkata",22.585148,88.38211,4.0,Both,Yes,Mitali Sangha Kankurgachi,319
SBM Public Utility Toilet Block (Mitali Cluster - Unit 4),"Borough Service Station & Community Hall, Near Mitali Sangha Kankurgachi, East Kolkata & Salt Lake, Kolkata",22.588784,88.376238,3.1,Both,Yes,Mitali Sangha Kankurgachi,600
KMC Pay & Use Public Toilet Complex (2 Cluster - Unit 1),"Near Municipal Park / Ward Health Unit, Near 2 No Basudebpur Sarbojanin Durga Puja, Behala, Kolkata",22.498272,88.311793,3.9,Both,Yes,2 No Basudebpur Sarbojanin Durga Puja,252
KMC Public Convenience & Urinal Block (2 Cluster - Unit 2),"Local Auto Stand & Bus Stop Corner, Near 2 No Basudebpur Sarbojanin Durga Puja, Behala, Kolkata",22.496282,88.315736,3.1,Male / Female,No,2 No Basudebpur Sarbojanin Durga Puja,383
Metro Station Concourse Public Restroom (2 Cluster - Unit 3),"Metro Station Exit Gate / Sub-surface Area, Near 2 No Basudebpur Sarbojanin Durga Puja, Behala, Kolkata",22.491665,88.311814,4.0,Both,Yes,2 No Basudebpur Sarbojanin Durga Puja,484
KMC Community Pay & Use Facility (2 Cluster - Unit 4),"Bazaar Lane & Vegetable Market Approach, Near 2 No Basudebpur Sarbojanin Durga Puja, Behala, Kolkata",22.49734,88.306714,2.9,Male / Female,No,2 No Basudebpur Sarbojanin Durga Puja,565
KMC Public Convenience & Urinal Block (7er Cluster - Unit 1),"Local Auto Stand & Bus Stop Corner, Near 7er Pally Sarbojanin Durga Puja Committee, Behala, Kolkata",22.496956,88.312151,2.7,Male / Female,No,7er Pally Sarbojanin Durga Puja Committee,182
SBM Public Utility Toilet Block (7er Cluster - Unit 2),"Borough Service Station & Community Hall, Near 7er Pally Sarbojanin Durga Puja Committee, Behala, Kolkata",22.495861,88.31445,3.2,Both,Yes,7er Pally Sarbojanin Durga Puja Committee,217
KMC Smart Bio-Toilet E-Utility (7er Cluster - Unit 3),"Pedestrian Footpath / Green Verge, Near 7er Pally Sarbojanin Durga Puja Committee, Behala, Kolkata",22.491222,88.31366,4.1,Both,Yes,7er Pally Sarbojanin Durga Puja Committee,475
She-Toilet / Pink Booth Public Restroom (7er Cluster - Unit 4),"Women's Public Restroom Hub / High Street Corner, Near 7er Pally Sarbojanin Durga Puja Committee, Behala, Kolkata",22.495958,88.30783,4.6,Female,Yes,7er Pally Sarbojanin Durga Puja Committee,476
KMC Pay & Use Public Toilet Complex (Acharya Cluster - Unit 1),"Near Municipal Park / Ward Health Unit, Near Acharya Prafulla Sangha, Behala, Kolkata",22.496545,88.311785,3.4,Both,Yes,Acharya Prafulla Sangha,211
She-Toilet / Pink Booth Public Restroom (Acharya Cluster - Unit 2),"Women's Public Restroom Hub / High Street Corner, Near Acharya Prafulla Sangha, Behala, Kolkata",22.49492,88.313937,4.5,Female,Yes,Acharya Prafulla Sangha,228
KMC Community Pay & Use Facility (Acharya Cluster - Unit 3),"Bazaar Lane & Vegetable Market Approach, Near Acharya Prafulla Sangha, Behala, Kolkata",22.492614,88.313737,2.9,Male / Female,No,Acharya Prafulla Sangha,306
KMC Smart Bio-Toilet E-Utility (Acharya Cluster - Unit 4),"Pedestrian Footpath / Green Verge, Near Acharya Prafulla Sangha, Behala, Kolkata",22.490987,88.30671,3.8,Both,Yes,Acharya Prafulla Sangha,657
Metro Station Concourse Public Restroom (Acharya Cluster - Unit 5),"Metro Station Exit Gate / Sub-surface Area, Near Acharya Prafulla Sangha, Behala, Kolkata",22.494946,88.305346,4.4,Both,Yes,Acharya Prafulla Sangha,657
SBM Public Utility Toilet Block (Ajeya Cluster - Unit 1),"Borough Service Station & Community Hall, Near Ajeya Sanghati Durga Puja, Behala, Kolkata",22.494102,88.311008,3.1,Both,Yes,Ajeya Sanghati Durga Puja,121
Sulabh Sauchalaya Public Convenience (Ajeya Cluster - Unit 2),"Main Road Junction / Market Complex, Near Ajeya Sanghati Durga Puja, Behala, Kolkata",22.492911,88.31255,3.7,Both,Yes,Ajeya Sanghati Durga Puja,157
KMC Pay & Use Public Toilet Complex (Ajeya Cluster - Unit 3),"Near Municipal Park / Ward Health Unit, Near Ajeya Sanghati Durga Puja, Behala, Kolkata",22.490121,88.310085,3.9,Both,Yes,Ajeya Sanghati Durga Puja,336
She-Toilet / Pink Booth Public Restroom (Ajeya Cluster - Unit 4),"Women's Public Restroom Hub / High Street Corner, Near Ajeya Sanghati Durga Puja, Behala, Kolkata",22.493274,88.307642,4.5,Female,Yes,Ajeya Sanghati Durga Puja,349
SBM Public Utility Toilet Block (Barisha Cluster - Unit 1),"Borough Service Station & Community Hall, Near Barisha Kumarpara Youngs' Club Durga Puja, Behala, Kolkata",22.484245,88.311428,3.2,Both,Yes,Barisha Kumarpara Youngs' Club Durga Puja,143
KMC Smart Bio-Toilet E-Utility (Barisha Cluster - Unit 2),"Pedestrian Footpath / Green Verge, Near Barisha Kumarpara Youngs' Club Durga Puja, Behala, Kolkata",22.482235,88.314481,4.1,Both,Yes,Barisha Kumarpara Youngs' Club Durga Puja,366
Metro Station Concourse Public Restroom (Barisha Cluster - Unit 3),"Metro Station Exit Gate / Sub-surface Area, Near Barisha Kumarpara Youngs' Club Durga Puja, Behala, Kolkata",22.477719,88.311804,4.2,Both,Yes,Barisha Kumarpara Youngs' Club Durga Puja,594
KMC Community Pay & Use Facility (Barisha Cluster - Unit 4),"Bazaar Lane & Vegetable Market Approach, Near Barisha Kumarpara Youngs' Club Durga Puja, Behala, Kolkata",22.483506,88.304855,3.2,Male / Female,No,Barisha Kumarpara Youngs' Club Durga Puja,636
KMC Pay & Use Public Toilet Complex (Barisha Cluster - Unit 1),"Near Municipal Park / Ward Health Unit, Near Barisha Maitree Sangha Durgotsab, Behala, Kolkata",22.484595,88.31147,3.4,Both,Yes,Barisha Maitree Sangha Durgotsab,251
She-Toilet / Pink Booth Public Restroom (Barisha Cluster - Unit 2),"Women's Public Restroom Hub / High Street Corner, Near Barisha Maitree Sangha Durgotsab, Behala, Kolkata",22.483391,88.316821,4.4,Female,Yes,Barisha Maitree Sangha Durgotsab,568
SBM Public Utility Toilet Block (Barisha Cluster - Unit 3),"Borough Service Station & Community Hall, Near Barisha Maitree Sangha Durgotsab, Behala, Kolkata",22.47725,88.31249,3.3,Both,Yes,Barisha Maitree Sangha Durgotsab,576
KMC Public Convenience & Urinal Block (Barisha Cluster - Unit 4),"Local Auto Stand & Bus Stop Corner, Near Barisha Maitree Sangha Durgotsab, Behala, Kolkata",22.482569,88.304923,3.2,Male / Female,No,Barisha Maitree Sangha Durgotsab,667
KMC Community Pay & Use Facility (Barisha Cluster - Unit 1),"Bazaar Lane & Vegetable Market Approach, Near Barisha Milani Sangha Durga Puja, Behala, Kolkata",22.484979,88.311732,3.0,Male / Female,No,Barisha Milani Sangha Durga Puja,385
SBM Public Utility Toilet Block (Barisha Cluster - Unit 2),"Borough Service Station & Community Hall, Near Barisha Milani Sangha Durga Puja, Behala, Kolkata",22.481094,88.315022,3.6,Both,Yes,Barisha Milani Sangha Durga Puja,445
Metro Station Concourse Public Restroom (Barisha Cluster - Unit 3),"Metro Station Exit Gate / Sub-surface Area, Near Barisha Milani Sangha Durga Puja, Behala, Kolkata",22.47635,88.310887,4.4,Both,Yes,Barisha Milani Sangha Durga Puja,589
KMC Public Convenience & Urinal Block (Barisha Cluster - Unit 4),"Local Auto Stand & Bus Stop Corner, Near Barisha Milani Sangha Durga Puja, Behala, Kolkata",22.481793,88.304857,2.9,Male / Female,No,Barisha Milani Sangha Durga Puja,604
KMC Pay & Use Public Toilet Complex (Barisha Cluster - Unit 1),"Near Municipal Park / Ward Health Unit, Near Barisha Netaji Sangha Durga Puja, Behala, Kolkata",22.48163,88.310145,3.6,Both,Yes,Barisha Netaji Sangha Durga Puja,180
KMC Smart Bio-Toilet E-Utility (Barisha Cluster - Unit 2),"Pedestrian Footpath / Green Verge, Near Barisha Netaji Sangha Durga Puja, Behala, Kolkata",22.482147,88.313591,4.1,Both,Yes,Barisha Netaji Sangha Durga Puja,437
KMC Community Pay & Use Facility (Barisha Cluster - Unit 3),"Bazaar Lane & Vegetable Market Approach, Near Barisha Netaji Sangha Durga Puja, Behala, Kolkata",22.476411,88.312414,3.4,Male / Female,No,Barisha Netaji Sangha Durga Puja,470
KMC Public Convenience & Urinal Block (Barisha Cluster - Unit 4),"Local Auto Stand & Bus Stop Corner, Near Barisha Netaji Sangha Durga Puja, Behala, Kolkata",22.475688,88.307062,3.2,Male / Female,No,Barisha Netaji Sangha Durga Puja,569
Metro Station Concourse Public Restroom (Barisha Cluster - Unit 5),"Metro Station Exit Gate / Sub-surface Area, Near Barisha Netaji Sangha Durga Puja, Behala, Kolkata",22.481178,88.304041,4.2,Both,Yes,Barisha Netaji Sangha Durga Puja,628
KMC Public Convenience & Urinal Block (Barisha Cluster - Unit 1),"Local Auto Stand & Bus Stop Corner, Near Barisha Sarbojanin Durgotsab, Behala, Kolkata",22.48063,88.309999,2.9,Male / Female,No,Barisha Sarbojanin Durgotsab,150
KMC Pay & Use Public Toilet Complex (Barisha Cluster - Unit 2),"Near Municipal Park / Ward Health Unit, Near Barisha Sarbojanin Durgotsab, Behala, Kolkata",22.479086,88.315768,3.5,Both,Yes,Barisha Sarbojanin Durgotsab,551
Metro Station Concourse Public Restroom (Barisha Cluster - Unit 3),"Metro Station Exit Gate / Sub-surface Area, Near Barisha Sarbojanin Durgotsab, Behala, Kolkata",22.474126,88.311346,4.0,Both,Yes,Barisha Sarbojanin Durgotsab,587
KMC Smart Bio-Toilet E-Utility (Barisha Cluster - Unit 4),"Pedestrian Footpath / Green Verge, Near Barisha Sarbojanin Durgotsab, Behala, Kolkata",22.479459,88.3043,3.9,Both,Yes,Barisha Sarbojanin Durgotsab,628
KMC Public Convenience & Urinal Block (Barisha Cluster - Unit 1),"Local Auto Stand & Bus Stop Corner, Near Barisha Saterpalli Sammilani Durga Puja, Behala, Kolkata",22.480093,88.310053,2.7,Male / Female,No,Barisha Saterpalli Sammilani Durga Puja,164
SBM Public Utility Toilet Block (Barisha Cluster - Unit 2),"Borough Service Station & Community Hall, Near Barisha Saterpalli Sammilani Durga Puja, Behala, Kolkata",22.479063,88.311571,3.2,Both,Yes,Barisha Saterpalli Sammilani Durga Puja,194
Metro Station Concourse Public Restroom (Barisha Cluster - Unit 3),"Metro Station Exit Gate / Sub-surface Area, Near Barisha Saterpalli Sammilani Durga Puja, Behala, Kolkata",22.47701,88.310821,3.9,Both,Yes,Barisha Saterpalli Sammilani Durga Puja,213
She-Toilet / Pink Booth Public Restroom (Barisha Cluster - Unit 4),"Women's Public Restroom Hub / High Street Corner, Near Barisha Saterpalli Sammilani Durga Puja, Behala, Kolkata",22.476285,88.306583,4.4,Female,Yes,Barisha Saterpalli Sammilani Durga Puja,417
KMC Smart Bio-Toilet E-Utility (Barisha Cluster - Unit 5),"Pedestrian Footpath / Green Verge, Near Barisha Saterpalli Sammilani Durga Puja, Behala, Kolkata",22.479346,88.305373,3.9,Both,Yes,Barisha Saterpalli Sammilani Durga Puja,455
SBM Public Utility Toilet Block (Behala Cluster - Unit 1),"Borough Service Station & Community Hall, Near Behala 11 Pally Durga Puja, Behala, Kolkata",22.493499,88.314588,3.6,Both,Yes,Behala 11 Pally Durga Puja,171
KMC Public Convenience & Urinal Block (Behala Cluster - Unit 2),"Local Auto Stand & Bus Stop Corner, Near Behala 11 Pally Durga Puja, Behala, Kolkata",22.493326,88.31805,2.7,Male / Female,No,Behala 11 Pally Durga Puja,344
She-Toilet / Pink Booth Public Restroom (Behala Cluster - Unit 3),"Women's Public Restroom Hub / High Street Corner, Near Behala 11 Pally Durga Puja, Behala, Kolkata",22.487583,88.317105,4.5,Female,Yes,Behala 11 Pally Durga Puja,537
Sulabh Sauchalaya Public Convenience (Behala Cluster - Unit 4),"Main Road Junction / Market Complex, Near Behala 11 Pally Durga Puja, Behala, Kolkata",22.487409,88.312011,3.4,Both,Yes,Behala 11 Pally Durga Puja,598
KMC Community Pay & Use Facility (Behala Cluster - Unit 5),"Bazaar Lane & Vegetable Market Approach, Near Behala 11 Pally Durga Puja, Behala, Kolkata",22.494715,88.309489,3.4,Male / Female,No,Behala 11 Pally Durga Puja,643
She-Toilet / Pink Booth Public Restroom (Haridevpur Cluster - Unit 1),"Women's Public Restroom Hub / High Street Corner, Near Haridevpur 41 Palli, Haridevpur, Kolkata",22.482364,88.337331,4.6,Female,Yes,Haridevpur 41 Palli,204
KMC Pay & Use Public Toilet Complex (Haridevpur Cluster - Unit 2),"Near Municipal Park / Ward Health Unit, Near Haridevpur 41 Palli, Haridevpur, Kolkata",22.482264,88.3404,3.9,Both,Yes,Haridevpur 41 Palli,354
KMC Smart Bio-Toilet E-Utility (Haridevpur Cluster - Unit 3),"Pedestrian Footpath / Green Verge, Near Haridevpur 41 Palli, Haridevpur, Kolkata",22.478053,88.340036,3.7,Both,Yes,Haridevpur 41 Palli,379
Sulabh Sauchalaya Public Convenience (Haridevpur Cluster - Unit 4),"Main Road Junction / Market Complex, Near Haridevpur 41 Palli, Haridevpur, Kolkata",22.477174,88.335426,3.4,Both,Yes,Haridevpur 41 Palli,431
KMC Community Pay & Use Facility (Haridevpur Cluster - Unit 5),"Bazaar Lane & Vegetable Market Approach, Near Haridevpur 41 Palli, Haridevpur, Kolkata",22.480861,88.332552,3.4,Male / Female,No,Haridevpur 41 Palli,511
Sulabh Sauchalaya Public Convenience (Vivekananda Cluster - Unit 1),"Main Road Junction / Market Complex, Near Vivekananda Park Athletic Club Durga Puja, Haridevpur, Kolkata",22.481147,88.337602,3.4,Both,Yes,Vivekananda Park Athletic Club Durga Puja,152
KMC Smart Bio-Toilet E-Utility (Vivekananda Cluster - Unit 2),"Pedestrian Footpath / Green Verge, Near Vivekananda Park Athletic Club Durga Puja, Haridevpur, Kolkata",22.480375,88.339786,3.8,Both,Yes,Vivekananda Park Athletic Club Durga Puja,200
KMC Community Pay & Use Facility (Vivekananda Cluster - Unit 3),"Bazaar Lane & Vegetable Market Approach, Near Vivekananda Park Athletic Club Durga Puja, Haridevpur, Kolkata",22.477562,88.338768,3.4,Male / Female,No,Vivekananda Park Athletic Club Durga Puja,264
She-Toilet / Pink Booth Public Restroom (Vivekananda Cluster - Unit 4),"Women's Public Restroom Hub / High Street Corner, Near Vivekananda Park Athletic Club Durga Puja, Haridevpur, Kolkata",22.477767,88.335311,4.1,Female,Yes,Vivekananda Park Athletic Club Durga Puja,353
KMC Public Convenience & Urinal Block (Vivekananda Cluster - Unit 5),"Local Auto Stand & Bus Stop Corner, Near Vivekananda Park Athletic Club Durga Puja, Haridevpur, Kolkata",22.482304,88.333458,3.1,Male / Female,No,Vivekananda Park Athletic Club Durga Puja,537
SBM Public Utility Toilet Block (Haridevpur Cluster - Unit 1),"Borough Service Station & Community Hall, Near Haridevpur Nabinsathi Club, Haridevpur, Kolkata",22.48053,88.337601,3.2,Both,Yes,Haridevpur Nabinsathi Club,160
She-Toilet / Pink Booth Public Restroom (Haridevpur Cluster - Unit 2),"Women's Public Restroom Hub / High Street Corner, Near Haridevpur Nabinsathi Club, Haridevpur, Kolkata",22.478922,88.338775,4.2,Female,Yes,Haridevpur Nabinsathi Club,162
KMC Smart Bio-Toilet E-Utility (Haridevpur Cluster - Unit 3),"Pedestrian Footpath / Green Verge, Near Haridevpur Nabinsathi Club, Haridevpur, Kolkata",22.477612,88.337193,4.0,Both,Yes,Haridevpur Nabinsathi Club,169
KMC Public Convenience & Urinal Block (Haridevpur Cluster - Unit 4),"Local Auto Stand & Bus Stop Corner, Near Haridevpur Nabinsathi Club, Haridevpur, Kolkata",22.479799,88.33178,2.9,Male / Female,No,Haridevpur Nabinsathi Club,563
KMC Community Pay & Use Facility (Sodepur Cluster - Unit 1),"Bazaar Lane & Vegetable Market Approach, Near Sodepur Jatiya Sangha Durga Puja, Haridevpur, Kolkata",22.479486,88.33669,2.9,Male / Female,No,Sodepur Jatiya Sangha Durga Puja,284
She-Toilet / Pink Booth Public Restroom (Sodepur Cluster - Unit 2),"Women's Public Restroom Hub / High Street Corner, Near Sodepur Jatiya Sangha Durga Puja, Haridevpur, Kolkata",22.4779,88.338796,4.4,Female,Yes,Sodepur Jatiya Sangha Durga Puja,302
KMC Smart Bio-Toilet E-Utility (Sodepur Cluster - Unit 3),"Pedestrian Footpath / Green Verge, Near Sodepur Jatiya Sangha Durga Puja, Haridevpur, Kolkata",22.472745,88.338937,3.7,Both,Yes,Sodepur Jatiya Sangha Durga Puja,561
Sulabh Sauchalaya Public Convenience (Sodepur Cluster - Unit 4),"Main Road Junction / Market Complex, Near Sodepur Jatiya Sangha Durga Puja, Haridevpur, Kolkata",22.471534,88.333398,3.6,Both,Yes,Sodepur Jatiya Sangha Durga Puja,666
KMC Public Convenience & Urinal Block (Sodepur Cluster - Unit 5),"Local Auto Stand & Bus Stop Corner, Near Sodepur Jatiya Sangha Durga Puja, Haridevpur, Kolkata",22.480442,88.330695,3.2,Male / Female,No,Sodepur Jatiya Sangha Durga Puja,667
KMC Community Pay & Use Facility (Adarsha Cluster - Unit 1),"Bazaar Lane & Vegetable Market Approach, Near Adarsha Samiti Club Durga Puja, Haridevpur, Kolkata",22.478183,88.336584,2.9,Male / Female,No,Adarsha Samiti Club Durga Puja,206
Sulabh Sauchalaya Public Convenience (Adarsha Cluster - Unit 2),"Main Road Junction / Market Complex, Near Adarsha Samiti Club Durga Puja, Haridevpur, Kolkata",22.477209,88.338326,3.4,Both,Yes,Adarsha Samiti Club Durga Puja,219
KMC Pay & Use Public Toilet Complex (Adarsha Cluster - Unit 3),"Near Municipal Park / Ward Health Unit, Near Adarsha Samiti Club Durga Puja, Haridevpur, Kolkata",22.47449,88.337199,3.7,Both,Yes,Adarsha Samiti Club Durga Puja,220
KMC Smart Bio-Toilet E-Utility (Adarsha Cluster - Unit 4),"Pedestrian Footpath / Green Verge, Near Adarsha Samiti Club Durga Puja, Haridevpur, Kolkata",22.473718,88.332772,4.0,Both,Yes,Adarsha Samiti Club Durga Puja,474
KMC Public Convenience & Urinal Block (Adarsha Cluster - Unit 5),"Local Auto Stand & Bus Stop Corner, Near Adarsha Samiti Club Durga Puja, Haridevpur, Kolkata",22.478136,88.332211,2.7,Male / Female,No,Adarsha Samiti Club Durga Puja,476
KMC Smart Bio-Toilet E-Utility (Haridevpur Cluster - Unit 1),"Pedestrian Footpath / Green Verge, Near Haridevpur Vivekananda Park, Haridevpur, Kolkata",22.477117,88.335866,3.9,Both,Yes,Haridevpur Vivekananda Park,164
KMC Community Pay & Use Facility (Haridevpur Cluster - Unit 2),"Bazaar Lane & Vegetable Market Approach, Near Haridevpur Vivekananda Park, Haridevpur, Kolkata",22.476119,88.340493,3.3,Male / Female,No,Haridevpur Vivekananda Park,492
Metro Station Concourse Public Restroom (Haridevpur Cluster - Unit 3),"Metro Station Exit Gate / Sub-surface Area, Near Haridevpur Vivekananda Park, Haridevpur, Kolkata",22.470957,88.334328,4.0,Both,Yes,Haridevpur Vivekananda Park,541
Sulabh Sauchalaya Public Convenience (Haridevpur Cluster - Unit 4),"Main Road Junction / Market Complex, Near Haridevpur Vivekananda Park, Haridevpur, Kolkata",22.474982,88.329447,3.6,Both,Yes,Haridevpur Vivekananda Park,650
She-Toilet / Pink Booth Public Restroom (Haridevpur Cluster - Unit 1),"Women's Public Restroom Hub / High Street Corner, Near Haridevpur Friends Club Durga Puja, Haridevpur, Kolkata",22.477449,88.334834,4.1,Female,Yes,Haridevpur Friends Club Durga Puja,383
Metro Station Concourse Public Restroom (Haridevpur Cluster - Unit 2),"Metro Station Exit Gate / Sub-surface Area, Near Haridevpur Friends Club Durga Puja, Haridevpur, Kolkata",22.474659,88.338701,4.0,Both,Yes,Haridevpur Friends Club Durga Puja,385
KMC Community Pay & Use Facility (Haridevpur Cluster - Unit 3),"Bazaar Lane & Vegetable Market Approach, Near Haridevpur Friends Club Durga Puja, Haridevpur, Kolkata",22.469113,88.335948,3.2,Male / Female,No,Haridevpur Friends Club Durga Puja,553
Sulabh Sauchalaya Public Convenience (Haridevpur Cluster - Unit 4),"Main Road Junction / Market Complex, Near Haridevpur Friends Club Durga Puja, Haridevpur, Kolkata",22.475422,88.329426,3.3,Both,Yes,Haridevpur Friends Club Durga Puja,596
Metro Station Concourse Public Restroom (Haridevpur Cluster - Unit 1),"Metro Station Exit Gate / Sub-surface Area, Near Haridevpur Paschimpara Sarbojanin, Haridevpur, Kolkata",22.475995,88.335107,4.4,Both,Yes,Haridevpur Paschimpara Sarbojanin,298
KMC Pay & Use Public Toilet Complex (Haridevpur Cluster - Unit 2),"Near Municipal Park / Ward Health Unit, Near Haridevpur Paschimpara Sarbojanin, Haridevpur, Kolkata",22.473386,88.338375,3.4,Both,Yes,Haridevpur Paschimpara Sarbojanin,305
She-Toilet / Pink Booth Public Restroom (Haridevpur Cluster - Unit 3),"Women's Public Restroom Hub / High Street Corner, Near Haridevpur Paschimpara Sarbojanin, Haridevpur, Kolkata",22.469258,88.3341,4.2,Female,Yes,Haridevpur Paschimpara Sarbojanin,473
KMC Smart Bio-Toilet E-Utility (Haridevpur Cluster - Unit 4),"Pedestrian Footpath / Green Verge, Near Haridevpur Paschimpara Sarbojanin, Haridevpur, Kolkata",22.474487,88.329577,3.9,Both,Yes,Haridevpur Paschimpara Sarbojanin,613
SBM Public Utility Toilet Block (Haridevpur Cluster - Unit 1),"Borough Service Station & Community Hall, Near Haridevpur New Sporting Club, Haridevpur, Kolkata",22.474487,88.334596,3.4,Both,Yes,Haridevpur New Sporting Club,205
She-Toilet / Pink Booth Public Restroom (Haridevpur Cluster - Unit 2),"Women's Public Restroom Hub / High Street Corner, Near Haridevpur New Sporting Club, Haridevpur, Kolkata",22.47342,88.337383,4.4,Female,Yes,Haridevpur New Sporting Club,286
Sulabh Sauchalaya Public Convenience (Haridevpur Cluster - Unit 3),"Main Road Junction / Market Complex, Near Haridevpur New Sporting Club, Haridevpur, Kolkata",22.46996,88.337536,3.7,Both,Yes,Haridevpur New Sporting Club,415
KMC Public Convenience & Urinal Block (Haridevpur Cluster - Unit 4),"Local Auto Stand & Bus Stop Corner, Near Haridevpur New Sporting Club, Haridevpur, Kolkata",22.469048,88.332731,3.2,Male / Female,No,Haridevpur New Sporting Club,450
KMC Pay & Use Public Toilet Complex (Haridevpur Cluster - Unit 5),"Near Municipal Park / Ward Health Unit, Near Haridevpur New Sporting Club, Haridevpur, Kolkata",22.474619,88.32931,3.5,Both,Yes,Haridevpur New Sporting Club,599
Sulabh Sauchalaya Public Convenience (Dum Cluster - Unit 1),"Main Road Junction / Market Complex, Near Dum Dum Park Tarun Sangha, Dum Dum / South Dumdum, Kolkata",22.6126,88.398505,3.4,Both,Yes,Dum Dum Park Tarun Sangha,164
KMC Public Convenience & Urinal Block (Dum Cluster - Unit 2),"Local Auto Stand & Bus Stop Corner, Near Dum Dum Park Tarun Sangha, Dum Dum / South Dumdum, Kolkata",22.611282,88.40264,3.1,Male / Female,No,Dum Dum Park Tarun Sangha,421
Metro Station Concourse Public Restroom (Dum Cluster - Unit 3),"Metro Station Exit Gate / Sub-surface Area, Near Dum Dum Park Tarun Sangha, Dum Dum / South Dumdum, Kolkata",22.606908,88.40045,3.9,Both,Yes,Dum Dum Park Tarun Sangha,508
KMC Community Pay & Use Facility (Dum Cluster - Unit 4),"Bazaar Lane & Vegetable Market Approach, Near Dum Dum Park Tarun Sangha, Dum Dum / South Dumdum, Kolkata",22.60689,88.39637,3.1,Male / Female,No,Dum Dum Park Tarun Sangha,521
She-Toilet / Pink Booth Public Restroom (Dum Cluster - Unit 5),"Women's Public Restroom Hub / High Street Corner, Near Dum Dum Park Tarun Sangha, Dum Dum / South Dumdum, Kolkata",22.613106,88.392763,4.4,Female,Yes,Dum Dum Park Tarun Sangha,633
She-Toilet / Pink Booth Public Restroom (Dum Cluster - Unit 1),"Women's Public Restroom Hub / High Street Corner, Near Dum Dum Park Bharat Chakra, Dum Dum / South Dumdum, Kolkata",22.611623,88.398936,4.5,Female,Yes,Dum Dum Park Bharat Chakra,127
SBM Public Utility Toilet Block (Dum Cluster - Unit 2),"Borough Service Station & Community Hall, Near Dum Dum Park Bharat Chakra, Dum Dum / South Dumdum, Kolkata",22.60994,88.401885,3.5,Both,Yes,Dum Dum Park Bharat Chakra,279
KMC Public Convenience & Urinal Block (Dum Cluster - Unit 3),"Local Auto Stand & Bus Stop Corner, Near Dum Dum Park Bharat Chakra, Dum Dum / South Dumdum, Kolkata",22.606805,88.399037,3.0,Male / Female,No,Dum Dum Park Bharat Chakra,413
Metro Station Concourse Public Restroom (Dum Cluster - Unit 4),"Metro Station Exit Gate / Sub-surface Area, Near Dum Dum Park Bharat Chakra, Dum Dum / South Dumdum, Kolkata",22.610059,88.394487,4.2,Both,Yes,Dum Dum Park Bharat Chakra,490
Metro Station Concourse Public Restroom (Dum Cluster - Unit 1),"Metro Station Exit Gate / Sub-surface Area, Near Dum Dum Park Yubak Brinda, Dum Dum / South Dumdum, Kolkata",22.611535,88.399816,4.1,Both,Yes,Dum Dum Park Yubak Brinda,190
KMC Community Pay & Use Facility (Dum Cluster - Unit 2),"Bazaar Lane & Vegetable Market Approach, Near Dum Dum Park Yubak Brinda, Dum Dum / South Dumdum, Kolkata",22.609747,88.403349,3.0,Male / Female,No,Dum Dum Park Yubak Brinda,384
Sulabh Sauchalaya Public Convenience (Dum Cluster - Unit 3),"Main Road Junction / Market Complex, Near Dum Dum Park Yubak Brinda, Dum Dum / South Dumdum, Kolkata",22.605409,88.400576,3.2,Both,Yes,Dum Dum Park Yubak Brinda,502
KMC Smart Bio-Toilet E-Utility (Dum Cluster - Unit 4),"Pedestrian Footpath / Green Verge, Near Dum Dum Park Yubak Brinda, Dum Dum / South Dumdum, Kolkata",22.609445,88.393693,3.6,Both,Yes,Dum Dum Park Yubak Brinda,609
Metro Station Concourse Public Restroom (Dum Cluster - Unit 1),"Metro Station Exit Gate / Sub-surface Area, Near Dum Dum Park Sarbojanin Durga Puja Samity, Dum Dum / South Dumdum, Kolkata",22.612138,88.398601,4.2,Both,Yes,Dum Dum Park Sarbojanin Durga Puja Samity,335
KMC Public Convenience & Urinal Block (Dum Cluster - Unit 2),"Local Auto Stand & Bus Stop Corner, Near Dum Dum Park Sarbojanin Durga Puja Samity, Dum Dum / South Dumdum, Kolkata",22.610163,88.402465,2.7,Male / Female,No,Dum Dum Park Sarbojanin Durga Puja Samity,380
KMC Smart Bio-Toilet E-Utility (Dum Cluster - Unit 3),"Pedestrian Footpath / Green Verge, Near Dum Dum Park Sarbojanin Durga Puja Samity, Dum Dum / South Dumdum, Kolkata",22.606523,88.401349,3.9,Both,Yes,Dum Dum Park Sarbojanin Durga Puja Samity,383
KMC Pay & Use Public Toilet Complex (Dum Cluster - Unit 4),"Near Municipal Park / Ward Health Unit, Near Dum Dum Park Sarbojanin Durga Puja Samity, Dum Dum / South Dumdum, Kolkata",22.605585,88.394737,3.8,Both,Yes,Dum Dum Park Sarbojanin Durga Puja Samity,585
SBM Public Utility Toilet Block (Dum Cluster - Unit 5),"Borough Service Station & Community Hall, Near Dum Dum Park Sarbojanin Durga Puja Samity, Dum Dum / South Dumdum, Kolkata",22.612122,88.393358,3.1,Both,Yes,Dum Dum Park Sarbojanin Durga Puja Samity,661
Sulabh Sauchalaya Public Convenience (Dakshindari Cluster - Unit 1),"Main Road Junction / Market Complex, Near Dakshindari Youth, Dum Dum / South Dumdum, Kolkata",22.604283,88.393744,3.7,Both,Yes,Dakshindari Youth,144
She-Toilet / Pink Booth Public Restroom (Dakshindari Cluster - Unit 2),"Women's Public Restroom Hub / High Street Corner, Near Dakshindari Youth, Dum Dum / South Dumdum, Kolkata",22.603465,88.397107,4.1,Female,Yes,Dakshindari Youth,321
Metro Station Concourse Public Restroom (Dakshindari Cluster - Unit 3),"Metro Station Exit Gate / Sub-surface Area, Near Dakshindari Youth, Dum Dum / South Dumdum, Kolkata",22.599735,88.393135,4.4,Both,Yes,Dakshindari Youth,376
KMC Community Pay & Use Facility (Dakshindari Cluster - Unit 4),"Bazaar Lane & Vegetable Market Approach, Near Dakshindari Youth, Dum Dum / South Dumdum, Kolkata",22.602513,88.389547,2.9,Male / Female,No,Dakshindari Youth,463
Sulabh Sauchalaya Public Convenience (Dum Cluster - Unit 1),"Main Road Junction / Market Complex, Near Dum Dum Tarun Dal, Dum Dum / South Dumdum, Kolkata",22.623549,88.379848,3.3,Both,Yes,Dum Dum Tarun Dal,295
KMC Smart Bio-Toilet E-Utility (Dum Cluster - Unit 2),"Pedestrian Footpath / Green Verge, Near Dum Dum Tarun Dal, Dum Dum / South Dumdum, Kolkata",22.620282,88.382336,3.6,Both,Yes,Dum Dum Tarun Dal,350
KMC Public Convenience & Urinal Block (Dum Cluster - Unit 3),"Local Auto Stand & Bus Stop Corner, Near Dum Dum Tarun Dal, Dum Dum / South Dumdum, Kolkata",22.615471,88.379042,3.0,Male / Female,No,Dum Dum Tarun Dal,616
Metro Station Concourse Public Restroom (Dum Cluster - Unit 4),"Metro Station Exit Gate / Sub-surface Area, Near Dum Dum Tarun Dal, Dum Dum / South Dumdum, Kolkata",22.621692,88.372663,4.2,Both,Yes,Dum Dum Tarun Dal,657
KMC Pay & Use Public Toilet Complex (Dum Cluster - Unit 1),"Near Municipal Park / Ward Health Unit, Near Dum Dum Tarun Sangha, Dum Dum / South Dumdum, Kolkata",22.622043,88.3793,3.7,Both,Yes,Dum Dum Tarun Sangha,190
Metro Station Concourse Public Restroom (Dum Cluster - Unit 2),"Metro Station Exit Gate / Sub-surface Area, Near Dum Dum Tarun Sangha, Dum Dum / South Dumdum, Kolkata",22.62014,88.381735,4.0,Both,Yes,Dum Dum Tarun Sangha,239
KMC Public Convenience & Urinal Block (Dum Cluster - Unit 3),"Local Auto Stand & Bus Stop Corner, Near Dum Dum Tarun Sangha, Dum Dum / South Dumdum, Kolkata",22.616999,88.378894,2.7,Male / Female,No,Dum Dum Tarun Sangha,375
KMC Community Pay & Use Facility (Dum Cluster - Unit 4),"Bazaar Lane & Vegetable Market Approach, Near Dum Dum Tarun Sangha, Dum Dum / South Dumdum, Kolkata",22.619441,88.373162,3.3,Male / Female,No,Dum Dum Tarun Sangha,649
She-Toilet / Pink Booth Public Restroom (Dum Cluster - Unit 1),"Women's Public Restroom Hub / High Street Corner, Near Dum Dum Motijheel College Para Durga Puja, Dum Dum / South Dumdum, Kolkata",22.62433,88.382345,4.6,Female,Yes,Dum Dum Motijheel College Para Durga Puja,150
Sulabh Sauchalaya Public Convenience (Dum Cluster - Unit 2),"Main Road Junction / Market Complex, Near Dum Dum Motijheel College Para Durga Puja, Dum Dum / South Dumdum, Kolkata",22.623767,88.38553,3.5,Both,Yes,Dum Dum Motijheel College Para Durga Puja,370
KMC Community Pay & Use Facility (Dum Cluster - Unit 3),"Bazaar Lane & Vegetable Market Approach, Near Dum Dum Motijheel College Para Durga Puja, Dum Dum / South Dumdum, Kolkata",22.617987,88.383305,3.4,Male / Female,No,Dum Dum Motijheel College Para Durga Puja,574
KMC Smart Bio-Toilet E-Utility (Dum Cluster - Unit 4),"Pedestrian Footpath / Green Verge, Near Dum Dum Motijheel College Para Durga Puja, Dum Dum / South Dumdum, Kolkata",22.621817,88.376382,3.6,Both,Yes,Dum Dum Motijheel College Para Durga Puja,594
KMC Public Convenience & Urinal Block (Dum Cluster - Unit 1),"Local Auto Stand & Bus Stop Corner, Near Dum Dum Park Bharat Mata Puja, Dum Dum / South Dumdum, Kolkata",22.612623,88.39716,2.8,Male / Female,No,Dum Dum Park Bharat Mata Puja,304
SBM Public Utility Toilet Block (Dum Cluster - Unit 2),"Borough Service Station & Community Hall, Near Dum Dum Park Bharat Mata Puja, Dum Dum / South Dumdum, Kolkata",22.610351,88.402076,3.4,Both,Yes,Dum Dum Park Bharat Mata Puja,418
She-Toilet / Pink Booth Public Restroom (Dum Cluster - Unit 3),"Women's Public Restroom Hub / High Street Corner, Near Dum Dum Park Bharat Mata Puja, Dum Dum / South Dumdum, Kolkata",22.604848,88.397097,4.5,Female,Yes,Dum Dum Park Bharat Mata Puja,582
Sulabh Sauchalaya Public Convenience (Dum Cluster - Unit 4),"Main Road Junction / Market Complex, Near Dum Dum Park Bharat Mata Puja, Dum Dum / South Dumdum, Kolkata",22.610352,88.391729,3.3,Both,Yes,Dum Dum Park Bharat Mata Puja,647
Metro Station Concourse Public Restroom (Nagerbazar Cluster - Unit 1),"Metro Station Exit Gate / Sub-surface Area, Near Nagerbazar Sarbojanin Durga Puja, Dum Dum / South Dumdum, Kolkata",22.630265,88.39164,4.3,Both,Yes,Nagerbazar Sarbojanin Durga Puja,258
KMC Community Pay & Use Facility (Nagerbazar Cluster - Unit 2),"Bazaar Lane & Vegetable Market Approach, Near Nagerbazar Sarbojanin Durga Puja, Dum Dum / South Dumdum, Kolkata",22.627559,88.394009,3.3,Male / Female,No,Nagerbazar Sarbojanin Durga Puja,311
She-Toilet / Pink Booth Public Restroom (Nagerbazar Cluster - Unit 3),"Women's Public Restroom Hub / High Street Corner, Near Nagerbazar Sarbojanin Durga Puja, Dum Dum / South Dumdum, Kolkata",22.624265,88.390919,4.5,Female,Yes,Nagerbazar Sarbojanin Durga Puja,417
KMC Pay & Use Public Toilet Complex (Nagerbazar Cluster - Unit 4),"Near Municipal Park / Ward Health Unit, Near Nagerbazar Sarbojanin Durga Puja, Dum Dum / South Dumdum, Kolkata",22.628662,88.384649,3.5,Both,Yes,Nagerbazar Sarbojanin Durga Puja,658
Metro Station Concourse Public Restroom (New Cluster - Unit 1),"Metro Station Exit Gate / Sub-surface Area, Near New Town Sarbojanin Durga Puja, New Town, Kolkata",22.587517,88.461583,4.0,Both,Yes,New Town Sarbojanin Durga Puja,173
Sulabh Sauchalaya Public Convenience (New Cluster - Unit 2),"Main Road Junction / Market Complex, Near New Town Sarbojanin Durga Puja, New Town, Kolkata",22.586271,88.467548,3.2,Both,Yes,New Town Sarbojanin Durga Puja,568
KMC Pay & Use Public Toilet Complex (New Cluster - Unit 3),"Near Municipal Park / Ward Health Unit, Near New Town Sarbojanin Durga Puja, New Town, Kolkata",22.580758,88.462476,3.7,Both,Yes,New Town Sarbojanin Durga Puja,586
SBM Public Utility Toilet Block (New Cluster - Unit 4),"Borough Service Station & Community Hall, Near New Town Sarbojanin Durga Puja, New Town, Kolkata",22.587394,88.456031,3.4,Both,Yes,New Town Sarbojanin Durga Puja,634
KMC Pay & Use Public Toilet Complex (New Cluster - Unit 1),"Near Municipal Park / Ward Health Unit, Near New Town Durga Puja Committee, BG Block, New Town, Kolkata",22.586514,88.462184,3.4,Both,Yes,"New Town Durga Puja Committee, BG Block",133
KMC Community Pay & Use Facility (New Cluster - Unit 2),"Bazaar Lane & Vegetable Market Approach, Near New Town Durga Puja Committee, BG Block, New Town, Kolkata",22.58544,88.46393,3.3,Male / Female,No,"New Town Durga Puja Committee, BG Block",156
KMC Public Convenience & Urinal Block (New Cluster - Unit 3),"Local Auto Stand & Bus Stop Corner, Near New Town Durga Puja Committee, BG Block, New Town, Kolkata",22.583038,88.462318,3.0,Male / Female,No,"New Town Durga Puja Committee, BG Block",255
KMC Smart Bio-Toilet E-Utility (New Cluster - Unit 4),"Pedestrian Footpath / Green Verge, Near New Town Durga Puja Committee, BG Block, New Town, Kolkata",22.584987,88.459686,3.8,Both,Yes,"New Town Durga Puja Committee, BG Block",283
She-Toilet / Pink Booth Public Restroom (AA Cluster - Unit 1),"Women's Public Restroom Hub / High Street Corner, Near AA 1D Sarbojanin Durga Puja, New Town, Kolkata",22.587927,88.462308,4.5,Female,Yes,AA 1D Sarbojanin Durga Puja,370
KMC Pay & Use Public Toilet Complex (AA Cluster - Unit 2),"Near Municipal Park / Ward Health Unit, Near AA 1D Sarbojanin Durga Puja, New Town, Kolkata",22.584216,88.465648,3.5,Both,Yes,AA 1D Sarbojanin Durga Puja,405
KMC Public Convenience & Urinal Block (AA Cluster - Unit 3),"Local Auto Stand & Bus Stop Corner, Near AA 1D Sarbojanin Durga Puja, New Town, Kolkata",22.579756,88.461919,3.1,Male / Female,No,AA 1D Sarbojanin Durga Puja,544
Metro Station Concourse Public Restroom (AA Cluster - Unit 4),"Metro Station Exit Gate / Sub-surface Area, Near AA 1D Sarbojanin Durga Puja, New Town, Kolkata",22.584287,88.456098,3.9,Both,Yes,AA 1D Sarbojanin Durga Puja,580
She-Toilet / Pink Booth Public Restroom (BD Cluster - Unit 1),"Women's Public Restroom Hub / High Street Corner, Near BD Block Durga Puja, New Town, Kolkata",22.589893,88.465125,4.5,Female,Yes,BD Block Durga Puja,321
KMC Community Pay & Use Facility (BD Cluster - Unit 2),"Bazaar Lane & Vegetable Market Approach, Near BD Block Durga Puja, New Town, Kolkata",22.58784,88.469092,3.3,Male / Female,No,BD Block Durga Puja,428
Metro Station Concourse Public Restroom (BD Cluster - Unit 3),"Metro Station Exit Gate / Sub-surface Area, Near BD Block Durga Puja, New Town, Kolkata",22.582373,88.465798,4.2,Both,Yes,BD Block Durga Puja,522
Sulabh Sauchalaya Public Convenience (BD Cluster - Unit 4),"Main Road Junction / Market Complex, Near BD Block Durga Puja, New Town, Kolkata",22.586899,88.459209,3.5,Both,Yes,BD Block Durga Puja,597
KMC Community Pay & Use Facility (CD Cluster - Unit 1),"Bazaar Lane & Vegetable Market Approach, Near CD Block Durga Puja, New Town, Kolkata",22.588381,88.465999,2.9,Male / Female,No,CD Block Durga Puja,235
She-Toilet / Pink Booth Public Restroom (CD Cluster - Unit 2),"Women's Public Restroom Hub / High Street Corner, Near CD Block Durga Puja, New Town, Kolkata",22.586446,88.467927,4.6,Female,Yes,CD Block Durga Puja,259
KMC Pay & Use Public Toilet Complex (CD Cluster - Unit 3),"Near Municipal Park / Ward Health Unit, Near CD Block Durga Puja, New Town, Kolkata",22.583936,88.465959,3.9,Both,Yes,CD Block Durga Puja,272
KMC Public Convenience & Urinal Block (CD Cluster - Unit 4),"Local Auto Stand & Bus Stop Corner, Near CD Block Durga Puja, New Town, Kolkata",22.586421,88.461842,2.7,Male / Female,No,CD Block Durga Puja,367
KMC Public Convenience & Urinal Block (DB Cluster - Unit 1),"Local Auto Stand & Bus Stop Corner, Near DB Block Durga Puja, New Town, Kolkata",22.587454,88.464648,3.0,Male / Female,No,DB Block Durga Puja,201
Metro Station Concourse Public Restroom (DB Cluster - Unit 2),"Metro Station Exit Gate / Sub-surface Area, Near DB Block Durga Puja, New Town, Kolkata",22.585015,88.46748,4.1,Both,Yes,DB Block Durga Puja,290
KMC Pay & Use Public Toilet Complex (DB Cluster - Unit 3),"Near Municipal Park / Ward Health Unit, Near DB Block Durga Puja, New Town, Kolkata",22.582317,88.465827,3.4,Both,Yes,DB Block Durga Puja,387
KMC Community Pay & Use Facility (DB Cluster - Unit 4),"Bazaar Lane & Vegetable Market Approach, Near DB Block Durga Puja, New Town, Kolkata",22.586714,88.460186,3.4,Male / Female,No,DB Block Durga Puja,482
Sulabh Sauchalaya Public Convenience (BA Cluster - Unit 1),"Main Road Junction / Market Complex, Near BA Block Durga Puja, New Town, Kolkata",22.586227,88.463362,3.4,Both,Yes,BA Block Durga Puja,255
KMC Public Convenience & Urinal Block (BA Cluster - Unit 2),"Local Auto Stand & Bus Stop Corner, Near BA Block Durga Puja, New Town, Kolkata",22.584339,88.466752,2.7,Male / Female,No,BA Block Durga Puja,283
KMC Pay & Use Public Toilet Complex (BA Cluster - Unit 3),"Near Municipal Park / Ward Health Unit, Near BA Block Durga Puja, New Town, Kolkata",22.581162,88.465389,3.8,Both,Yes,BA Block Durga Puja,347
She-Toilet / Pink Booth Public Restroom (BA Cluster - Unit 4),"Women's Public Restroom Hub / High Street Corner, Near BA Block Durga Puja, New Town, Kolkata",22.580643,88.462031,4.2,Female,Yes,BA Block Durga Puja,427
KMC Community Pay & Use Facility (BA Cluster - Unit 5),"Bazaar Lane & Vegetable Market Approach, Near BA Block Durga Puja, New Town, Kolkata",22.584649,88.459124,3.4,Male / Female,No,BA Block Durga Puja,508
SBM Public Utility Toilet Block (CG Cluster - Unit 1),"Borough Service Station & Community Hall, Near CG Block Durga Puja, New Town, Kolkata",22.585709,88.464284,3.6,Both,Yes,CG Block Durga Puja,264
Sulabh Sauchalaya Public Convenience (CG Cluster - Unit 2),"Main Road Junction / Market Complex, Near CG Block Durga Puja, New Town, Kolkata",22.583172,88.467842,3.6,Both,Yes,CG Block Durga Puja,353
She-Toilet / Pink Booth Public Restroom (CG Cluster - Unit 3),"Women's Public Restroom Hub / High Street Corner, Near CG Block Durga Puja, New Town, Kolkata",22.580159,88.464968,4.2,Female,Yes,CG Block Durga Puja,358
KMC Smart Bio-Toilet E-Utility (CG Cluster - Unit 4),"Pedestrian Footpath / Green Verge, Near CG Block Durga Puja, New Town, Kolkata",22.582574,88.460238,3.6,Both,Yes,CG Block Durga Puja,437
SBM Public Utility Toilet Block (B Cluster - Unit 1),"Borough Service Station & Community Hall, Near B Block Durga Puja, New Town, Kolkata",22.583894,88.464036,3.6,Both,Yes,B Block Durga Puja,142
Metro Station Concourse Public Restroom (B Cluster - Unit 2),"Metro Station Exit Gate / Sub-surface Area, Near B Block Durga Puja, New Town, Kolkata",22.582529,88.465319,4.2,Both,Yes,B Block Durga Puja,163
KMC Pay & Use Public Toilet Complex (B Cluster - Unit 3),"Near Municipal Park / Ward Health Unit, Near B Block Durga Puja, New Town, Kolkata",22.580195,88.463717,3.8,Both,Yes,B Block Durga Puja,272
KMC Public Convenience & Urinal Block (B Cluster - Unit 4),"Local Auto Stand & Bus Stop Corner, Near B Block Durga Puja, New Town, Kolkata",22.582767,88.460859,2.9,Male / Female,No,B Block Durga Puja,295
Sulabh Sauchalaya Public Convenience (New Cluster - Unit 1),"Main Road Junction / Market Complex, Near New Town Action Area 1 Puja Committee, New Town, Kolkata",22.582939,88.463527,3.3,Both,Yes,New Town Action Area 1 Puja Committee,220
She-Toilet / Pink Booth Public Restroom (New Cluster - Unit 2),"Women's Public Restroom Hub / High Street Corner, Near New Town Action Area 1 Puja Committee, New Town, Kolkata",22.581316,88.466363,4.2,Female,Yes,New Town Action Area 1 Puja Committee,345
KMC Pay & Use Public Toilet Complex (New Cluster - Unit 3),"Near Municipal Park / Ward Health Unit, Near New Town Action Area 1 Puja Committee, New Town, Kolkata",22.577292,88.464865,3.4,Both,Yes,New Town Action Area 1 Puja Committee,455
Metro Station Concourse Public Restroom (New Cluster - Unit 4),"Metro Station Exit Gate / Sub-surface Area, Near New Town Action Area 1 Puja Committee, New Town, Kolkata",22.577824,88.458751,4.0,Both,Yes,New Town Action Area 1 Puja Committee,564
KMC Public Convenience & Urinal Block (New Cluster - Unit 5),"Local Auto Stand & Bus Stop Corner, Near New Town Action Area 1 Puja Committee, New Town, Kolkata",22.582054,88.456971,2.8,Male / Female,No,New Town Action Area 1 Puja Committee,632
She-Toilet / Pink Booth Public Restroom (AK Cluster - Unit 1),"Women's Public Restroom Hub / High Street Corner, Near AK Block Salt Lake Durga Puja, Salt Lake, Kolkata",22.590732,88.412083,4.5,Female,Yes,AK Block Salt Lake Durga Puja,191
Metro Station Concourse Public Restroom (AK Cluster - Unit 2),"Metro Station Exit Gate / Sub-surface Area, Near AK Block Salt Lake Durga Puja, Salt Lake, Kolkata",22.589445,88.413837,4.3,Both,Yes,AK Block Salt Lake Durga Puja,192
KMC Community Pay & Use Facility (AK Cluster - Unit 3),"Bazaar Lane & Vegetable Market Approach, Near AK Block Salt Lake Durga Puja, Salt Lake, Kolkata",22.587081,88.414407,3.1,Male / Female,No,AK Block Salt Lake Durga Puja,326
KMC Smart Bio-Toilet E-Utility (AK Cluster - Unit 4),"Pedestrian Footpath / Green Verge, Near AK Block Salt Lake Durga Puja, Salt Lake, Kolkata",22.585339,88.408363,3.7,Both,Yes,AK Block Salt Lake Durga Puja,555
Sulabh Sauchalaya Public Convenience (AK Cluster - Unit 5),"Main Road Junction / Market Complex, Near AK Block Salt Lake Durga Puja, Salt Lake, Kolkata",22.590892,88.406973,3.4,Both,Yes,AK Block Salt Lake Durga Puja,559
KMC Smart Bio-Toilet E-Utility (BD Cluster - Unit 1),"Pedestrian Footpath / Green Verge, Near BD Block Sarbojanin Durgotsab, Salt Lake, Kolkata",22.58954,88.411491,3.6,Both,Yes,BD Block Sarbojanin Durgotsab,245
KMC Community Pay & Use Facility (BD Cluster - Unit 2),"Bazaar Lane & Vegetable Market Approach, Near BD Block Sarbojanin Durgotsab, Salt Lake, Kolkata",22.5875,88.415155,3.1,Male / Female,No,BD Block Sarbojanin Durgotsab,385
She-Toilet / Pink Booth Public Restroom (BD Cluster - Unit 3),"Women's Public Restroom Hub / High Street Corner, Near BD Block Sarbojanin Durgotsab, Salt Lake, Kolkata",22.583764,88.41291,4.2,Female,Yes,BD Block Sarbojanin Durgotsab,426
Sulabh Sauchalaya Public Convenience (BD Cluster - Unit 4),"Main Road Junction / Market Complex, Near BD Block Sarbojanin Durgotsab, Salt Lake, Kolkata",22.583563,88.409551,3.2,Both,Yes,BD Block Sarbojanin Durgotsab,461
KMC Public Convenience & Urinal Block (BD Cluster - Unit 5),"Local Auto Stand & Bus Stop Corner, Near BD Block Sarbojanin Durgotsab, Salt Lake, Kolkata",22.589769,88.406538,3.1,Male / Female,No,BD Block Sarbojanin Durgotsab,569
Sulabh Sauchalaya Public Convenience (BJ Cluster - Unit 1),"Main Road Junction / Market Complex, Near BJ Block Saradotsav, Salt Lake, Kolkata",22.586062,88.418144,3.6,Both,Yes,BJ Block Saradotsav,197
KMC Smart Bio-Toilet E-Utility (BJ Cluster - Unit 2),"Pedestrian Footpath / Green Verge, Near BJ Block Saradotsav, Salt Lake, Kolkata",22.584372,88.419978,4.1,Both,Yes,BJ Block Saradotsav,221
SBM Public Utility Toilet Block (BJ Cluster - Unit 3),"Borough Service Station & Community Hall, Near BJ Block Saradotsav, Salt Lake, Kolkata",22.581547,88.417733,3.4,Both,Yes,BJ Block Saradotsav,308
KMC Community Pay & Use Facility (BJ Cluster - Unit 4),"Bazaar Lane & Vegetable Market Approach, Near BJ Block Saradotsav, Salt Lake, Kolkata",22.584368,88.414067,2.9,Male / Female,No,BJ Block Saradotsav,386
KMC Smart Bio-Toilet E-Utility (FD Cluster - Unit 1),"Pedestrian Footpath / Green Verge, Near FD Block Durga Puja, Salt Lake, Kolkata",22.577937,88.41158,3.9,Both,Yes,FD Block Durga Puja,160
Metro Station Concourse Public Restroom (FD Cluster - Unit 2),"Metro Station Exit Gate / Sub-surface Area, Near FD Block Durga Puja, Salt Lake, Kolkata",22.576955,88.414055,3.9,Both,Yes,FD Block Durga Puja,295
KMC Community Pay & Use Facility (FD Cluster - Unit 3),"Bazaar Lane & Vegetable Market Approach, Near FD Block Durga Puja, Salt Lake, Kolkata",22.573204,88.413064,3.0,Male / Female,No,FD Block Durga Puja,416
She-Toilet / Pink Booth Public Restroom (FD Cluster - Unit 4),"Women's Public Restroom Hub / High Street Corner, Near FD Block Durga Puja, Salt Lake, Kolkata",22.572902,88.407806,4.6,Female,Yes,FD Block Durga Puja,535
SBM Public Utility Toilet Block (FD Cluster - Unit 5),"Borough Service Station & Community Hall, Near FD Block Durga Puja, Salt Lake, Kolkata",22.57935,88.405909,3.5,Both,Yes,FD Block Durga Puja,629
Metro Station Concourse Public Restroom (HB Cluster - Unit 1),"Metro Station Exit Gate / Sub-surface Area, Near HB Block Durga Puja, Salt Lake, Kolkata",22.583238,88.416181,4.3,Both,Yes,HB Block Durga Puja,137
Sulabh Sauchalaya Public Convenience (HB Cluster - Unit 2),"Main Road Junction / Market Complex, Near HB Block Durga Puja, Salt Lake, Kolkata",22.58294,88.417695,3.3,Both,Yes,HB Block Durga Puja,200
KMC Community Pay & Use Facility (HB Cluster - Unit 3),"Bazaar Lane & Vegetable Market Approach, Near HB Block Durga Puja, Salt Lake, Kolkata",22.579855,88.41894,3.4,Male / Female,No,HB Block Durga Puja,384
KMC Smart Bio-Toilet E-Utility (HB Cluster - Unit 4),"Pedestrian Footpath / Green Verge, Near HB Block Durga Puja, Salt Lake, Kolkata",22.578208,88.412494,3.7,Both,Yes,HB Block Durga Puja,557
KMC Public Convenience & Urinal Block (HB Cluster - Unit 5),"Local Auto Stand & Bus Stop Corner, Near HB Block Durga Puja, Salt Lake, Kolkata",22.58475,88.410706,2.7,Male / Female,No,HB Block Durga Puja,625
Metro Station Concourse Public Restroom (EC Cluster - Unit 1),"Metro Station Exit Gate / Sub-surface Area, Near EC Block Durga Puja, Salt Lake, Kolkata",22.582662,88.416684,4.0,Both,Yes,EC Block Durga Puja,150
KMC Community Pay & Use Facility (EC Cluster - Unit 2),"Bazaar Lane & Vegetable Market Approach, Near EC Block Durga Puja, Salt Lake, Kolkata",22.582255,88.419902,3.3,Male / Female,No,EC Block Durga Puja,373
KMC Public Convenience & Urinal Block (EC Cluster - Unit 3),"Local Auto Stand & Bus Stop Corner, Near EC Block Durga Puja, Salt Lake, Kolkata",22.578052,88.419185,2.9,Male / Female,No,EC Block Durga Puja,463
She-Toilet / Pink Booth Public Restroom (EC Cluster - Unit 4),"Women's Public Restroom Hub / High Street Corner, Near EC Block Durga Puja, Salt Lake, Kolkata",22.576687,88.413637,4.2,Female,Yes,EC Block Durga Puja,590
KMC Smart Bio-Toilet E-Utility (EC Cluster - Unit 5),"Pedestrian Footpath / Green Verge, Near EC Block Durga Puja, Salt Lake, Kolkata",22.584126,88.410539,4.1,Both,Yes,EC Block Durga Puja,678
KMC Smart Bio-Toilet E-Utility (EE Cluster - Unit 1),"Pedestrian Footpath / Green Verge, Near EE Block Durga Puja, Salt Lake, Kolkata",22.581915,88.41614,3.7,Both,Yes,EE Block Durga Puja,147
SBM Public Utility Toilet Block (EE Cluster - Unit 2),"Borough Service Station & Community Hall, Near EE Block Durga Puja, Salt Lake, Kolkata",22.581547,88.417206,3.3,Both,Yes,EE Block Durga Puja,181
Metro Station Concourse Public Restroom (EE Cluster - Unit 3),"Metro Station Exit Gate / Sub-surface Area, Near EE Block Durga Puja, Salt Lake, Kolkata",22.579252,88.417205,4.4,Both,Yes,EE Block Durga Puja,216
KMC Public Convenience & Urinal Block (EE Cluster - Unit 4),"Local Auto Stand & Bus Stop Corner, Near EE Block Durga Puja, Salt Lake, Kolkata",22.578915,88.414499,3.1,Male / Female,No,EE Block Durga Puja,230
KMC Pay & Use Public Toilet Complex (EE Cluster - Unit 5),"Near Municipal Park / Ward Health Unit, Near EE Block Durga Puja, Salt Lake, Kolkata",22.582629,88.412314,3.9,Both,Yes,EE Block Durga Puja,415
SBM Public Utility Toilet Block (Salt Cluster - Unit 1),"Borough Service Station & Community Hall, Near Salt Lake Labony Estate Durga Puja, Salt Lake, Kolkata",22.586114,88.413901,3.1,Both,Yes,Salt Lake Labony Estate Durga Puja,123
KMC Pay & Use Public Toilet Complex (Salt Cluster - Unit 2),"Near Municipal Park / Ward Health Unit, Near Salt Lake Labony Estate Durga Puja, Salt Lake, Kolkata",22.585949,88.416305,3.8,Both,Yes,Salt Lake Labony Estate Durga Puja,256
KMC Community Pay & Use Facility (Salt Cluster - Unit 3),"Bazaar Lane & Vegetable Market Approach, Near Salt Lake Labony Estate Durga Puja, Salt Lake, Kolkata",22.581869,88.415589,2.9,Male / Female,No,Salt Lake Labony Estate Durga Puja,385
She-Toilet / Pink Booth Public Restroom (Salt Cluster - Unit 4),"Women's Public Restroom Hub / High Street Corner, Near Salt Lake Labony Estate Durga Puja, Salt Lake, Kolkata",22.582535,88.410709,4.5,Female,Yes,Salt Lake Labony Estate Durga Puja,438
Metro Station Concourse Public Restroom (Salt Cluster - Unit 5),"Metro Station Exit Gate / Sub-surface Area, Near Salt Lake Labony Estate Durga Puja, Salt Lake, Kolkata",22.586706,88.40964,4.3,Both,Yes,Salt Lake Labony Estate Durga Puja,488
SBM Public Utility Toilet Block (Behala Cluster - Unit 1),"Borough Service Station & Community Hall, Near Behala Nutan Dal Durga Puja, Behala, Kolkata",22.493106,88.317392,3.1,Both,Yes,Behala Nutan Dal Durga Puja,460
Metro Station Concourse Public Restroom (Behala Cluster - Unit 2),"Metro Station Exit Gate / Sub-surface Area, Near Behala Nutan Dal Durga Puja, Behala, Kolkata",22.488448,88.322781,4.3,Both,Yes,Behala Nutan Dal Durga Puja,493
KMC Community Pay & Use Facility (Behala Cluster - Unit 3),"Bazaar Lane & Vegetable Market Approach, Near Behala Nutan Dal Durga Puja, Behala, Kolkata",22.484425,88.318779,2.9,Male / Female,No,Behala Nutan Dal Durga Puja,516
KMC Smart Bio-Toilet E-Utility (Behala Cluster - Unit 4),"Pedestrian Footpath / Green Verge, Near Behala Nutan Dal Durga Puja, Behala, Kolkata",22.487728,88.312602,4.1,Both,Yes,Behala Nutan Dal Durga Puja,575
KMC Public Convenience & Urinal Block (Behala Cluster - Unit 1),"Local Auto Stand & Bus Stop Corner, Near Behala Friends Durga Puja, Behala, Kolkata",22.495193,88.316741,3.0,Male / Female,No,Behala Friends Durga Puja,253
KMC Smart Bio-Toilet E-Utility (Behala Cluster - Unit 2),"Pedestrian Footpath / Green Verge, Near Behala Friends Durga Puja, Behala, Kolkata",22.493725,88.319787,4.0,Both,Yes,Behala Friends Durga Puja,395
Sulabh Sauchalaya Public Convenience (Behala Cluster - Unit 3),"Main Road Junction / Market Complex, Near Behala Friends Durga Puja, Behala, Kolkata",22.488538,88.314622,3.7,Both,Yes,Behala Friends Durga Puja,518
KMC Pay & Use Public Toilet Complex (Behala Cluster - Unit 4),"Near Municipal Park / Ward Health Unit, Near Behala Friends Durga Puja, Behala, Kolkata",22.494331,88.309808,3.4,Both,Yes,Behala Friends Durga Puja,655
She-Toilet / Pink Booth Public Restroom (Behala Cluster - Unit 1),"Women's Public Restroom Hub / High Street Corner, Near Behala Club Durga Puja, Behala, Kolkata",22.494743,88.317116,4.5,Female,Yes,Behala Club Durga Puja,277
Sulabh Sauchalaya Public Convenience (Behala Cluster - Unit 2),"Main Road Junction / Market Complex, Near Behala Club Durga Puja, Behala, Kolkata",22.492449,88.319813,3.6,Both,Yes,Behala Club Durga Puja,350
KMC Public Convenience & Urinal Block (Behala Cluster - Unit 3),"Local Auto Stand & Bus Stop Corner, Near Behala Club Durga Puja, Behala, Kolkata",22.488518,88.315635,2.8,Male / Female,No,Behala Club Durga Puja,432
KMC Smart Bio-Toilet E-Utility (Behala Cluster - Unit 4),"Pedestrian Footpath / Green Verge, Near Behala Club Durga Puja, Behala, Kolkata",22.491546,88.310683,3.8,Both,Yes,Behala Club Durga Puja,595
Metro Station Concourse Public Restroom (Behala Cluster - Unit 1),"Metro Station Exit Gate / Sub-surface Area, Near Behala Young Men's Association Durga Puja, Behala, Kolkata",22.492951,88.315322,4.4,Both,Yes,Behala Young Men's Association Durga Puja,151
SBM Public Utility Toilet Block (Behala Cluster - Unit 2),"Borough Service Station & Community Hall, Near Behala Young Men's Association Durga Puja, Behala, Kolkata",22.491836,88.318398,3.2,Both,Yes,Behala Young Men's Association Durga Puja,275
Sulabh Sauchalaya Public Convenience (Behala Cluster - Unit 3),"Main Road Junction / Market Complex, Near Behala Young Men's Association Durga Puja, Behala, Kolkata",22.489616,88.318086,3.5,Both,Yes,Behala Young Men's Association Durga Puja,331
KMC Public Convenience & Urinal Block (Behala Cluster - Unit 4),"Local Auto Stand & Bus Stop Corner, Near Behala Young Men's Association Durga Puja, Behala, Kolkata",22.489018,88.312896,3.2,Male / Female,No,Behala Young Men's Association Durga Puja,413
KMC Smart Bio-Toilet E-Utility (Behala Cluster - Unit 5),"Pedestrian Footpath / Green Verge, Near Behala Young Men's Association Durga Puja, Behala, Kolkata",22.493783,88.311789,4.1,Both,Yes,Behala Young Men's Association Durga Puja,470
SBM Public Utility Toilet Block (Barisha Cluster - Unit 1),"Borough Service Station & Community Hall, Near Barisha Club Durga Puja, Behala, Kolkata",22.483614,88.312153,3.6,Both,Yes,Barisha Club Durga Puja,166
KMC Community Pay & Use Facility (Barisha Cluster - Unit 2),"Bazaar Lane & Vegetable Market Approach, Near Barisha Club Durga Puja, Behala, Kolkata",22.482406,88.313623,3.1,Male / Female,No,Barisha Club Durga Puja,166
Sulabh Sauchalaya Public Convenience (Barisha Cluster - Unit 3),"Main Road Junction / Market Complex, Near Barisha Club Durga Puja, Behala, Kolkata",22.480473,88.311579,3.3,Both,Yes,Barisha Club Durga Puja,189
KMC Pay & Use Public Toilet Complex (Barisha Cluster - Unit 4),"Near Municipal Park / Ward Health Unit, Near Barisha Club Durga Puja, Behala, Kolkata",22.48097,88.30599,3.5,Both,Yes,Barisha Club Durga Puja,634
Sulabh Sauchalaya Public Convenience (Barisha Cluster - Unit 1),"Main Road Junction / Market Complex, Near Barisha Janakalyan Sangha Durga Puja, Behala, Kolkata",22.481704,88.308685,3.3,Both,Yes,Barisha Janakalyan Sangha Durga Puja,191
KMC Smart Bio-Toilet E-Utility (Barisha Cluster - Unit 2),"Pedestrian Footpath / Green Verge, Near Barisha Janakalyan Sangha Durga Puja, Behala, Kolkata",22.479528,88.313467,3.6,Both,Yes,Barisha Janakalyan Sangha Durga Puja,460
SBM Public Utility Toilet Block (Barisha Cluster - Unit 3),"Borough Service Station & Community Hall, Near Barisha Janakalyan Sangha Durga Puja, Behala, Kolkata",22.4745,88.309148,3.4,Both,Yes,Barisha Janakalyan Sangha Durga Puja,613
KMC Public Convenience & Urinal Block (Barisha Cluster - Unit 4),"Local Auto Stand & Bus Stop Corner, Near Barisha Janakalyan Sangha Durga Puja, Behala, Kolkata",22.47878,88.303167,2.9,Male / Female,No,Barisha Janakalyan Sangha Durga Puja,617
KMC Pay & Use Public Toilet Complex (Mudiali Cluster - Unit 1),"Near Municipal Park / Ward Health Unit, Near Mudiali Club Durga Puja, South Kolkata, Kolkata",22.514688,88.349972,3.5,Both,Yes,Mudiali Club Durga Puja,135
KMC Smart Bio-Toilet E-Utility (Mudiali Cluster - Unit 2),"Pedestrian Footpath / Green Verge, Near Mudiali Club Durga Puja, South Kolkata, Kolkata",22.514376,88.350967,3.8,Both,Yes,Mudiali Club Durga Puja,167
KMC Community Pay & Use Facility (Mudiali Cluster - Unit 3),"Bazaar Lane & Vegetable Market Approach, Near Mudiali Club Durga Puja, South Kolkata, Kolkata",22.512142,88.350839,3.0,Male / Female,No,Mudiali Club Durga Puja,196
She-Toilet / Pink Booth Public Restroom (Mudiali Cluster - Unit 4),"Women's Public Restroom Hub / High Street Corner, Near Mudiali Club Durga Puja, South Kolkata, Kolkata",22.510886,88.346878,4.5,Female,Yes,Mudiali Club Durga Puja,407
KMC Public Convenience & Urinal Block (Mudiali Cluster - Unit 5),"Local Auto Stand & Bus Stop Corner, Near Mudiali Club Durga Puja, South Kolkata, Kolkata",22.515027,88.343612,2.8,Male / Female,No,Mudiali Club Durga Puja,641
Metro Station Concourse Public Restroom (Hazra Cluster - Unit 1),"Metro Station Exit Gate / Sub-surface Area, Near Hazra Park Sarbojanin Durga Puja, South Kolkata, Kolkata",22.52602,88.345807,4.2,Both,Yes,Hazra Park Sarbojanin Durga Puja,224
SBM Public Utility Toilet Block (Hazra Cluster - Unit 2),"Borough Service Station & Community Hall, Near Hazra Park Sarbojanin Durga Puja, South Kolkata, Kolkata",22.524429,88.348696,3.3,Both,Yes,Hazra Park Sarbojanin Durga Puja,278
Sulabh Sauchalaya Public Convenience (Hazra Cluster - Unit 3),"Main Road Junction / Market Complex, Near Hazra Park Sarbojanin Durga Puja, South Kolkata, Kolkata",22.521564,88.349082,3.4,Both,Yes,Hazra Park Sarbojanin Durga Puja,416
KMC Public Convenience & Urinal Block (Hazra Cluster - Unit 4),"Local Auto Stand & Bus Stop Corner, Near Hazra Park Sarbojanin Durga Puja, South Kolkata, Kolkata",22.520072,88.343297,3.1,Male / Female,No,Hazra Park Sarbojanin Durga Puja,520
KMC Smart Bio-Toilet E-Utility (Hazra Cluster - Unit 5),"Pedestrian Footpath / Green Verge, Near Hazra Park Sarbojanin Durga Puja, South Kolkata, Kolkata",22.526906,88.341092,3.9,Both,Yes,Hazra Park Sarbojanin Durga Puja,600
SBM Public Utility Toilet Block (Bosepukur Cluster - Unit 1),"Borough Service Station & Community Hall, Near Bosepukur Sitala Mandir Durga Puja, South Kolkata, Kolkata",22.516617,88.384057,3.1,Both,Yes,Bosepukur Sitala Mandir Durga Puja,124
Metro Station Concourse Public Restroom (Bosepukur Cluster - Unit 2),"Metro Station Exit Gate / Sub-surface Area, Near Bosepukur Sitala Mandir Durga Puja, South Kolkata, Kolkata",22.516025,88.385992,4.1,Both,Yes,Bosepukur Sitala Mandir Durga Puja,189
Sulabh Sauchalaya Public Convenience (Bosepukur Cluster - Unit 3),"Main Road Junction / Market Complex, Near Bosepukur Sitala Mandir Durga Puja, South Kolkata, Kolkata",22.512519,88.386033,3.4,Both,Yes,Bosepukur Sitala Mandir Durga Puja,381
KMC Pay & Use Public Toilet Complex (Bosepukur Cluster - Unit 4),"Near Municipal Park / Ward Health Unit, Near Bosepukur Sitala Mandir Durga Puja, South Kolkata, Kolkata",22.511095,88.381475,3.9,Both,Yes,Bosepukur Sitala Mandir Durga Puja,567
KMC Community Pay & Use Facility (Bosepukur Cluster - Unit 5),"Bazaar Lane & Vegetable Market Approach, Near Bosepukur Sitala Mandir Durga Puja, South Kolkata, Kolkata",22.51721,88.378669,3.0,Male / Female,No,Bosepukur Sitala Mandir Durga Puja,602
KMC Smart Bio-Toilet E-Utility (Rajdanga Cluster - Unit 1),"Pedestrian Footpath / Green Verge, Near Rajdanga Naba Udayan Sangha Durga Puja, South Kolkata, Kolkata",22.513753,88.388553,3.7,Both,Yes,Rajdanga Naba Udayan Sangha Durga Puja,309
SBM Public Utility Toilet Block (Rajdanga Cluster - Unit 2),"Borough Service Station & Community Hall, Near Rajdanga Naba Udayan Sangha Durga Puja, South Kolkata, Kolkata",22.510925,88.394083,3.3,Both,Yes,Rajdanga Naba Udayan Sangha Durga Puja,520
Sulabh Sauchalaya Public Convenience (Rajdanga Cluster - Unit 3),"Main Road Junction / Market Complex, Near Rajdanga Naba Udayan Sangha Durga Puja, South Kolkata, Kolkata",22.505693,88.388775,3.5,Both,Yes,Rajdanga Naba Udayan Sangha Durga Puja,592
Metro Station Concourse Public Restroom (Rajdanga Cluster - Unit 4),"Metro Station Exit Gate / Sub-surface Area, Near Rajdanga Naba Udayan Sangha Durga Puja, South Kolkata, Kolkata",22.512301,88.38282,4.3,Both,Yes,Rajdanga Naba Udayan Sangha Durga Puja,653
KMC Pay & Use Public Toilet Complex (Shibmandir Cluster - Unit 1),"Near Municipal Park / Ward Health Unit, Near Shibmandir Durga Puja, South Kolkata, Kolkata",22.516572,88.350581,3.7,Both,Yes,Shibmandir Durga Puja,151
KMC Community Pay & Use Facility (Shibmandir Cluster - Unit 2),"Bazaar Lane & Vegetable Market Approach, Near Shibmandir Durga Puja, South Kolkata, Kolkata",22.515905,88.355311,3.0,Male / Female,No,Shibmandir Durga Puja,465
Sulabh Sauchalaya Public Convenience (Shibmandir Cluster - Unit 3),"Main Road Junction / Market Complex, Near Shibmandir Durga Puja, South Kolkata, Kolkata",22.511855,88.353735,3.4,Both,Yes,Shibmandir Durga Puja,479
Metro Station Concourse Public Restroom (Shibmandir Cluster - Unit 4),"Metro Station Exit Gate / Sub-surface Area, Near Shibmandir Durga Puja, South Kolkata, Kolkata",22.510274,88.348398,4.2,Both,Yes,Shibmandir Durga Puja,606
KMC Public Convenience & Urinal Block (Shibmandir Cluster - Unit 5),"Local Auto Stand & Bus Stop Corner, Near Shibmandir Durga Puja, South Kolkata, Kolkata",22.517268,88.345068,2.7,Male / Female,No,Shibmandir Durga Puja,635
