pandal_id,pandal_name,eatery_name,clean_name,cuisine_type,distance_m,distance_km,budget_for_two_inr,best_recommended_item,eatery_latitude,eatery_longitude
1,Ahiritola Jubak Brinda Durga Puja,Mitra Cafe (Near Ahiritola Jubak Brinda Durga Puja),Mitra Cafe,Historic Cabin / Bengali Snacks,650,0.65,350,Fish Kabiraji & Mutton Brain Chop,22.597186,88.364476
1,Ahiritola Jubak Brinda Durga Puja,Nobin Chandra Das Sweets (Near Ahiritola Jubak Brinda Durga Puja),Nobin Chandra Das Sweets,Sweet Shop,860,0.86,200,Abar Khaobo & Traditional Rosogolla,22.592744,88.350745
2,Amherst Sarbojanin Durgotsab,Bhooter Raja Dilo Bor (Near Amherst Sarbojanin Durgotsab),Bhooter Raja Dilo Bor,Traditional Bengali Dining,530,0.53,850,"Thali (Bhat, Sukto, Ilish, Mangsho)",22.587998,88.370208
2,Amherst Sarbojanin Durgotsab,Putiram Sweets (Near Amherst Sarbojanin Durgotsab),Putiram Sweets,Traditional Bengali Breakfast,630,0.63,150,Radhaballabhi with Cholar Dal,22.579445,88.36368
3,Aswiningar Sarbojanin Durgotsav,Nobin Chandra Das Sweets (Near Aswiningar Sarbojanin Durgotsav),Nobin Chandra Das Sweets,Sweet Shop,840,0.84,200,Abar Khaobo & Traditional Rosogolla,22.605588,88.369083
3,Aswiningar Sarbojanin Durgotsav,Aheli Express (Near Aswiningar Sarbojanin Durgotsav),Aheli Express,Bengali Fine Fast,730,0.73,700,Macher Paturi & Chingri Malai Curry,22.611071,88.372116
4,Baghbazar Palli Puja O Pradarshani,Haji Biryani (Near Baghbazar Palli Puja O Pradarshani),Haji Biryani,Mughlai,590,0.59,400,Awadhi Mutton Biryani,22.598628,88.368972
4,Baghbazar Palli Puja O Pradarshani,Das Cabin (Near Baghbazar Palli Puja O Pradarshani),Das Cabin,Cabin Snacks,650,0.65,250,Mutton Moglai & Kobiraji,22.604616,88.372464
5,Bandhudal Durgotsob,Golbari (New Punjabi Hotel) (Near Bandhudal Durgotsob),Golbari (New Punjabi Hotel),Iconic Mughlai / Bengali,560,0.56,450,Kosha Mangsho & Roomali Roti,22.606724,88.357076
5,Bandhudal Durgotsob,Das Cabin (Near Bandhudal Durgotsob),Das Cabin,Cabin Snacks,800,0.8,250,Mutton Moglai & Kobiraji,22.606354,88.354246
5,Bandhudal Durgotsob,Putiram Sweets (Near Bandhudal Durgotsob),Putiram Sweets,Traditional Bengali Breakfast,860,0.86,150,Radhaballabhi with Cholar Dal,22.596235,88.359646
6,Beadon Street Sarbojanin Durgotsav,Golbari (New Punjabi Hotel) (Near Beadon Street Sarbojanin Durgotsav),Golbari (New Punjabi Hotel),Iconic Mughlai / Bengali,900,0.9,450,Kosha Mangsho & Roomali Roti,22.605638,88.365809
6,Beadon Street Sarbojanin Durgotsav,Allen Kitchen (Near Beadon Street Sarbojanin Durgotsav),Allen Kitchen,Heritage Cabin,920,0.92,400,Prawn Cutlet (pure ghee fried),22.604266,88.367563
6,Beadon Street Sarbojanin Durgotsav,Chittaranjan Mistanna Bhandar (Near Beadon Street Sarbojanin Durgotsav),Chittaranjan Mistanna Bhandar,Heritage Sweet Shop,840,0.84,180,White Rosogolla & Mishti Doi,22.618907,88.374066
7,Belgachia Sadharan Durgotsab,Haji Biryani (Near Belgachia Sadharan Durgotsab),Haji Biryani,Mughlai,970,0.97,400,Awadhi Mutton Biryani,22.600802,88.374477
7,Belgachia Sadharan Durgotsab,Chittaranjan Mistanna Bhandar (Near Belgachia Sadharan Durgotsab),Chittaranjan Mistanna Bhandar,Heritage Sweet Shop,920,0.92,180,White Rosogolla & Mishti Doi,22.589342,88.388046
8,Belgachia Yuba Sammilani Durga Puja,Aheli Express (Near Belgachia Yuba Sammilani Durga Puja),Aheli Express,Bengali Fine Fast,590,0.59,700,Macher Paturi & Chingri Malai Curry,22.599956,88.372675
8,Belgachia Yuba Sammilani Durga Puja,Basanta Cabin (Near Belgachia Yuba Sammilani Durga Puja),Basanta Cabin,Heritage Cabin,830,0.83,220,Mughlai Paratha & Alur Dom,22.600996,88.360436
8,Belgachia Yuba Sammilani Durga Puja,Paramount Sherbets & Syrups (Near Belgachia Yuba Sammilani Durga Puja),Paramount Sherbets & Syrups,Heritage Beverage Cabin,830,0.83,220,Daab Sharbat & Cocoa Malai,22.609997,88.371648
9,Bhagabati Park Durga Puja Committee,Allen Kitchen (Near Bhagabati Park Durga Puja Committee),Allen Kitchen,Heritage Cabin,630,0.63,400,Prawn Cutlet (pure ghee fried),22.605474,88.379763
9,Bhagabati Park Durga Puja Committee,Nobin Chandra Das Sweets (Near Bhagabati Park Durga Puja Committee),Nobin Chandra Das Sweets,Sweet Shop,640,0.64,200,Abar Khaobo & Traditional Rosogolla,22.616176,88.375509
10,Bharatiya Tarun Sangha Durga Puja,Aheli Express (Near Bharatiya Tarun Sangha Durga Puja),Aheli Express,Bengali Fine Fast,910,0.91,700,Macher Paturi & Chingri Malai Curry,22.596161,88.355798
10,Bharatiya Tarun Sangha Durga Puja,Paramount Sherbets & Syrups (Near Bharatiya Tarun Sangha Durga Puja),Paramount Sherbets & Syrups,Heritage Beverage Cabin,630,0.63,220,Daab Sharbat & Cocoa Malai,22.600405,88.365762
11,Brindaban Matri Mandir Durga Puja,Putiram Sweets (Near Brindaban Matri Mandir Durga Puja),Putiram Sweets,Traditional Bengali Breakfast,620,0.62,150,Radhaballabhi with Cholar Dal,22.607895,88.372594
11,Brindaban Matri Mandir Durga Puja,Chittaranjan Mistanna Bhandar (Near Brindaban Matri Mandir Durga Puja),Chittaranjan Mistanna Bhandar,Heritage Sweet Shop,920,0.92,180,White Rosogolla & Mishti Doi,22.599356,88.382935
11,Brindaban Matri Mandir Durga Puja,Golbari (New Punjabi Hotel) (Near Brindaban Matri Mandir Durga Puja),Golbari (New Punjabi Hotel),Iconic Mughlai / Bengali,820,0.82,450,Kosha Mangsho & Roomali Roti,22.596767,88.379577
12,Calcutta Youth Forum,Girish Chandra Dey & Nakur Chandra Nandy (Near Calcutta Youth Forum),Girish Chandra Dey & Nakur Chandra Nandy,Heritage Sweet Shop,630,0.63,200,Jolbhora Sandesh & Chocolate Sandesh,22.605133,88.358628
12,Calcutta Youth Forum,Chittaranjan Mistanna Bhandar (Near Calcutta Youth Forum),Chittaranjan Mistanna Bhandar,Heritage Sweet Shop,640,0.64,180,White Rosogolla & Mishti Doi,22.605422,88.357778
12,Calcutta Youth Forum,Das Cabin (Near Calcutta Youth Forum),Das Cabin,Cabin Snacks,930,0.93,250,Mutton Moglai & Kobiraji,22.603626,88.366281
13,Campbagan Sadharan Durgotsav,Girish Chandra Dey & Nakur Chandra Nandy (Near Campbagan Sadharan Durgotsav),Girish Chandra Dey & Nakur Chandra Nandy,Heritage Sweet Shop,750,0.75,200,Jolbhora Sandesh & Chocolate Sandesh,22.59448,88.36383
13,Campbagan Sadharan Durgotsav,Allen Kitchen (Near Campbagan Sadharan Durgotsav),Allen Kitchen,Heritage Cabin,920,0.92,400,Prawn Cutlet (pure ghee fried),22.599004,88.378458
14,Chaltabagan Lohapatty Durga Puja,Haji Biryani (Near Chaltabagan Lohapatty Durga Puja),Haji Biryani,Mughlai,710,0.71,400,Awadhi Mutton Biryani,22.590039,88.372197
14,Chaltabagan Lohapatty Durga Puja,Aheli Express (Near Chaltabagan Lohapatty Durga Puja),Aheli Express,Bengali Fine Fast,700,0.7,700,Macher Paturi & Chingri Malai Curry,22.590452,88.369346
15,Chorebagan Sarbojanin Durgotsab Samity,Allen Kitchen (Near Chorebagan Sarbojanin Durgotsab Samity),Allen Kitchen,Heritage Cabin,830,0.83,400,Prawn Cutlet (pure ghee fried),22.61549,88.372847
15,Chorebagan Sarbojanin Durgotsab Samity,Basanta Cabin (Near Chorebagan Sarbojanin Durgotsab Samity),Basanta Cabin,Heritage Cabin,930,0.93,220,Mughlai Paratha & Alur Dom,22.609891,88.358473
15,Chorebagan Sarbojanin Durgotsab Samity,Mitra Cafe (Near Chorebagan Sarbojanin Durgotsab Samity),Mitra Cafe,Historic Cabin / Bengali Snacks,870,0.87,350,Fish Kabiraji & Mutton Brain Chop,22.605622,88.374666
16,Cossipore Shakti Sangha Durga Puja,Putiram Sweets (Near Cossipore Shakti Sangha Durga Puja),Putiram Sweets,Traditional Bengali Breakfast,520,0.52,150,Radhaballabhi with Cholar Dal,22.592792,88.372752
16,Cossipore Shakti Sangha Durga Puja,Girish Chandra Dey & Nakur Chandra Nandy (Near Cossipore Shakti Sangha Durga Puja),Girish Chandra Dey & Nakur Chandra Nandy,Heritage Sweet Shop,850,0.85,200,Jolbhora Sandesh & Chocolate Sandesh,22.60118,88.376281
16,Cossipore Shakti Sangha Durga Puja,Dilkhusa Cabin (Near Cossipore Shakti Sangha Durga Puja),Dilkhusa Cabin,Historic Cabin,870,0.87,250,Dimer Devil & Fish Roll,22.585753,88.377326
17,Dakshin Rabindrapally Sarbojanin Durga Puja,Basanta Cabin (Near Dakshin Rabindrapally Sarbojanin Durga Puja),Basanta Cabin,Heritage Cabin,660,0.66,220,Mughlai Paratha & Alur Dom,22.597588,88.359024
17,Dakshin Rabindrapally Sarbojanin Durga Puja,Aheli Express (Near Dakshin Rabindrapally Sarbojanin Durga Puja),Aheli Express,Bengali Fine Fast,800,0.8,700,Macher Paturi & Chingri Malai Curry,22.605571,88.370323
18,Darjeepara Sarbojanin Durgotsab Samity,Allen Kitchen (Near Darjeepara Sarbojanin Durgotsab Samity),Allen Kitchen,Heritage Cabin,940,0.94,400,Prawn Cutlet (pure ghee fried),22.616622,88.369641
18,Darjeepara Sarbojanin Durgotsab Samity,Haji Biryani (Near Darjeepara Sarbojanin Durgotsab Samity),Haji Biryani,Mughlai,800,0.8,400,Awadhi Mutton Biryani,22.601996,88.37468
19,Deshbandhunagar Sarbojanin Durgotsab,Das Cabin (Near Deshbandhunagar Sarbojanin Durgotsab),Das Cabin,Cabin Snacks,920,0.92,250,Mutton Moglai & Kobiraji,22.618818,88.360312
19,Deshbandhunagar Sarbojanin Durgotsab,Paramount Sherbets & Syrups (Near Deshbandhunagar Sarbojanin Durgotsab),Paramount Sherbets & Syrups,Heritage Beverage Cabin,660,0.66,220,Daab Sharbat & Cocoa Malai,22.620312,88.370398
20,Dum Dum Park Bharat Chakra Durga Puja,Golbari (New Punjabi Hotel) (Near Dum Dum Park Bharat Chakra Durga Puja),Golbari (New Punjabi Hotel),Iconic Mughlai / Bengali,740,0.74,450,Kosha Mangsho & Roomali Roti,22.616581,88.402268
20,Dum Dum Park Bharat Chakra Durga Puja,Nobin Chandra Das Sweets (Near Dum Dum Park Bharat Chakra Durga Puja),Nobin Chandra Das Sweets,Sweet Shop,870,0.87,200,Abar Khaobo & Traditional Rosogolla,22.611294,88.39081
21,Dum Dum Park Sarbojanin Durga Puja,Aheli Express (Near Dum Dum Park Sarbojanin Durga Puja),Aheli Express,Bengali Fine Fast,960,0.96,700,Macher Paturi & Chingri Malai Curry,22.634737,88.396591
21,Dum Dum Park Sarbojanin Durga Puja,Dilkhusa Cabin (Near Dum Dum Park Sarbojanin Durga Puja),Dilkhusa Cabin,Historic Cabin,760,0.76,250,Dimer Devil & Fish Roll,22.624935,88.383953
22,Goabagan Sarodatsav Sammilani Durga Puja,Das Cabin (Near Goabagan Sarodatsav Sammilani Durga Puja),Das Cabin,Cabin Snacks,870,0.87,250,Mutton Moglai & Kobiraji,22.58951,88.359066
22,Goabagan Sarodatsav Sammilani Durga Puja,Allen Kitchen (Near Goabagan Sarodatsav Sammilani Durga Puja),Allen Kitchen,Heritage Cabin,850,0.85,400,Prawn Cutlet (pure ghee fried),22.586222,88.371837
23,Golaghata Sammilani Durga Puja,Dilkhusa Cabin (Near Golaghata Sammilani Durga Puja),Dilkhusa Cabin,Historic Cabin,580,0.58,250,Dimer Devil & Fish Roll,22.601064,88.382695
23,Golaghata Sammilani Durga Puja,Allen Kitchen (Near Golaghata Sammilani Durga Puja),Allen Kitchen,Heritage Cabin,680,0.68,400,Prawn Cutlet (pure ghee fried),22.595007,88.373637
23,Golaghata Sammilani Durga Puja,Das Cabin (Near Golaghata Sammilani Durga Puja),Das Cabin,Cabin Snacks,630,0.63,250,Mutton Moglai & Kobiraji,22.601294,88.383146
24,Grey Street Sarbojanin Durga Puja,Nobin Chandra Das Sweets (Near Grey Street Sarbojanin Durga Puja),Nobin Chandra Das Sweets,Sweet Shop,550,0.55,200,Abar Khaobo & Traditional Rosogolla,22.612547,88.365544
24,Grey Street Sarbojanin Durga Puja,Aheli Express (Near Grey Street Sarbojanin Durga Puja),Aheli Express,Bengali Fine Fast,530,0.53,700,Macher Paturi & Chingri Malai Curry,22.605692,88.367858
25,Halsibagan Sarbojanin Durgotsab,Chittaranjan Mistanna Bhandar (Near Halsibagan Sarbojanin Durgotsab),Chittaranjan Mistanna Bhandar,Heritage Sweet Shop,740,0.74,180,White Rosogolla & Mishti Doi,22.585333,88.371755
25,Halsibagan Sarbojanin Durgotsab,Aheli Express (Near Halsibagan Sarbojanin Durgotsab),Aheli Express,Bengali Fine Fast,850,0.85,700,Macher Paturi & Chingri Malai Curry,22.597505,88.367942
26,Hari Ghosh Street Sarbojanin,Arsalan (Near Hari Ghosh Street Sarbojanin),Arsalan,Mughlai,890,0.89,600,Mutton Biryani & Chicken Chaap,22.602589,88.367794
26,Hari Ghosh Street Sarbojanin,Haji Biryani (Near Hari Ghosh Street Sarbojanin),Haji Biryani,Mughlai,560,0.56,400,Awadhi Mutton Biryani,22.595048,88.362021
26,Hari Ghosh Street Sarbojanin,Dilkhusa Cabin (Near Hari Ghosh Street Sarbojanin),Dilkhusa Cabin,Historic Cabin,710,0.71,250,Dimer Devil & Fish Roll,22.593361,88.361155
27,Hatibagan Nabinpally Sarbojanin Durgotsav,Aheli Express (Near Hatibagan Nabinpally Sarbojanin Durgotsav),Aheli Express,Bengali Fine Fast,970,0.97,700,Macher Paturi & Chingri Malai Curry,22.61456,88.375395
27,Hatibagan Nabinpally Sarbojanin Durgotsav,Das Cabin (Near Hatibagan Nabinpally Sarbojanin Durgotsav),Das Cabin,Cabin Snacks,710,0.71,250,Mutton Moglai & Kobiraji,22.603995,88.375773
28,Jagat Mukherjee Park Durga Puja,Arsalan (Near Jagat Mukherjee Park Durga Puja),Arsalan,Mughlai,610,0.61,600,Mutton Biryani & Chicken Chaap,22.593002,88.364028
28,Jagat Mukherjee Park Durga Puja,Das Cabin (Near Jagat Mukherjee Park Durga Puja),Das Cabin,Cabin Snacks,710,0.71,250,Mutton Moglai & Kobiraji,22.597089,88.368943
29,Jokermath Sarbojonin Durga Puja,Basanta Cabin (Near Jokermath Sarbojonin Durga Puja),Basanta Cabin,Heritage Cabin,720,0.72,220,Mughlai Paratha & Alur Dom,22.609405,88.366963
29,Jokermath Sarbojonin Durga Puja,Golbari (New Punjabi Hotel) (Near Jokermath Sarbojonin Durga Puja),Golbari (New Punjabi Hotel),Iconic Mughlai / Bengali,770,0.77,450,Kosha Mangsho & Roomali Roti,22.611827,88.374665
30,Kailash Bose Street Durga Puja,Golbari (New Punjabi Hotel) (Near Kailash Bose Street Durga Puja),Golbari (New Punjabi Hotel),Iconic Mughlai / Bengali,910,0.91,450,Kosha Mangsho & Roomali Roti,22.593176,88.37317
30,Kailash Bose Street Durga Puja,Haji Biryani (Near Kailash Bose Street Durga Puja),Haji Biryani,Mughlai,740,0.74,400,Awadhi Mutton Biryani,22.590556,88.372526
31,Kankurgachi Sarbojanin Durgotsab,Das Cabin (Near Kankurgachi Sarbojanin Durgotsab),Das Cabin,Cabin Snacks,690,0.69,250,Mutton Moglai & Kobiraji,22.593037,88.375115
31,Kankurgachi Sarbojanin Durgotsab,Mitra Cafe (Near Kankurgachi Sarbojanin Durgotsab),Mitra Cafe,Historic Cabin / Bengali Snacks,640,0.64,350,Fish Kabiraji & Mutton Brain Chop,22.588053,88.369649
31,Kankurgachi Sarbojanin Durgotsab,Girish Chandra Dey & Nakur Chandra Nandy (Near Kankurgachi Sarbojanin Durgotsab),Girish Chandra Dey & Nakur Chandra Nandy,Heritage Sweet Shop,730,0.73,200,Jolbhora Sandesh & Chocolate Sandesh,22.580979,88.379037
32,Kashi Bose Lane Durga Puja Committee,Girish Chandra Dey & Nakur Chandra Nandy (Near Kashi Bose Lane Durga Puja Committee),Girish Chandra Dey & Nakur Chandra Nandy,Heritage Sweet Shop,620,0.62,200,Jolbhora Sandesh & Chocolate Sandesh,22.594467,88.37029
32,Kashi Bose Lane Durga Puja Committee,Arsalan (Near Kashi Bose Lane Durga Puja Committee),Arsalan,Mughlai,860,0.86,600,Mutton Biryani & Chicken Chaap,22.596448,88.37125
32,Kashi Bose Lane Durga Puja Committee,Chittaranjan Mistanna Bhandar (Near Kashi Bose Lane Durga Puja Committee),Chittaranjan Mistanna Bhandar,Heritage Sweet Shop,660,0.66,180,White Rosogolla & Mishti Doi,22.594909,88.370113
33,Kumartuli Park Sarbojanin Durgotsab Committee,Allen Kitchen (Near Kumartuli Park Sarbojanin Durgotsab Committee),Allen Kitchen,Heritage Cabin,590,0.59,400,Prawn Cutlet (pure ghee fried),22.604687,88.358745
33,Kumartuli Park Sarbojanin Durgotsab Committee,Basanta Cabin (Near Kumartuli Park Sarbojanin Durgotsab Committee),Basanta Cabin,Heritage Cabin,560,0.56,220,Mughlai Paratha & Alur Dom,22.601499,88.365157
33,Kumartuli Park Sarbojanin Durgotsab Committee,Das Cabin (Near Kumartuli Park Sarbojanin Durgotsab Committee),Das Cabin,Cabin Snacks,790,0.79,250,Mutton Moglai & Kobiraji,22.596277,88.353291
34,Kumartuli Sarbojanin Durgotsab,Putiram Sweets (Near Kumartuli Sarbojanin Durgotsab),Putiram Sweets,Traditional Bengali Breakfast,950,0.95,150,Radhaballabhi with Cholar Dal,22.591042,88.356615
34,Kumartuli Sarbojanin Durgotsab,Golbari (New Punjabi Hotel) (Near Kumartuli Sarbojanin Durgotsab),Golbari (New Punjabi Hotel),Iconic Mughlai / Bengali,790,0.79,450,Kosha Mangsho & Roomali Roti,22.605746,88.362434
35,Lake View Park Sarbojanin Durgotsav Samity,Putiram Sweets (Near Lake View Park Sarbojanin Durgotsav Samity),Putiram Sweets,Traditional Bengali Breakfast,790,0.79,150,Radhaballabhi with Cholar Dal,22.601174,88.369615
35,Lake View Park Sarbojanin Durgotsav Samity,Aheli Express (Near Lake View Park Sarbojanin Durgotsav Samity),Aheli Express,Bengali Fine Fast,950,0.95,700,Macher Paturi & Chingri Malai Curry,22.61068,88.379577
36,Mahalla Sarbojanin Durgautsab Samity,Arsalan (Near Mahalla Sarbojanin Durgautsab Samity),Arsalan,Mughlai,580,0.58,600,Mutton Biryani & Chicken Chaap,22.58881,88.352464
36,Mahalla Sarbojanin Durgautsab Samity,Chittaranjan Mistanna Bhandar (Near Mahalla Sarbojanin Durgautsab Samity),Chittaranjan Mistanna Bhandar,Heritage Sweet Shop,730,0.73,180,White Rosogolla & Mishti Doi,22.597968,88.35387
36,Mahalla Sarbojanin Durgautsab Samity,Putiram Sweets (Near Mahalla Sarbojanin Durgautsab Samity),Putiram Sweets,Traditional Bengali Breakfast,960,0.96,150,Radhaballabhi with Cholar Dal,22.600589,88.357475
37,Mitali Kankurgachi Durga Puja,Golbari (New Punjabi Hotel) (Near Mitali Kankurgachi Durga Puja),Golbari (New Punjabi Hotel),Iconic Mughlai / Bengali,620,0.62,450,Kosha Mangsho & Roomali Roti,22.589299,88.373128
37,Mitali Kankurgachi Durga Puja,Allen Kitchen (Near Mitali Kankurgachi Durga Puja),Allen Kitchen,Heritage Cabin,950,0.95,400,Prawn Cutlet (pure ghee fried),22.596129,88.360832
38,Nalin Sarkar Street Sarbojanin Durgotsab,Paramount Sherbets & Syrups (Near Nalin Sarkar Street Sarbojanin Durgotsab),Paramount Sherbets & Syrups,Heritage Beverage Cabin,590,0.59,220,Daab Sharbat & Cocoa Malai,22.600292,88.372381
38,Nalin Sarkar Street Sarbojanin Durgotsab,Chittaranjan Mistanna Bhandar (Near Nalin Sarkar Street Sarbojanin Durgotsab),Chittaranjan Mistanna Bhandar,Heritage Sweet Shop,840,0.84,180,White Rosogolla & Mishti Doi,22.59181,88.372069
39,Nimtala Sarbojanin Durgotsab,Aheli Express (Near Nimtala Sarbojanin Durgotsab),Aheli Express,Bengali Fine Fast,780,0.78,700,Macher Paturi & Chingri Malai Curry,22.601849,88.352057
39,Nimtala Sarbojanin Durgotsab,Basanta Cabin (Near Nimtala Sarbojanin Durgotsab),Basanta Cabin,Heritage Cabin,570,0.57,220,Mughlai Paratha & Alur Dom,22.59915,88.351368
40,Sreebhumi Sporting Club Durga Puja,Golbari (New Punjabi Hotel) (Near Sreebhumi Sporting Club Durga Puja),Golbari (New Punjabi Hotel),Iconic Mughlai / Bengali,770,0.77,450,Kosha Mangsho & Roomali Roti,22.598748,88.405031
40,Sreebhumi Sporting Club Durga Puja,Das Cabin (Near Sreebhumi Sporting Club Durga Puja),Das Cabin,Cabin Snacks,800,0.8,250,Mutton Moglai & Kobiraji,22.598261,88.389988
40,Sreebhumi Sporting Club Durga Puja,Nobin Chandra Das Sweets (Near Sreebhumi Sporting Club Durga Puja),Nobin Chandra Das Sweets,Sweet Shop,610,0.61,200,Abar Khaobo & Traditional Rosogolla,22.596055,88.393179
41,Tala Barowari Durgotsab,Allen Kitchen (Near Tala Barowari Durgotsab),Allen Kitchen,Heritage Cabin,940,0.94,400,Prawn Cutlet (pure ghee fried),22.612339,88.367705
41,Tala Barowari Durgotsab,Dilkhusa Cabin (Near Tala Barowari Durgotsab),Dilkhusa Cabin,Historic Cabin,560,0.56,250,Dimer Devil & Fish Roll,22.60302,88.377751
41,Tala Barowari Durgotsab,Chittaranjan Mistanna Bhandar (Near Tala Barowari Durgotsab),Chittaranjan Mistanna Bhandar,Heritage Sweet Shop,650,0.65,180,White Rosogolla & Mishti Doi,22.613389,88.375375
42,Tala Dakshin Pally Durgotsav Committee,Aheli Express (Near Tala Dakshin Pally Durgotsav Committee),Aheli Express,Bengali Fine Fast,590,0.59,700,Macher Paturi & Chingri Malai Curry,22.60184,88.377664
42,Tala Dakshin Pally Durgotsav Committee,Chittaranjan Mistanna Bhandar (Near Tala Dakshin Pally Durgotsav Committee),Chittaranjan Mistanna Bhandar,Heritage Sweet Shop,840,0.84,180,White Rosogolla & Mishti Doi,22.599776,88.37256
43,Tala Park 15 Pally Durga Puja,Golbari (New Punjabi Hotel) (Near Tala Park 15 Pally Durga Puja),Golbari (New Punjabi Hotel),Iconic Mughlai / Bengali,940,0.94,450,Kosha Mangsho & Roomali Roti,22.59899,88.37235
43,Tala Park 15 Pally Durga Puja,Nobin Chandra Das Sweets (Near Tala Park 15 Pally Durga Puja),Nobin Chandra Das Sweets,Sweet Shop,900,0.9,200,Abar Khaobo & Traditional Rosogolla,22.600075,88.370594
44,Telengabagan Sarbojanin Durgotsab,Putiram Sweets (Near Telengabagan Sarbojanin Durgotsab),Putiram Sweets,Traditional Bengali Breakfast,540,0.54,150,Radhaballabhi with Cholar Dal,22.58999,88.386072
44,Telengabagan Sarbojanin Durgotsab,Girish Chandra Dey & Nakur Chandra Nandy (Near Telengabagan Sarbojanin Durgotsab),Girish Chandra Dey & Nakur Chandra Nandy,Heritage Sweet Shop,960,0.96,200,Jolbhora Sandesh & Chocolate Sandesh,22.601673,88.380516
45,Ultadanga Jagarani Sangha Durga Puja,Das Cabin (Near Ultadanga Jagarani Sangha Durga Puja),Das Cabin,Cabin Snacks,620,0.62,250,Mutton Moglai & Kobiraji,22.592551,88.388544
45,Ultadanga Jagarani Sangha Durga Puja,Paramount Sherbets & Syrups (Near Ultadanga Jagarani Sangha Durga Puja),Paramount Sherbets & Syrups,Heritage Beverage Cabin,570,0.57,220,Daab Sharbat & Cocoa Malai,22.593504,88.377065
46,Ultadanga Pallyshree Durga Puja,Bhooter Raja Dilo Bor (Near Ultadanga Pallyshree Durga Puja),Bhooter Raja Dilo Bor,Traditional Bengali Dining,950,0.95,850,"Thali (Bhat, Sukto, Ilish, Mangsho)",22.593527,88.391045
46,Ultadanga Pallyshree Durga Puja,Nobin Chandra Das Sweets (Near Ultadanga Pallyshree Durga Puja),Nobin Chandra Das Sweets,Sweet Shop,590,0.59,200,Abar Khaobo & Traditional Rosogolla,22.594457,88.376373
46,Ultadanga Pallyshree Durga Puja,Girish Chandra Dey & Nakur Chandra Nandy (Near Ultadanga Pallyshree Durga Puja),Girish Chandra Dey & Nakur Chandra Nandy,Heritage Sweet Shop,600,0.6,200,Jolbhora Sandesh & Chocolate Sandesh,22.588189,88.384891
47,Ultadanga Sangrami Durga Puja,Nobin Chandra Das Sweets (Near Ultadanga Sangrami Durga Puja),Nobin Chandra Das Sweets,Sweet Shop,880,0.88,200,Abar Khaobo & Traditional Rosogolla,22.58628,88.386722
47,Ultadanga Sangrami Durga Puja,Paramount Sherbets & Syrups (Near Ultadanga Sangrami Durga Puja),Paramount Sherbets & Syrups,Heritage Beverage Cabin,830,0.83,220,Daab Sharbat & Cocoa Malai,22.592341,88.374172
48,Young Citizens Club Durga Puja,Chittaranjan Mistanna Bhandar (Near Young Citizens Club Durga Puja),Chittaranjan Mistanna Bhandar,Heritage Sweet Shop,880,0.88,180,White Rosogolla & Mishti Doi,22.604815,88.377813
48,Young Citizens Club Durga Puja,Girish Chandra Dey & Nakur Chandra Nandy (Near Young Citizens Club Durga Puja),Girish Chandra Dey & Nakur Chandra Nandy,Heritage Sweet Shop,920,0.92,200,Jolbhora Sandesh & Chocolate Sandesh,22.60387,88.365486
49,21 Pally Sarbojanin Durgotsab Samiti,Campari (Near 21 Pally Sarbojanin Durgotsab Samiti),Campari,Snack & Cutlet Joint,680,0.68,250,Fish Fry with Kasundi & Mutton Roll,22.530649,88.343049
49,21 Pally Sarbojanin Durgotsab Samiti,Koshe Kosha (Near 21 Pally Sarbojanin Durgotsab Samiti),Koshe Kosha,Authentic Bengali,920,0.92,700,Kosha Mangsho with Luchi,22.529421,88.357841
50,22 Palli Sarodotsav,Roastery Coffee House (Near 22 Palli Sarodotsav),Roastery Coffee House,Cafe & Continental,650,0.65,800,Cranberry Cold Brew & Mac and Cheese,22.532662,88.352083
50,22 Palli Sarodotsav,Bhojohori Manna (Near 22 Palli Sarodotsav),Bhojohori Manna,Traditional Bengali,880,0.88,750,"Ilish Bhapa, Kosha Mangsho & Basanti Pulao",22.52261,88.356299
51,25 Pally Durga Puja,Bhojohori Manna (Near 25 Pally Durga Puja),Bhojohori Manna,Traditional Bengali,920,0.92,750,"Ilish Bhapa, Kosha Mangsho & Basanti Pulao",22.526059,88.357659
51,25 Pally Durga Puja,6 Ballygunge Place (Near 25 Pally Durga Puja),6 Ballygunge Place,Heritage Bengali,790,0.79,1100,Dab Chingri & Kosha Mangsho,22.533751,88.347941
51,25 Pally Durga Puja,Kasturi Restaurant (Near 25 Pally Durga Puja),Kasturi Restaurant,Dhakai Bangladeshi Bengali,540,0.54,650,Kochu Pata Diye Chingri Bhapa & Dhakai Mangsho,22.522633,88.345739
52,64 Pally Durgotsab Committee,Bhojohori Manna (Near 64 Pally Durgotsab Committee),Bhojohori Manna,Traditional Bengali,970,0.97,750,"Ilish Bhapa, Kosha Mangsho & Basanti Pulao",22.527569,88.35329
52,64 Pally Durgotsab Committee,Ganguram Sweets (Near 64 Pally Durgotsab Committee),Ganguram Sweets,Sweet Corner,930,0.93,180,Mishti Doi & Kesar Radhaballavi,22.524104,88.355434
52,64 Pally Durgotsab Committee,Saptapadi (Near 64 Pally Durgotsab Committee),Saptapadi,Bengali Fusion,540,0.54,800,Kacha Lonka Mangsho & Pulao Thali,22.516517,88.349076
53,66 Pally Sarbojanin Durgotsab Committee,The Yellow Turtle (Near 66 Pally Sarbojanin Durgotsab Committee),The Yellow Turtle,Pan-Asian,550,0.55,850,Dim Sums & Hakka Noodles,22.51816,88.342343
53,66 Pally Sarbojanin Durgotsab Committee,Ganguram Sweets (Near 66 Pally Sarbojanin Durgotsab Committee),Ganguram Sweets,Sweet Corner,670,0.67,180,Mishti Doi & Kesar Radhaballavi,22.518344,88.352931
54,70 Pally Sarbojanin Durga Puja,Saptapadi (Near 70 Pally Sarbojanin Durga Puja),Saptapadi,Bengali Fusion,830,0.83,800,Kacha Lonka Mangsho & Pulao Thali,22.517977,88.353476
54,70 Pally Sarbojanin Durga Puja,Chowman (Near 70 Pally Sarbojanin Durga Puja),Chowman,Chinese,840,0.84,700,Kolkata Style Chilli Chicken & Fried Rice,22.514277,88.343573
55,95 Pally Jodhpur Park Durga Puja,Ganguram Sweets (Near 95 Pally Jodhpur Park Durga Puja),Ganguram Sweets,Sweet Corner,830,0.83,180,Mishti Doi & Kesar Radhaballavi,22.508962,88.360395
55,95 Pally Jodhpur Park Durga Puja,Roastery Coffee House (Near 95 Pally Jodhpur Park Durga Puja),Roastery Coffee House,Cafe & Continental,800,0.8,800,Cranberry Cold Brew & Mac and Cheese,22.500535,88.372407
56,Abasar Sarbojanin Durgotsab Committee,Saptapadi (Near Abasar Sarbojanin Durgotsab Committee),Saptapadi,Bengali Fusion,620,0.62,800,Kacha Lonka Mangsho & Pulao Thali,22.526283,88.339134
56,Abasar Sarbojanin Durgotsab Committee,Chowman (Near Abasar Sarbojanin Durgotsab Committee),Chowman,Chinese,800,0.8,700,Kolkata Style Chilli Chicken & Fried Rice,22.521861,88.352004
57,Abasorika Durgotsav Committee,Koshe Kosha (Near Abasorika Durgotsav Committee),Koshe Kosha,Authentic Bengali,740,0.74,700,Kosha Mangsho with Luchi,22.529755,88.341247
57,Abasorika Durgotsav Committee,Campari (Near Abasorika Durgotsav Committee),Campari,Snack & Cutlet Joint,890,0.89,250,Fish Fry with Kasundi & Mutton Roll,22.528203,88.353011
57,Abasorika Durgotsav Committee,Bar-B-Q (Near Abasorika Durgotsav Committee),Bar-B-Q,Classic Chinese,560,0.56,1200,Peking Duck & Crispy Chilli Pork,22.519271,88.344906
58,Adi Ballygunge Sarbojanin Durga Puja,Balaram Mullick & Radharaman Mullick (Near Adi Ballygunge Sarbojanin Durga Puja),Balaram Mullick & Radharaman Mullick,Iconic Mishti,660,0.66,250,Baked Rosogolla & Mango Sandesh,22.5239,88.356995
58,Adi Ballygunge Sarbojanin Durga Puja,Bijoli Grill (Near Adi Ballygunge Sarbojanin Durga Puja),Bijoli Grill,Bengali Seafood & Snacks,590,0.59,500,Bhetki Fish Batter Fry & Prawn Cutlet,22.526935,88.364655
58,Adi Ballygunge Sarbojanin Durga Puja,Bhojohori Manna (Near Adi Ballygunge Sarbojanin Durga Puja),Bhojohori Manna,Traditional Bengali,970,0.97,750,"Ilish Bhapa, Kosha Mangsho & Basanti Pulao",22.515109,88.356941
59,Adi Dakshin Kalikata Barowari Samittee,Koshe Kosha (Near Adi Dakshin Kalikata Barowari Samittee),Koshe Kosha,Authentic Bengali,930,0.93,700,Kosha Mangsho with Luchi,22.511567,88.339883
59,Adi Dakshin Kalikata Barowari Samittee,Ganguram Sweets (Near Adi Dakshin Kalikata Barowari Samittee),Ganguram Sweets,Sweet Corner,850,0.85,180,Mishti Doi & Kesar Radhaballavi,22.513312,88.349529
60,Agradut Udaya Sangha Durga Puja,Bijoli Grill (Near Agradut Udaya Sangha Durga Puja),Bijoli Grill,Bengali Seafood & Snacks,840,0.84,500,Bhetki Fish Batter Fry & Prawn Cutlet,22.524245,88.339311
60,Agradut Udaya Sangha Durga Puja,Arsalan (Near Agradut Udaya Sangha Durga Puja),Arsalan,Mughlai,920,0.92,750,Mutton Special Biryani & Firni,22.524569,88.338515
60,Agradut Udaya Sangha Durga Puja,Bhojohori Manna (Near Agradut Udaya Sangha Durga Puja),Bhojohori Manna,Traditional Bengali,880,0.88,750,"Ilish Bhapa, Kosha Mangsho & Basanti Pulao",22.51986,88.352806
61,Arunodaya Adhibashi Brinder Durga Puja,Kasturi Restaurant (Near Arunodaya Adhibashi Brinder Durga Puja),Kasturi Restaurant,Dhakai Bangladeshi Bengali,910,0.91,650,Kochu Pata Diye Chingri Bhapa & Dhakai Mangsho,22.50971,88.346125
61,Arunodaya Adhibashi Brinder Durga Puja,Bijoli Grill (Near Arunodaya Adhibashi Brinder Durga Puja),Bijoli Grill,Bengali Seafood & Snacks,890,0.89,500,Bhetki Fish Batter Fry & Prawn Cutlet,22.51365,88.336214
61,Arunodaya Adhibashi Brinder Durga Puja,Koshe Kosha (Near Arunodaya Adhibashi Brinder Durga Puja),Koshe Kosha,Authentic Bengali,970,0.97,700,Kosha Mangsho with Luchi,22.510393,88.33841
62,Babu Bagan Durga Puja,Chowman (Near Babu Bagan Durga Puja),Chowman,Chinese,940,0.94,700,Kolkata Style Chilli Chicken & Fried Rice,22.495997,88.37007
62,Babu Bagan Durga Puja,Ganguram Sweets (Near Babu Bagan Durga Puja),Ganguram Sweets,Sweet Corner,590,0.59,180,Mishti Doi & Kesar Radhaballavi,22.507452,88.362637
62,Babu Bagan Durga Puja,Banana Leaf (Near Babu Bagan Durga Puja),Banana Leaf,South Indian,730,0.73,350,Ghee Roast Masala Dosa & Filter Coffee,22.504086,88.359925
63,Badamtala Ashar Sangha Durga Puja,Chowman (Near Badamtala Ashar Sangha Durga Puja),Chowman,Chinese,630,0.63,700,Kolkata Style Chilli Chicken & Fried Rice,22.515127,88.350072
63,Badamtala Ashar Sangha Durga Puja,Banana Leaf (Near Badamtala Ashar Sangha Durga Puja),Banana Leaf,South Indian,850,0.85,350,Ghee Roast Masala Dosa & Filter Coffee,22.521171,88.356039
63,Badamtala Ashar Sangha Durga Puja,Bhojohori Manna (Near Badamtala Ashar Sangha Durga Puja),Bhojohori Manna,Traditional Bengali,670,0.67,750,"Ilish Bhapa, Kosha Mangsho & Basanti Pulao",22.525164,88.343755
64,Baghajatin B and C Block Durgotsav Committee,Arsalan (Near Baghajatin B and C Block Durgotsav Committee),Arsalan,Mughlai,630,0.63,750,Mutton Special Biryani & Firni,22.483047,88.363274
64,Baghajatin B and C Block Durgotsav Committee,Chowman (Near Baghajatin B and C Block Durgotsav Committee),Chowman,Chinese,840,0.84,700,Kolkata Style Chilli Chicken & Fried Rice,22.491998,88.37223
65,Baghajatin Tarun Sangha Durgotsav,Bhojohori Manna (Near Baghajatin Tarun Sangha Durgotsav),Bhojohori Manna,Traditional Bengali,550,0.55,750,"Ilish Bhapa, Kosha Mangsho & Basanti Pulao",22.486809,88.364774
65,Baghajatin Tarun Sangha Durgotsav,Koshe Kosha (Near Baghajatin Tarun Sangha Durgotsav),Koshe Kosha,Authentic Bengali,700,0.7,700,Kosha Mangsho with Luchi,22.485119,88.362659
65,Baghajatin Tarun Sangha Durgotsav,Campari (Near Baghajatin Tarun Sangha Durgotsav),Campari,Snack & Cutlet Joint,970,0.97,250,Fish Fry with Kasundi & Mutton Roll,22.492951,88.370555
66,Baishnabghata Paschimpara Sarbojanin Durgotsab,Banana Leaf (Near Baishnabghata Paschimpara Sarbojanin Durgotsab),Banana Leaf,South Indian,660,0.66,350,Ghee Roast Masala Dosa & Filter Coffee,22.471413,88.375113
66,Baishnabghata Paschimpara Sarbojanin Durgotsab,6 Ballygunge Place (Near Baishnabghata Paschimpara Sarbojanin Durgotsab),6 Ballygunge Place,Heritage Bengali,930,0.93,1100,Dab Chingri & Kosha Mangsho,22.480326,88.363262
66,Baishnabghata Paschimpara Sarbojanin Durgotsab,Bedwin (Near Baishnabghata Paschimpara Sarbojanin Durgotsab),Bedwin,Fast Food Roll Corner,770,0.77,200,Kathi Chicken Egg Roll,22.475341,88.363572
67,Ballygunge Cultural Association Durga Puja,Banana Leaf (Near Ballygunge Cultural Association Durga Puja),Banana Leaf,South Indian,650,0.65,350,Ghee Roast Masala Dosa & Filter Coffee,22.513968,88.364581
67,Ballygunge Cultural Association Durga Puja,Bijoli Grill (Near Ballygunge Cultural Association Durga Puja),Bijoli Grill,Bengali Seafood & Snacks,700,0.7,500,Bhetki Fish Batter Fry & Prawn Cutlet,22.516734,88.35807
68,Ballygunge Pally Sarbojanin Durgotsab Committee,Bedwin (Near Ballygunge Pally Sarbojanin Durgotsab Committee),Bedwin,Fast Food Roll Corner,580,0.58,200,Kathi Chicken Egg Roll,22.515373,88.360515
68,Ballygunge Pally Sarbojanin Durgotsab Committee,Koshe Kosha (Near Ballygunge Pally Sarbojanin Durgotsab Committee),Koshe Kosha,Authentic Bengali,530,0.53,700,Kosha Mangsho with Luchi,22.515376,88.367618
68,Ballygunge Pally Sarbojanin Durgotsab Committee,Banana Leaf (Near Ballygunge Pally Sarbojanin Durgotsab Committee),Banana Leaf,South Indian,780,0.78,350,Ghee Roast Masala Dosa & Filter Coffee,22.526097,88.365719
69,Bansdroni Sammilita Sarbojanin Durgotsab Committee,Arsalan (Near Bansdroni Sammilita Sarbojanin Durgotsab Committee),Arsalan,Mughlai,540,0.54,750,Mutton Special Biryani & Firni,22.464471,88.364638
69,Bansdroni Sammilita Sarbojanin Durgotsab Committee,Koshe Kosha (Near Bansdroni Sammilita Sarbojanin Durgotsab Committee),Koshe Kosha,Authentic Bengali,620,0.62,700,Kosha Mangsho with Luchi,22.465409,88.366361
69,Bansdroni Sammilita Sarbojanin Durgotsab Committee,Balaram Mullick & Radharaman Mullick (Near Bansdroni Sammilita Sarbojanin Durgotsab Committee),Balaram Mullick & Radharaman Mullick,Iconic Mishti,870,0.87,250,Baked Rosogolla & Mango Sandesh,22.462306,88.366846
70,Bediadanga Sarbojanin Durgotsav Committee,Bar-B-Q (Near Bediadanga Sarbojanin Durgotsav Committee),Bar-B-Q,Classic Chinese,530,0.53,1200,Peking Duck & Crispy Chilli Pork,22.506365,88.37976
70,Bediadanga Sarbojanin Durgotsav Committee,Balaram Mullick & Radharaman Mullick (Near Bediadanga Sarbojanin Durgotsav Committee),Balaram Mullick & Radharaman Mullick,Iconic Mishti,980,0.98,250,Baked Rosogolla & Mango Sandesh,22.505804,88.388734
70,Bediadanga Sarbojanin Durgotsav Committee,Bijoli Grill (Near Bediadanga Sarbojanin Durgotsav Committee),Bijoli Grill,Bengali Seafood & Snacks,820,0.82,500,Bhetki Fish Batter Fry & Prawn Cutlet,22.512458,88.373202
71,Beltala Sarbojanin Durgotsab,6 Ballygunge Place (Near Beltala Sarbojanin Durgotsab),6 Ballygunge Place,Heritage Bengali,610,0.61,1100,Dab Chingri & Kosha Mangsho,22.532484,88.347781
71,Beltala Sarbojanin Durgotsab,Bijoli Grill (Near Beltala Sarbojanin Durgotsab),Bijoli Grill,Bengali Seafood & Snacks,590,0.59,500,Bhetki Fish Batter Fry & Prawn Cutlet,22.530756,88.351111
72,Bengal United Club Durga Puja,Campari (Near Bengal United Club Durga Puja),Campari,Snack & Cutlet Joint,840,0.84,250,Fish Fry with Kasundi & Mutton Roll,22.527139,88.339289
72,Bengal United Club Durga Puja,Koshe Kosha (Near Bengal United Club Durga Puja),Koshe Kosha,Authentic Bengali,600,0.6,700,Kosha Mangsho with Luchi,22.522094,88.343771
73,Bhawanipore Mahapuja Samity,Bedwin (Near Bhawanipore Mahapuja Samity),Bedwin,Fast Food Roll Corner,570,0.57,200,Kathi Chicken Egg Roll,22.5401,88.348914
73,Bhawanipore Mahapuja Samity,Saptapadi (Near Bhawanipore Mahapuja Samity),Saptapadi,Bengali Fusion,660,0.66,800,Kacha Lonka Mangsho & Pulao Thali,22.532381,88.342261
74,Bhowanipore De Bari Durga Puja,Roastery Coffee House (Near Bhowanipore De Bari Durga Puja),Roastery Coffee House,Cafe & Continental,790,0.79,800,Cranberry Cold Brew & Mac and Cheese,22.537798,88.341692
74,Bhowanipore De Bari Durga Puja,Campari (Near Bhowanipore De Bari Durga Puja),Campari,Snack & Cutlet Joint,630,0.63,250,Fish Fry with Kasundi & Mutton Roll,22.532478,88.342619
74,Bhowanipore De Bari Durga Puja,Kasturi Restaurant (Near Bhowanipore De Bari Durga Puja),Kasturi Restaurant,Dhakai Bangladeshi Bengali,660,0.66,650,Kochu Pata Diye Chingri Bhapa & Dhakai Mangsho,22.531938,88.342533
75,Bhowanipore Mitra Bari Durga Puja,Kasturi Restaurant (Near Bhowanipore Mitra Bari Durga Puja),Kasturi Restaurant,Dhakai Bangladeshi Bengali,770,0.77,650,Kochu Pata Diye Chingri Bhapa & Dhakai Mangsho,22.52997,88.341373
75,Bhowanipore Mitra Bari Durga Puja,The Yellow Turtle (Near Bhowanipore Mitra Bari Durga Puja),The Yellow Turtle,Pan-Asian,550,0.55,850,Dim Sums & Hakka Noodles,22.53066,88.343456
76,Bhowanipur 75 Palli Durga Puja,Ganguram Sweets (Near Bhowanipur 75 Palli Durga Puja),Ganguram Sweets,Sweet Corner,570,0.57,180,Mishti Doi & Kesar Radhaballavi,22.537011,88.345671
76,Bhowanipur 75 Palli Durga Puja,Banana Leaf (Near Bhowanipur 75 Palli Durga Puja),Banana Leaf,South Indian,810,0.81,350,Ghee Roast Masala Dosa & Filter Coffee,22.535489,88.340089
77,Bhowanipur Muktadal Durga Puja,Ganguram Sweets (Near Bhowanipur Muktadal Durga Puja),Ganguram Sweets,Sweet Corner,860,0.86,180,Mishti Doi & Kesar Radhaballavi,22.538929,88.345612
77,Bhowanipur Muktadal Durga Puja,Bedwin (Near Bhowanipur Muktadal Durga Puja),Bedwin,Fast Food Roll Corner,640,0.64,200,Kathi Chicken Egg Roll,22.533404,88.341599
78,Bhowanipur Ritwik Club Durga Puja Committee,Koshe Kosha (Near Bhowanipur Ritwik Club Durga Puja Committee),Koshe Kosha,Authentic Bengali,860,0.86,700,Kosha Mangsho with Luchi,22.529748,88.355042
78,Bhowanipur Ritwik Club Durga Puja Committee,Ganguram Sweets (Near Bhowanipur Ritwik Club Durga Puja Committee),Ganguram Sweets,Sweet Corner,910,0.91,180,Mishti Doi & Kesar Radhaballavi,22.534643,88.338998
78,Bhowanipur Ritwik Club Durga Puja Committee,Banana Leaf (Near Bhowanipur Ritwik Club Durga Puja Committee),Banana Leaf,South Indian,560,0.56,350,Ghee Roast Masala Dosa & Filter Coffee,22.534372,88.343047
79,Bhowanipur Sarbojanin Durgotsav,Koshe Kosha (Near Bhowanipur Sarbojanin Durgotsav),Koshe Kosha,Authentic Bengali,670,0.67,700,Kosha Mangsho with Luchi,22.522957,88.346256
79,Bhowanipur Sarbojanin Durgotsav,Roastery Coffee House (Near Bhowanipur Sarbojanin Durgotsav),Roastery Coffee House,Cafe & Continental,670,0.67,800,Cranberry Cold Brew & Mac and Cheese,22.522971,88.346532
80,Bhowanipur Students Club Sarbojanin Durga Puja,Bar-B-Q (Near Bhowanipur Students Club Sarbojanin Durga Puja),Bar-B-Q,Classic Chinese,920,0.92,1200,Peking Duck & Crispy Chilli Pork,22.525822,88.337882
80,Bhowanipur Students Club Sarbojanin Durga Puja,Bhojohori Manna (Near Bhowanipur Students Club Sarbojanin Durga Puja),Bhojohori Manna,Traditional Bengali,650,0.65,750,"Ilish Bhapa, Kosha Mangsho & Basanti Pulao",22.5342,88.346815
80,Bhowanipur Students Club Sarbojanin Durga Puja,Arsalan (Near Bhowanipur Students Club Sarbojanin Durga Puja),Arsalan,Mughlai,960,0.96,750,Mutton Special Biryani & Firni,22.53579,88.351195
81,Bhowanipur Swadhin Sangha Durga Puja,Banana Leaf (Near Bhowanipur Swadhin Sangha Durga Puja),Banana Leaf,South Indian,740,0.74,350,Ghee Roast Masala Dosa & Filter Coffee,22.526056,88.338743
81,Bhowanipur Swadhin Sangha Durga Puja,Bijoli Grill (Near Bhowanipur Swadhin Sangha Durga Puja),Bijoli Grill,Bengali Seafood & Snacks,730,0.73,500,Bhetki Fish Batter Fry & Prawn Cutlet,22.534208,88.346502
81,Bhowanipur Swadhin Sangha Durga Puja,The Yellow Turtle (Near Bhowanipur Swadhin Sangha Durga Puja),The Yellow Turtle,Pan-Asian,660,0.66,850,Dim Sums & Hakka Noodles,22.522721,88.349362
82,Bhowanipur Udayan Club Durga Puja,Saptapadi (Near Bhowanipur Udayan Club Durga Puja),Saptapadi,Bengali Fusion,740,0.74,800,Kacha Lonka Mangsho & Pulao Thali,22.519446,88.343634
82,Bhowanipur Udayan Club Durga Puja,The Yellow Turtle (Near Bhowanipur Udayan Club Durga Puja),The Yellow Turtle,Pan-Asian,720,0.72,850,Dim Sums & Hakka Noodles,22.525846,88.338023
83,Chetla Agrani Club Durga Puja,The Yellow Turtle (Near Chetla Agrani Club Durga Puja),The Yellow Turtle,Pan-Asian,660,0.66,850,Dim Sums & Hakka Noodles,22.522962,88.345582
83,Chetla Agrani Club Durga Puja,Koshe Kosha (Near Chetla Agrani Club Durga Puja),Koshe Kosha,Authentic Bengali,850,0.85,700,Kosha Mangsho with Luchi,22.519157,88.346787
83,Chetla Agrani Club Durga Puja,Arsalan (Near Chetla Agrani Club Durga Puja),Arsalan,Mughlai,860,0.86,750,Mutton Special Biryani & Firni,22.529644,88.336671
84,Chetla Sarbasadharaner Durgotsab,Campari (Near Chetla Sarbasadharaner Durgotsab),Campari,Snack & Cutlet Joint,860,0.86,250,Fish Fry with Kasundi & Mutton Roll,22.520223,88.347882
84,Chetla Sarbasadharaner Durgotsab,Chowman (Near Chetla Sarbasadharaner Durgotsab),Chowman,Chinese,790,0.79,700,Kolkata Style Chilli Chicken & Fried Rice,22.52197,88.331967
85,Dakshin Kolkata Sarbojanin Durgotsab,Oudh 1590 (Near Dakshin Kolkata Sarbojanin Durgotsab),Oudh 1590,Awadhi Dining,620,0.62,1000,Raan Biryani & Galawati Kebab,22.520417,88.354469
85,Dakshin Kolkata Sarbojanin Durgotsab,Campari (Near Dakshin Kolkata Sarbojanin Durgotsab),Campari,Snack & Cutlet Joint,530,0.53,250,Fish Fry with Kasundi & Mutton Roll,22.513329,88.347926
85,Dakshin Kolkata Sarbojanin Durgotsab,Arsalan (Near Dakshin Kolkata Sarbojanin Durgotsab),Arsalan,Mughlai,650,0.65,750,Mutton Special Biryani & Firni,22.523814,88.348007
86,Deshapriya Park Durga Puja,Arsalan (Near Deshapriya Park Durga Puja),Arsalan,Mughlai,920,0.92,750,Mutton Special Biryani & Firni,22.510688,88.350597
86,Deshapriya Park Durga Puja,Banana Leaf (Near Deshapriya Park Durga Puja),Banana Leaf,South Indian,740,0.74,350,Ghee Roast Masala Dosa & Filter Coffee,22.511893,88.357241
86,Deshapriya Park Durga Puja,Kasturi Restaurant (Near Deshapriya Park Durga Puja),Kasturi Restaurant,Dhakai Bangladeshi Bengali,600,0.6,650,Kochu Pata Diye Chingri Bhapa & Dhakai Mangsho,22.523269,88.356463
87,Dhakuria Pragati Sangha Durga Puja,Oudh 1590 (Near Dhakuria Pragati Sangha Durga Puja),Oudh 1590,Awadhi Dining,750,0.75,1000,Raan Biryani & Galawati Kebab,22.500008,88.36463
87,Dhakuria Pragati Sangha Durga Puja,Balaram Mullick & Radharaman Mullick (Near Dhakuria Pragati Sangha Durga Puja),Balaram Mullick & Radharaman Mullick,Iconic Mishti,840,0.84,250,Baked Rosogolla & Mango Sandesh,22.51041,88.374683
87,Dhakuria Pragati Sangha Durga Puja,Campari (Near Dhakuria Pragati Sangha Durga Puja),Campari,Snack & Cutlet Joint,890,0.89,250,Fish Fry with Kasundi & Mutton Roll,22.513653,88.365304
88,Dhakuria Sarbojanin Durgotsab,Bijoli Grill (Near Dhakuria Sarbojanin Durgotsab),Bijoli Grill,Bengali Seafood & Snacks,780,0.78,500,Bhetki Fish Batter Fry & Prawn Cutlet,22.499236,88.372225
88,Dhakuria Sarbojanin Durgotsab,Oudh 1590 (Near Dhakuria Sarbojanin Durgotsab),Oudh 1590,Awadhi Dining,790,0.79,1000,Raan Biryani & Galawati Kebab,22.500078,88.363209
89,Ekdalia Evergreen Club Durga Puja,Koshe Kosha (Near Ekdalia Evergreen Club Durga Puja),Koshe Kosha,Authentic Bengali,930,0.93,700,Kosha Mangsho with Luchi,22.526916,88.366374
89,Ekdalia Evergreen Club Durga Puja,Chowman (Near Ekdalia Evergreen Club Durga Puja),Chowman,Chinese,660,0.66,700,Kolkata Style Chilli Chicken & Fried Rice,22.514287,88.36251
89,Ekdalia Evergreen Club Durga Puja,Arsalan (Near Ekdalia Evergreen Club Durga Puja),Arsalan,Mughlai,800,0.8,750,Mutton Special Biryani & Firni,22.518162,88.359169
90,Falguni Sangha Durga Puja,Campari (Near Falguni Sangha Durga Puja),Campari,Snack & Cutlet Joint,820,0.82,250,Fish Fry with Kasundi & Mutton Roll,22.520101,88.363676
90,Falguni Sangha Durga Puja,Bar-B-Q (Near Falguni Sangha Durga Puja),Bar-B-Q,Classic Chinese,600,0.6,1200,Peking Duck & Crispy Chilli Pork,22.520846,88.359674
91,Garfa Sarbojanin Durgotsav,Ganguram Sweets (Near Garfa Sarbojanin Durgotsav),Ganguram Sweets,Sweet Corner,840,0.84,180,Mishti Doi & Kesar Radhaballavi,22.493551,88.376558
91,Garfa Sarbojanin Durgotsav,Koshe Kosha (Near Garfa Sarbojanin Durgotsav),Koshe Kosha,Authentic Bengali,540,0.54,700,Kosha Mangsho with Luchi,22.499854,88.380124
92,Golpark Sarbojanin Durgotsab Committee,Koshe Kosha (Near Golpark Sarbojanin Durgotsab Committee),Koshe Kosha,Authentic Bengali,630,0.63,700,Kosha Mangsho with Luchi,22.513492,88.369124
92,Golpark Sarbojanin Durgotsab Committee,Balaram Mullick & Radharaman Mullick (Near Golpark Sarbojanin Durgotsab Committee),Balaram Mullick & Radharaman Mullick,Iconic Mishti,880,0.88,250,Baked Rosogolla & Mango Sandesh,22.507287,88.358447
92,Golpark Sarbojanin Durgotsab Committee,Bhojohori Manna (Near Golpark Sarbojanin Durgotsab Committee),Bhojohori Manna,Traditional Bengali,890,0.89,750,"Ilish Bhapa, Kosha Mangsho & Basanti Pulao",22.516604,88.371217
93,Gopal Nagar Kalyan Sangha Durga Puja,Bijoli Grill (Near Gopal Nagar Kalyan Sangha Durga Puja),Bijoli Grill,Bengali Seafood & Snacks,940,0.94,500,Bhetki Fish Batter Fry & Prawn Cutlet,22.526949,88.325921
93,Gopal Nagar Kalyan Sangha Durga Puja,Arsalan (Near Gopal Nagar Kalyan Sangha Durga Puja),Arsalan,Mughlai,550,0.55,750,Mutton Special Biryani & Firni,22.525519,88.338643
94,Harish Park Sarbojanin Durgotsab Samity,Saptapadi (Near Harish Park Sarbojanin Durgotsab Samity),Saptapadi,Bengali Fusion,740,0.74,800,Kacha Lonka Mangsho & Pulao Thali,22.528781,88.355808
94,Harish Park Sarbojanin Durgotsab Samity,Koshe Kosha (Near Harish Park Sarbojanin Durgotsab Samity),Koshe Kosha,Authentic Bengali,710,0.71,700,Kosha Mangsho with Luchi,22.530117,88.355861
94,Harish Park Sarbojanin Durgotsab Samity,Kasturi Restaurant (Near Harish Park Sarbojanin Durgotsab Samity),Kasturi Restaurant,Dhakai Bangladeshi Bengali,770,0.77,650,Kochu Pata Diye Chingri Bhapa & Dhakai Mangsho,22.524574,88.351877
95,Hindustan Pally Durga Puja Committee,Ganguram Sweets (Near Hindustan Pally Durga Puja Committee),Ganguram Sweets,Sweet Corner,800,0.8,180,Mishti Doi & Kesar Radhaballavi,22.524152,88.362282
95,Hindustan Pally Durga Puja Committee,Bhojohori Manna (Near Hindustan Pally Durga Puja Committee),Bhojohori Manna,Traditional Bengali,630,0.63,750,"Ilish Bhapa, Kosha Mangsho & Basanti Pulao",22.514403,88.355577
96,Jubamaitry Kalighat Durga Puja,Bar-B-Q (Near Jubamaitry Kalighat Durga Puja),Bar-B-Q,Classic Chinese,870,0.87,1200,Peking Duck & Crispy Chilli Pork,22.524776,88.352777
96,Jubamaitry Kalighat Durga Puja,Kasturi Restaurant (Near Jubamaitry Kalighat Durga Puja),Kasturi Restaurant,Dhakai Bangladeshi Bengali,760,0.76,650,Kochu Pata Diye Chingri Bhapa & Dhakai Mangsho,22.514787,88.347858
97,Kalighat Nepal Bhattacharjee Street Club,Bedwin (Near Kalighat Nepal Bhattacharjee Street Club),Bedwin,Fast Food Roll Corner,890,0.89,200,Kathi Chicken Egg Roll,22.528431,88.34554
97,Kalighat Nepal Bhattacharjee Street Club,Ganguram Sweets (Near Kalighat Nepal Bhattacharjee Street Club),Ganguram Sweets,Sweet Corner,740,0.74,180,Mishti Doi & Kesar Radhaballavi,22.514921,88.351131
97,Kalighat Nepal Bhattacharjee Street Club,Bhojohori Manna (Near Kalighat Nepal Bhattacharjee Street Club),Bhojohori Manna,Traditional Bengali,670,0.67,750,"Ilish Bhapa, Kosha Mangsho & Basanti Pulao",22.525331,88.351192
98,Kasba R.K. Chatterjee Road Adhibasi Brinda Durga Puja,Bhojohori Manna (Near Kasba R.K. Chatterjee Road Adhibasi Brinda Durga Puja),Bhojohori Manna,Traditional Bengali,840,0.84,750,"Ilish Bhapa, Kosha Mangsho & Basanti Pulao",22.511205,88.391957
98,Kasba R.K. Chatterjee Road Adhibasi Brinda Durga Puja,Ganguram Sweets (Near Kasba R.K. Chatterjee Road Adhibasi Brinda Durga Puja),Ganguram Sweets,Sweet Corner,950,0.95,180,Mishti Doi & Kesar Radhaballavi,22.516353,88.375512
99,Kasba Renaissance Club,Koshe Kosha (Near Kasba Renaissance Club),Koshe Kosha,Authentic Bengali,660,0.66,700,Kosha Mangsho with Luchi,22.509682,88.390162
99,Kasba Renaissance Club,Balaram Mullick & Radharaman Mullick (Near Kasba Renaissance Club),Balaram Mullick & Radharaman Mullick,Iconic Mishti,970,0.97,250,Baked Rosogolla & Mango Sandesh,22.505104,88.389754
100,Kasba Shakti Sangha Pallybasi Durgotsav Samity,Koshe Kosha (Near Kasba Shakti Sangha Pallybasi Durgotsav Samity),Koshe Kosha,Authentic Bengali,540,0.54,700,Kosha Mangsho with Luchi,22.506794,88.383127
100,Kasba Shakti Sangha Pallybasi Durgotsav Samity,Ganguram Sweets (Near Kasba Shakti Sangha Pallybasi Durgotsav Samity),Ganguram Sweets,Sweet Corner,810,0.81,180,Mishti Doi & Kesar Radhaballavi,22.50432,88.383809
101,Ketopole Sammilani Durga Puja,Kasturi Restaurant (Near Ketopole Sammilani Durga Puja),Kasturi Restaurant,Dhakai Bangladeshi Bengali,770,0.77,650,Kochu Pata Diye Chingri Bhapa & Dhakai Mangsho,22.514269,88.334736
101,Ketopole Sammilani Durga Puja,Campari (Near Ketopole Sammilani Durga Puja),Campari,Snack & Cutlet Joint,720,0.72,250,Fish Fry with Kasundi & Mutton Roll,22.505932,88.331389
101,Ketopole Sammilani Durga Puja,Arsalan (Near Ketopole Sammilani Durga Puja),Arsalan,Mughlai,580,0.58,750,Mutton Special Biryani & Firni,22.513183,88.337076
102,Keyatala Pally Samity Durga Puja,Bedwin (Near Keyatala Pally Samity Durga Puja),Bedwin,Fast Food Roll Corner,770,0.77,200,Kathi Chicken Egg Roll,22.50642,88.357609
102,Keyatala Pally Samity Durga Puja,Saptapadi (Near Keyatala Pally Samity Durga Puja),Saptapadi,Bengali Fusion,560,0.56,800,Kacha Lonka Mangsho & Pulao Thali,22.51807,88.359758
103,Kheyali Sangha Durga Puja,Koshe Kosha (Near Kheyali Sangha Durga Puja),Koshe Kosha,Authentic Bengali,820,0.82,700,Kosha Mangsho with Luchi,22.516542,88.366978
103,Kheyali Sangha Durga Puja,Oudh 1590 (Near Kheyali Sangha Durga Puja),Oudh 1590,Awadhi Dining,950,0.95,1000,Raan Biryani & Galawati Kebab,22.5101,88.369332
104,Khidderpore Sarbojanin Durgotsab,Ganguram Sweets (Near Khidderpore Sarbojanin Durgotsab),Ganguram Sweets,Sweet Corner,630,0.63,180,Mishti Doi & Kesar Radhaballavi,22.532607,88.322083
104,Khidderpore Sarbojanin Durgotsab,Banana Leaf (Near Khidderpore Sarbojanin Durgotsab),Banana Leaf,South Indian,700,0.7,350,Ghee Roast Masala Dosa & Filter Coffee,22.543595,88.320813
104,Khidderpore Sarbojanin Durgotsab,Bijoli Grill (Near Khidderpore Sarbojanin Durgotsab),Bijoli Grill,Bengali Seafood & Snacks,750,0.75,500,Bhetki Fish Batter Fry & Prawn Cutlet,22.542937,88.319007
105,Khidderpur 75 Pally Sarbojanin Durgotsab Committee,Bar-B-Q (Near Khidderpur 75 Pally Sarbojanin Durgotsab Committee),Bar-B-Q,Classic Chinese,680,0.68,1200,Peking Duck & Crispy Chilli Pork,22.538778,88.317983
105,Khidderpur 75 Pally Sarbojanin Durgotsab Committee,Ganguram Sweets (Near Khidderpur 75 Pally Sarbojanin Durgotsab Committee),Ganguram Sweets,Sweet Corner,640,0.64,180,Mishti Doi & Kesar Radhaballavi,22.543121,88.324512
106,Kidderpore Jubaghosthi Durga Puja,Banana Leaf (Near Kidderpore Jubaghosthi Durga Puja),Banana Leaf,South Indian,770,0.77,350,Ghee Roast Masala Dosa & Filter Coffee,22.532726,88.329925
106,Kidderpore Jubaghosthi Durga Puja,Arsalan (Near Kidderpore Jubaghosthi Durga Puja),Arsalan,Mughlai,770,0.77,750,Mutton Special Biryani & Firni,22.529939,88.321716
106,Kidderpore Jubaghosthi Durga Puja,Bijoli Grill (Near Kidderpore Jubaghosthi Durga Puja),Bijoli Grill,Bengali Seafood & Snacks,730,0.73,500,Bhetki Fish Batter Fry & Prawn Cutlet,22.533768,88.330124
107,Kidderpore Pally Saradiya Durga Puja,Bijoli Grill (Near Kidderpore Pally Saradiya Durga Puja),Bijoli Grill,Bengali Seafood & Snacks,630,0.63,500,Bhetki Fish Batter Fry & Prawn Cutlet,22.535923,88.316975
107,Kidderpore Pally Saradiya Durga Puja,Roastery Coffee House (Near Kidderpore Pally Saradiya Durga Puja),Roastery Coffee House,Cafe & Continental,540,0.54,800,Cranberry Cold Brew & Mac and Cheese,22.53485,88.317774
108,Lake Gardens Peoples Association Durga Puja,Roastery Coffee House (Near Lake Gardens Peoples Association Durga Puja),Roastery Coffee House,Cafe & Continental,960,0.96,800,Cranberry Cold Brew & Mac and Cheese,22.513103,88.364675
108,Lake Gardens Peoples Association Durga Puja,Arsalan (Near Lake Gardens Peoples Association Durga Puja),Arsalan,Mughlai,960,0.96,750,Mutton Special Biryani & Firni,22.502734,88.366146
108,Lake Gardens Peoples Association Durga Puja,Bijoli Grill (Near Lake Gardens Peoples Association Durga Puja),Bijoli Grill,Bengali Seafood & Snacks,570,0.57,500,Bhetki Fish Batter Fry & Prawn Cutlet,22.509911,88.35344
109,Lake Youth Corner Durga Puja,Chowman (Near Lake Youth Corner Durga Puja),Chowman,Chinese,530,0.53,700,Kolkata Style Chilli Chicken & Fried Rice,22.509292,88.362467
109,Lake Youth Corner Durga Puja,Koshe Kosha (Near Lake Youth Corner Durga Puja),Koshe Kosha,Authentic Bengali,920,0.92,700,Kosha Mangsho with Luchi,22.514506,88.356733
110,Mahamayatala Sarbojanin Durgotsab,Banana Leaf (Near Mahamayatala Sarbojanin Durgotsab),Banana Leaf,South Indian,680,0.68,350,Ghee Roast Masala Dosa & Filter Coffee,22.451846,88.374837
110,Mahamayatala Sarbojanin Durgotsab,Bar-B-Q (Near Mahamayatala Sarbojanin Durgotsab),Bar-B-Q,Classic Chinese,820,0.82,1200,Peking Duck & Crispy Chilli Pork,22.458437,88.374627
111,Megacity Residents Puja Committee,Bhojohori Manna (Near Megacity Residents Puja Committee),Bhojohori Manna,Traditional Bengali,770,0.77,750,"Ilish Bhapa, Kosha Mangsho & Basanti Pulao",22.44586,88.379987
111,Megacity Residents Puja Committee,Banana Leaf (Near Megacity Residents Puja Committee),Banana Leaf,South Indian,630,0.63,350,Ghee Roast Masala Dosa & Filter Coffee,22.44873,88.379412
111,Megacity Residents Puja Committee,Ganguram Sweets (Near Megacity Residents Puja Committee),Ganguram Sweets,Sweet Corner,650,0.65,180,Mishti Doi & Kesar Radhaballavi,22.451841,88.391278
112,Mohila Mahal Club Durga Puja,Ganguram Sweets (Near Mohila Mahal Club Durga Puja),Ganguram Sweets,Sweet Corner,870,0.87,180,Mishti Doi & Kesar Radhaballavi,22.508764,88.346916
112,Mohila Mahal Club Durga Puja,Oudh 1590 (Near Mohila Mahal Club Durga Puja),Oudh 1590,Awadhi Dining,570,0.57,1000,Raan Biryani & Galawati Kebab,22.513598,88.359818
113,Monohar Pukur Baisakhi Sangha,6 Ballygunge Place (Near Monohar Pukur Baisakhi Sangha),6 Ballygunge Place,Heritage Bengali,890,0.89,1100,Dab Chingri & Kosha Mangsho,22.515846,88.365358
113,Monohar Pukur Baisakhi Sangha,Kasturi Restaurant (Near Monohar Pukur Baisakhi Sangha),Kasturi Restaurant,Dhakai Bangladeshi Bengali,690,0.69,650,Kochu Pata Diye Chingri Bhapa & Dhakai Mangsho,22.521819,88.36234
113,Monohar Pukur Baisakhi Sangha,Bedwin (Near Monohar Pukur Baisakhi Sangha),Bedwin,Fast Food Roll Corner,760,0.76,200,Kathi Chicken Egg Roll,22.51172,88.354048
114,Mudiali Club Sarbojanin Durga Puja,Bedwin (Near Mudiali Club Sarbojanin Durga Puja),Bedwin,Fast Food Roll Corner,560,0.56,200,Kathi Chicken Egg Roll,22.516998,88.345684
114,Mudiali Club Sarbojanin Durga Puja,Chowman (Near Mudiali Club Sarbojanin Durga Puja),Chowman,Chinese,810,0.81,700,Kolkata Style Chilli Chicken & Fried Rice,22.513934,88.357498
115,N.S.C. Sports Club Durga Puja,Bijoli Grill (Near N.S.C. Sports Club Durga Puja),Bijoli Grill,Bengali Seafood & Snacks,810,0.81,500,Bhetki Fish Batter Fry & Prawn Cutlet,22.502922,88.352002
115,N.S.C. Sports Club Durga Puja,Koshe Kosha (Near N.S.C. Sports Club Durga Puja),Koshe Kosha,Authentic Bengali,830,0.83,700,Kosha Mangsho with Luchi,22.516054,88.345234
116,Naktala Udayan Sangha Durga Puja,Saptapadi (Near Naktala Udayan Sangha Durga Puja),Saptapadi,Bengali Fusion,720,0.72,800,Kacha Lonka Mangsho & Pulao Thali,22.469033,88.370198
116,Naktala Udayan Sangha Durga Puja,Bedwin (Near Naktala Udayan Sangha Durga Puja),Bedwin,Fast Food Roll Corner,790,0.79,200,Kathi Chicken Egg Roll,22.468121,88.358538
116,Naktala Udayan Sangha Durga Puja,Kasturi Restaurant (Near Naktala Udayan Sangha Durga Puja),Kasturi Restaurant,Dhakai Bangladeshi Bengali,720,0.72,650,Kochu Pata Diye Chingri Bhapa & Dhakai Mangsho,22.472708,88.371422
117,Naskarpara Sarbojanin Durgotsav,Campari (Near Naskarpara Sarbojanin Durgotsav),Campari,Snack & Cutlet Joint,740,0.74,250,Fish Fry with Kasundi & Mutton Roll,22.469549,88.373193
117,Naskarpara Sarbojanin Durgotsav,Roastery Coffee House (Near Naskarpara Sarbojanin Durgotsav),Roastery Coffee House,Cafe & Continental,780,0.78,800,Cranberry Cold Brew & Mac and Cheese,22.462723,88.362589
117,Naskarpara Sarbojanin Durgotsav,Ganguram Sweets (Near Naskarpara Sarbojanin Durgotsav),Ganguram Sweets,Sweet Corner,980,0.98,180,Mishti Doi & Kesar Radhaballavi,22.466527,88.375168
118,New Alipore Suruchi Sangha Durga Puja,Bar-B-Q (Near New Alipore Suruchi Sangha Durga Puja),Bar-B-Q,Classic Chinese,920,0.92,1200,Peking Duck & Crispy Chilli Pork,22.518817,88.322018
118,New Alipore Suruchi Sangha Durga Puja,6 Ballygunge Place (Near New Alipore Suruchi Sangha Durga Puja),6 Ballygunge Place,Heritage Bengali,970,0.97,1100,Dab Chingri & Kosha Mangsho,22.52477,88.3258
118,New Alipore Suruchi Sangha Durga Puja,Saptapadi (Near New Alipore Suruchi Sangha Durga Puja),Saptapadi,Bengali Fusion,860,0.86,800,Kacha Lonka Mangsho & Pulao Thali,22.521213,88.323567
119,New Santoshpur Adi Durgotsab,Bijoli Grill (Near New Santoshpur Adi Durgotsab),Bijoli Grill,Bengali Seafood & Snacks,810,0.81,500,Bhetki Fish Batter Fry & Prawn Cutlet,22.4867,88.3726
119,New Santoshpur Adi Durgotsab,The Yellow Turtle (Near New Santoshpur Adi Durgotsab),The Yellow Turtle,Pan-Asian,830,0.83,850,Dim Sums & Hakka Noodles,22.490648,88.370087
119,New Santoshpur Adi Durgotsab,Oudh 1590 (Near New Santoshpur Adi Durgotsab),Oudh 1590,Awadhi Dining,820,0.82,1000,Raan Biryani & Galawati Kebab,22.49592,88.371247
120,Paddapukur Barwari Samity,Kasturi Restaurant (Near Paddapukur Barwari Samity),Kasturi Restaurant,Dhakai Bangladeshi Bengali,880,0.88,650,Kochu Pata Diye Chingri Bhapa & Dhakai Mangsho,22.540796,88.352804
120,Paddapukur Barwari Samity,Saptapadi (Near Paddapukur Barwari Samity),Saptapadi,Bengali Fusion,690,0.69,800,Kacha Lonka Mangsho & Pulao Thali,22.537243,88.355955
121,Paddapukur Youth Association Durga Puja,Bhojohori Manna (Near Paddapukur Youth Association Durga Puja),Bhojohori Manna,Traditional Bengali,610,0.61,750,"Ilish Bhapa, Kosha Mangsho & Basanti Pulao",22.533589,88.345635
121,Paddapukur Youth Association Durga Puja,Ganguram Sweets (Near Paddapukur Youth Association Durga Puja),Ganguram Sweets,Sweet Corner,920,0.92,180,Mishti Doi & Kesar Radhaballavi,22.526798,88.358092
121,Paddapukur Youth Association Durga Puja,Balaram Mullick & Radharaman Mullick (Near Paddapukur Youth Association Durga Puja),Balaram Mullick & Radharaman Mullick,Iconic Mishti,750,0.75,250,Baked Rosogolla & Mango Sandesh,22.531377,88.358633
122,Pally Mangal Samity,Bar-B-Q (Near Pally Mangal Samity),Bar-B-Q,Classic Chinese,960,0.96,1200,Peking Duck & Crispy Chilli Pork,22.529215,88.359697
122,Pally Mangal Samity,Banana Leaf (Near Pally Mangal Samity),Banana Leaf,South Indian,920,0.92,350,Ghee Roast Masala Dosa & Filter Coffee,22.534426,88.342301
123,Panchanna Gram Adhibasibrinda,Balaram Mullick & Radharaman Mullick (Near Panchanna Gram Adhibasibrinda),Balaram Mullick & Radharaman Mullick,Iconic Mishti,960,0.96,250,Baked Rosogolla & Mango Sandesh,22.513552,88.383836
123,Panchanna Gram Adhibasibrinda,Arsalan (Near Panchanna Gram Adhibasibrinda),Arsalan,Mughlai,850,0.85,750,Mutton Special Biryani & Firni,22.515638,88.389984
123,Panchanna Gram Adhibasibrinda,Roastery Coffee House (Near Panchanna Gram Adhibasibrinda),Roastery Coffee House,Cafe & Continental,960,0.96,800,Cranberry Cold Brew & Mac and Cheese,22.510932,88.382232
124,Paschim Putiary Sarbojanin Nabo Durgotsav,Balaram Mullick & Radharaman Mullick (Near Paschim Putiary Sarbojanin Nabo Durgotsav),Balaram Mullick & Radharaman Mullick,Iconic Mishti,640,0.64,250,Baked Rosogolla & Mango Sandesh,22.477141,88.352383
124,Paschim Putiary Sarbojanin Nabo Durgotsav,Roastery Coffee House (Near Paschim Putiary Sarbojanin Nabo Durgotsav),Roastery Coffee House,Cafe & Continental,690,0.69,800,Cranberry Cold Brew & Mac and Cheese,22.472973,88.341315
124,Paschim Putiary Sarbojanin Nabo Durgotsav,6 Ballygunge Place (Near Paschim Putiary Sarbojanin Nabo Durgotsav),6 Ballygunge Place,Heritage Bengali,640,0.64,1100,Dab Chingri & Kosha Mangsho,22.468767,88.352253
125,Patuli Sarbojanin Durgotsab,Oudh 1590 (Near Patuli Sarbojanin Durgotsab),Oudh 1590,Awadhi Dining,530,0.53,1000,Raan Biryani & Galawati Kebab,22.471592,88.378597
125,Patuli Sarbojanin Durgotsab,Bijoli Grill (Near Patuli Sarbojanin Durgotsab),Bijoli Grill,Bengali Seafood & Snacks,780,0.78,500,Bhetki Fish Batter Fry & Prawn Cutlet,22.47409,88.378174
125,Patuli Sarbojanin Durgotsab,Banana Leaf (Near Patuli Sarbojanin Durgotsab),Banana Leaf,South Indian,620,0.62,350,Ghee Roast Masala Dosa & Filter Coffee,22.473183,88.384355
126,Peyarabagan Sarbojanin Durgotsab,Saptapadi (Near Peyarabagan Sarbojanin Durgotsab),Saptapadi,Bengali Fusion,580,0.58,800,Kacha Lonka Mangsho & Pulao Thali,22.519961,88.361155
126,Peyarabagan Sarbojanin Durgotsab,Ganguram Sweets (Near Peyarabagan Sarbojanin Durgotsab),Ganguram Sweets,Sweet Corner,660,0.66,180,Mishti Doi & Kesar Radhaballavi,22.50905,88.36332
126,Peyarabagan Sarbojanin Durgotsab,Kasturi Restaurant (Near Peyarabagan Sarbojanin Durgotsab),Kasturi Restaurant,Dhakai Bangladeshi Bengali,560,0.56,650,Kochu Pata Diye Chingri Bhapa & Dhakai Mangsho,22.518858,88.35948
127,Picnic Sunrise Club,Roastery Coffee House (Near Picnic Sunrise Club),Roastery Coffee House,Cafe & Continental,690,0.69,800,Cranberry Cold Brew & Mac and Cheese,22.519939,88.385925
127,Picnic Sunrise Club,Koshe Kosha (Near Picnic Sunrise Club),Koshe Kosha,Authentic Bengali,840,0.84,700,Kosha Mangsho with Luchi,22.506656,88.385982
128,Pragati Sangha Durga Puja,Ganguram Sweets (Near Pragati Sangha Durga Puja),Ganguram Sweets,Sweet Corner,900,0.9,180,Mishti Doi & Kesar Radhaballavi,22.507251,88.382597
128,Pragati Sangha Durga Puja,Oudh 1590 (Near Pragati Sangha Durga Puja),Oudh 1590,Awadhi Dining,950,0.95,1000,Raan Biryani & Galawati Kebab,22.511738,88.397489
129,Pragati Sangha Durgotsab Committee,Campari (Near Pragati Sangha Durgotsab Committee),Campari,Snack & Cutlet Joint,960,0.96,250,Fish Fry with Kasundi & Mutton Roll,22.517986,88.380374
129,Pragati Sangha Durgotsab Committee,Koshe Kosha (Near Pragati Sangha Durgotsab Committee),Koshe Kosha,Authentic Bengali,570,0.57,700,Kosha Mangsho with Luchi,22.510618,88.382638
129,Pragati Sangha Durgotsab Committee,Bijoli Grill (Near Pragati Sangha Durgotsab Committee),Bijoli Grill,Bengali Seafood & Snacks,770,0.77,500,Bhetki Fish Batter Fry & Prawn Cutlet,22.519541,88.386695
130,Purbachal Residents Sarbojanin Durgotsav,Kasturi Restaurant (Near Purbachal Residents Sarbojanin Durgotsav),Kasturi Restaurant,Dhakai Bangladeshi Bengali,610,0.61,650,Kochu Pata Diye Chingri Bhapa & Dhakai Mangsho,22.481982,88.382141
130,Purbachal Residents Sarbojanin Durgotsav,Roastery Coffee House (Near Purbachal Residents Sarbojanin Durgotsav),Roastery Coffee House,Cafe & Continental,910,0.91,800,Cranberry Cold Brew & Mac and Cheese,22.470113,88.380506
130,Purbachal Residents Sarbojanin Durgotsav,Arsalan (Near Purbachal Residents Sarbojanin Durgotsav),Arsalan,Mughlai,820,0.82,750,Mutton Special Biryani & Firni,22.473346,88.371827
131,Putiary Sarbojanin Durgotsab Committee,Kasturi Restaurant (Near Putiary Sarbojanin Durgotsab Committee),Kasturi Restaurant,Dhakai Bangladeshi Bengali,630,0.63,650,Kochu Pata Diye Chingri Bhapa & Dhakai Mangsho,22.476017,88.351379
131,Putiary Sarbojanin Durgotsab Committee,Bhojohori Manna (Near Putiary Sarbojanin Durgotsab Committee),Bhojohori Manna,Traditional Bengali,780,0.78,750,"Ilish Bhapa, Kosha Mangsho & Basanti Pulao",22.478421,88.350191
132,Ramgarh Satapally Sarbojanin Durgotsav Committee,Campari (Near Ramgarh Satapally Sarbojanin Durgotsav Committee),Campari,Snack & Cutlet Joint,670,0.67,250,Fish Fry with Kasundi & Mutton Roll,22.484648,88.377233
132,Ramgarh Satapally Sarbojanin Durgotsav Committee,Bijoli Grill (Near Ramgarh Satapally Sarbojanin Durgotsav Committee),Bijoli Grill,Bengali Seafood & Snacks,940,0.94,500,Bhetki Fish Batter Fry & Prawn Cutlet,22.489421,88.372184
133,Rashbehari Suhrid Sangha,Arsalan (Near Rashbehari Suhrid Sangha),Arsalan,Mughlai,890,0.89,750,Mutton Special Biryani & Firni,22.524216,88.356537
133,Rashbehari Suhrid Sangha,Bar-B-Q (Near Rashbehari Suhrid Sangha),Bar-B-Q,Classic Chinese,920,0.92,1200,Peking Duck & Crispy Chilli Pork,22.523638,88.357614
134,Russa Madhyapally Sarbojanin Durgotsav,Bijoli Grill (Near Russa Madhyapally Sarbojanin Durgotsav),Bijoli Grill,Bengali Seafood & Snacks,600,0.6,500,Bhetki Fish Batter Fry & Prawn Cutlet,22.498147,88.354909
134,Russa Madhyapally Sarbojanin Durgotsav,Bhojohori Manna (Near Russa Madhyapally Sarbojanin Durgotsav),Bhojohori Manna,Traditional Bengali,860,0.86,750,"Ilish Bhapa, Kosha Mangsho & Basanti Pulao",22.485339,88.351659
134,Russa Madhyapally Sarbojanin Durgotsav,6 Ballygunge Place (Near Russa Madhyapally Sarbojanin Durgotsav),6 Ballygunge Place,Heritage Bengali,860,0.86,1100,Dab Chingri & Kosha Mangsho,22.485321,88.354266
135,Sahapur Suhrid Sangha Durga Puja Committee,Chowman (Near Sahapur Suhrid Sangha Durga Puja Committee),Chowman,Chinese,750,0.75,700,Kolkata Style Chilli Chicken & Fried Rice,22.5094,88.325571
135,Sahapur Suhrid Sangha Durga Puja Committee,Oudh 1590 (Near Sahapur Suhrid Sangha Durga Puja Committee),Oudh 1590,Awadhi Dining,540,0.54,1000,Raan Biryani & Galawati Kebab,22.504024,88.322886
135,Sahapur Suhrid Sangha Durga Puja Committee,Bijoli Grill (Near Sahapur Suhrid Sangha Durga Puja Committee),Bijoli Grill,Bengali Seafood & Snacks,930,0.93,500,Bhetki Fish Batter Fry & Prawn Cutlet,22.494767,88.326821
136,Sammilani Durga Puja,6 Ballygunge Place (Near Sammilani Durga Puja),6 Ballygunge Place,Heritage Bengali,910,0.91,1100,Dab Chingri & Kosha Mangsho,22.494972,88.332366
136,Sammilani Durga Puja,Kasturi Restaurant (Near Sammilani Durga Puja),Kasturi Restaurant,Dhakai Bangladeshi Bengali,570,0.57,650,Kochu Pata Diye Chingri Bhapa & Dhakai Mangsho,22.501128,88.323024
136,Sammilani Durga Puja,Bijoli Grill (Near Sammilani Durga Puja),Bijoli Grill,Bengali Seafood & Snacks,720,0.72,500,Bhetki Fish Batter Fry & Prawn Cutlet,22.507584,88.324271
137,Sanghasree Kalighat Durga Puja,Arsalan (Near Sanghasree Kalighat Durga Puja),Arsalan,Mughlai,650,0.65,750,Mutton Special Biryani & Firni,22.518072,88.342332
137,Sanghasree Kalighat Durga Puja,Balaram Mullick & Radharaman Mullick (Near Sanghasree Kalighat Durga Puja),Balaram Mullick & Radharaman Mullick,Iconic Mishti,770,0.77,250,Baked Rosogolla & Mango Sandesh,22.518843,88.353691
137,Sanghasree Kalighat Durga Puja,Banana Leaf (Near Sanghasree Kalighat Durga Puja),Banana Leaf,South Indian,990,0.99,350,Ghee Roast Masala Dosa & Filter Coffee,22.513312,88.345204
138,Santoshpur Avenue South,Chowman (Near Santoshpur Avenue South),Chowman,Chinese,880,0.88,700,Kolkata Style Chilli Chicken & Fried Rice,22.501001,88.381658
138,Santoshpur Avenue South,Ganguram Sweets (Near Santoshpur Avenue South),Ganguram Sweets,Sweet Corner,820,0.82,180,Mishti Doi & Kesar Radhaballavi,22.500344,88.370482
138,Santoshpur Avenue South,Kasturi Restaurant (Near Santoshpur Avenue South),Kasturi Restaurant,Dhakai Bangladeshi Bengali,770,0.77,650,Kochu Pata Diye Chingri Bhapa & Dhakai Mangsho,22.499633,88.370423
139,Santoshpur Lake Pally Durga Puja,Koshe Kosha (Near Santoshpur Lake Pally Durga Puja),Koshe Kosha,Authentic Bengali,680,0.68,700,Kosha Mangsho with Luchi,22.488445,88.378316
139,Santoshpur Lake Pally Durga Puja,Bijoli Grill (Near Santoshpur Lake Pally Durga Puja),Bijoli Grill,Bengali Seafood & Snacks,710,0.71,500,Bhetki Fish Batter Fry & Prawn Cutlet,22.499643,88.380295
139,Santoshpur Lake Pally Durga Puja,Campari (Near Santoshpur Lake Pally Durga Puja),Campari,Snack & Cutlet Joint,720,0.72,250,Fish Fry with Kasundi & Mutton Roll,22.491023,88.370384
140,Santoshpur Trikon Park Durgotsab,Arsalan (Near Santoshpur Trikon Park Durgotsab),Arsalan,Mughlai,560,0.56,750,Mutton Special Biryani & Firni,22.497998,88.378516
140,Santoshpur Trikon Park Durgotsab,Banana Leaf (Near Santoshpur Trikon Park Durgotsab),Banana Leaf,South Indian,720,0.72,350,Ghee Roast Masala Dosa & Filter Coffee,22.493424,88.368738
140,Santoshpur Trikon Park Durgotsab,Kasturi Restaurant (Near Santoshpur Trikon Park Durgotsab),Kasturi Restaurant,Dhakai Bangladeshi Bengali,690,0.69,650,Kochu Pata Diye Chingri Bhapa & Dhakai Mangsho,22.497913,88.380628
141,Shibmandir Sarbojanin Durgotsab Samiti,Bhojohori Manna (Near Shibmandir Sarbojanin Durgotsab Samiti),Bhojohori Manna,Traditional Bengali,710,0.71,750,"Ilish Bhapa, Kosha Mangsho & Basanti Pulao",22.519734,88.34592
141,Shibmandir Sarbojanin Durgotsab Samiti,Oudh 1590 (Near Shibmandir Sarbojanin Durgotsab Samiti),Oudh 1590,Awadhi Dining,950,0.95,1000,Raan Biryani & Galawati Kebab,22.50763,88.355145
142,Singhi Park Sarbojanin Durga Puja,Saptapadi (Near Singhi Park Sarbojanin Durga Puja),Saptapadi,Bengali Fusion,680,0.68,800,Kacha Lonka Mangsho & Pulao Thali,22.513896,88.362302
142,Singhi Park Sarbojanin Durga Puja,Chowman (Near Singhi Park Sarbojanin Durga Puja),Chowman,Chinese,620,0.62,700,Kolkata Style Chilli Chicken & Fried Rice,22.516222,88.360389
143,Sonarpur Sarbojanin Durgotsav Puja Committee,Oudh 1590 (Near Sonarpur Sarbojanin Durgotsav Puja Committee),Oudh 1590,Awadhi Dining,910,0.91,1000,Raan Biryani & Galawati Kebab,22.437471,88.434562
143,Sonarpur Sarbojanin Durgotsav Puja Committee,The Yellow Turtle (Near Sonarpur Sarbojanin Durgotsav Puja Committee),The Yellow Turtle,Pan-Asian,870,0.87,850,Dim Sums & Hakka Noodles,22.435981,88.424227
144,Sri Sri Sarbojanin Durga Puja,6 Ballygunge Place (Near Sri Sri Sarbojanin Durga Puja),6 Ballygunge Place,Heritage Bengali,600,0.6,1100,Dab Chingri & Kosha Mangsho,22.518423,88.340444
144,Sri Sri Sarbojanin Durga Puja,Bar-B-Q (Near Sri Sri Sarbojanin Durga Puja),Bar-B-Q,Classic Chinese,660,0.66,1200,Peking Duck & Crispy Chilli Pork,22.516819,88.351446
144,Sri Sri Sarbojanin Durga Puja,Chowman (Near Sri Sri Sarbojanin Durga Puja),Chowman,Chinese,520,0.52,700,Kolkata Style Chilli Chicken & Fried Rice,22.523228,88.342334
145,Surya Nagar Sarbojanin Durga Puja,Balaram Mullick & Radharaman Mullick (Near Surya Nagar Sarbojanin Durga Puja),Balaram Mullick & Radharaman Mullick,Iconic Mishti,810,0.81,250,Baked Rosogolla & Mango Sandesh,22.471202,88.37353
145,Surya Nagar Sarbojanin Durga Puja,Arsalan (Near Surya Nagar Sarbojanin Durga Puja),Arsalan,Mughlai,860,0.86,750,Mutton Special Biryani & Firni,22.465702,88.380183
145,Surya Nagar Sarbojanin Durga Puja,The Yellow Turtle (Near Surya Nagar Sarbojanin Durga Puja),The Yellow Turtle,Pan-Asian,710,0.71,850,Dim Sums & Hakka Noodles,22.460541,88.377829
146,Tridhara Sammilani Durga Puja,Saptapadi (Near Tridhara Sammilani Durga Puja),Saptapadi,Bengali Fusion,950,0.95,800,Kacha Lonka Mangsho & Pulao Thali,22.512676,88.349872
146,Tridhara Sammilani Durga Puja,Bhojohori Manna (Near Tridhara Sammilani Durga Puja),Bhojohori Manna,Traditional Bengali,930,0.93,750,"Ilish Bhapa, Kosha Mangsho & Basanti Pulao",22.524447,88.362622
146,Tridhara Sammilani Durga Puja,Roastery Coffee House (Near Tridhara Sammilani Durga Puja),Roastery Coffee House,Cafe & Continental,870,0.87,800,Cranberry Cold Brew & Mac and Cheese,22.527232,88.357725
147,Tulipians Durgotsav,Bar-B-Q (Near Tulipians Durgotsav),Bar-B-Q,Classic Chinese,820,0.82,1200,Peking Duck & Crispy Chilli Pork,22.511626,88.34874
147,Tulipians Durgotsav,Koshe Kosha (Near Tulipians Durgotsav),Koshe Kosha,Authentic Bengali,720,0.72,700,Kosha Mangsho with Luchi,22.518068,88.354951
148,Udayan Kidderpore Durga Puja,The Yellow Turtle (Near Udayan Kidderpore Durga Puja),The Yellow Turtle,Pan-Asian,570,0.57,850,Dim Sums & Hakka Noodles,22.531765,88.317034
148,Udayan Kidderpore Durga Puja,Ganguram Sweets (Near Udayan Kidderpore Durga Puja),Ganguram Sweets,Sweet Corner,790,0.79,180,Mishti Doi & Kesar Radhaballavi,22.52697,88.320729
149,Upohar Utsav Committee,Kasturi Restaurant (Near Upohar Utsav Committee),Kasturi Restaurant,Dhakai Bangladeshi Bengali,970,0.97,650,Kochu Pata Diye Chingri Bhapa & Dhakai Mangsho,22.47427,88.387205
149,Upohar Utsav Committee,Bijoli Grill (Near Upohar Utsav Committee),Bijoli Grill,Bengali Seafood & Snacks,610,0.61,500,Bhetki Fish Batter Fry & Prawn Cutlet,22.471206,88.382026
149,Upohar Utsav Committee,Campari (Near Upohar Utsav Committee),Campari,Snack & Cutlet Joint,870,0.87,250,Fish Fry with Kasundi & Mutton Roll,22.466711,88.375599
150,VIP Nagar Sarbojanin Durga Puja Committee,Bhojohori Manna (Near VIP Nagar Sarbojanin Durga Puja Committee),Bhojohori Manna,Traditional Bengali,750,0.75,750,"Ilish Bhapa, Kosha Mangsho & Basanti Pulao",22.509863,88.398101
150,VIP Nagar Sarbojanin Durga Puja Committee,Oudh 1590 (Near VIP Nagar Sarbojanin Durga Puja Committee),Oudh 1590,Awadhi Dining,580,0.58,1000,Raan Biryani & Galawati Kebab,22.510876,88.393876
150,VIP Nagar Sarbojanin Durga Puja Committee,6 Ballygunge Place (Near VIP Nagar Sarbojanin Durga Puja Committee),6 Ballygunge Place,Heritage Bengali,630,0.63,1100,Dab Chingri & Kosha Mangsho,22.510698,88.392813
151,Westend Park Sarbojanin Durga Puja,Balaram Mullick & Radharaman Mullick (Near Westend Park Sarbojanin Durga Puja),Balaram Mullick & Radharaman Mullick,Iconic Mishti,860,0.86,250,Baked Rosogolla & Mango Sandesh,22.513851,88.346286
151,Westend Park Sarbojanin Durga Puja,Roastery Coffee House (Near Westend Park Sarbojanin Durga Puja),Roastery Coffee House,Cafe & Continental,730,0.73,800,Cranberry Cold Brew & Mac and Cheese,22.526839,88.346359
151,Westend Park Sarbojanin Durga Puja,Ganguram Sweets (Near Westend Park Sarbojanin Durga Puja),Ganguram Sweets,Sweet Corner,660,0.66,180,Mishti Doi & Kesar Radhaballavi,22.515623,88.345782
152,14 Pally Udayan Sangha,Indian Coffee House (Near 14 Pally Udayan Sangha),Indian Coffee House,Iconic Cultural Cafe,650,0.65,250,"Mutton Infusion, Cold Coffee & Chicken Cutlet",22.574149,88.361576
152,14 Pally Udayan Sangha,Anadi Cabin (Near 14 Pally Udayan Sangha),Anadi Cabin,Heritage Cabin,960,0.96,250,Famous Mughlai Paratha with Duck Egg,22.583105,88.36626
152,14 Pally Udayan Sangha,Kusum Rolls (Near 14 Pally Udayan Sangha),Kusum Rolls,Rolls & Street Eats,970,0.97,250,Double Egg Double Chicken Roll,22.570601,88.36034
153,37 Pally Sarbojanin Durgotsab,Mocambo (Near 37 Pally Sarbojanin Durgotsab),Mocambo,Heritage Continental,630,0.63,1300,Devilled Crab & Chicken Tetrazzini,22.573502,88.355165
153,37 Pally Sarbojanin Durgotsab,Kusum Rolls (Near 37 Pally Sarbojanin Durgotsab),Kusum Rolls,Rolls & Street Eats,760,0.76,250,Double Egg Double Chicken Roll,22.572883,88.362916
153,37 Pally Sarbojanin Durgotsab,Eau Chew (Near 37 Pally Sarbojanin Durgotsab),Eau Chew,Historic Hakka Chinese,660,0.66,900,Josephine Noodles & Chimney Soup,22.575151,88.363844
154,47 Pally Jubak Brinda Durga Puja,Bhim Chandra Nag (Near 47 Pally Jubak Brinda Durga Puja),Bhim Chandra Nag,Centuries Old Sweet Shop,750,0.75,200,Sandesh & Manohara,22.58276,88.362526
154,47 Pally Jubak Brinda Durga Puja,Flurys (Near 47 Pally Jubak Brinda Durga Puja),Flurys,Heritage Tea Room & Bakery,750,0.75,900,"English Breakfast, Rum Ball & Peach Melba",22.583277,88.353668
154,47 Pally Jubak Brinda Durga Puja,Mocambo (Near 47 Pally Jubak Brinda Durga Puja),Mocambo,Heritage Continental,680,0.68,1300,Devilled Crab & Chicken Tetrazzini,22.576774,88.351185
155,Central Calcutta Youth Association,Shiraz Golden Restaurant (Near Central Calcutta Youth Association),Shiraz Golden Restaurant,Kolkata Mughlai,590,0.59,700,"Mutton Biryani, Chaap & Shahi Tukda",22.570748,88.36345
155,Central Calcutta Youth Association,Mocambo (Near Central Calcutta Youth Association),Mocambo,Heritage Continental,800,0.8,1300,Devilled Crab & Chicken Tetrazzini,22.569476,88.350257
156,College Square Sarbojanin Durgotsav,Flurys (Near College Square Sarbojanin Durgotsav),Flurys,Heritage Tea Room & Bakery,810,0.81,900,"English Breakfast, Rum Ball & Peach Melba",22.566774,88.365615
156,College Square Sarbojanin Durgotsav,Bhim Chandra Nag (Near College Square Sarbojanin Durgotsav),Bhim Chandra Nag,Centuries Old Sweet Shop,780,0.78,200,Sandesh & Manohara,22.567719,88.360212
157,Entally Matribhumi Durga Puja,Eau Chew (Near Entally Matribhumi Durga Puja),Eau Chew,Historic Hakka Chinese,590,0.59,900,Josephine Noodles & Chimney Soup,22.568864,88.374411
157,Entally Matribhumi Durga Puja,Anadi Cabin (Near Entally Matribhumi Durga Puja),Anadi Cabin,Heritage Cabin,720,0.72,250,Famous Mughlai Paratha with Duck Egg,22.56189,88.378645
157,Entally Matribhumi Durga Puja,Nizam's (Near Entally Matribhumi Durga Puja),Nizam's,Street Pioneer / Mughlai,650,0.65,300,Original Kathi Kebab Roll & Beef Roll,22.569528,88.374209
158,Entally Sarbojanin Sri Sri Durga Puja,Aminia (Near Entally Sarbojanin Sri Sri Durga Puja),Aminia,Heritage Mughlai,730,0.73,650,Mutton Awadhi Biryani & Rezala,22.569519,88.374897
158,Entally Sarbojanin Sri Sri Durga Puja,Tiretta Chinese Food Kiosk (Near Entally Sarbojanin Sri Sri Durga Puja),Tiretta Chinese Food Kiosk,Authentic Chinese Breakfast,900,0.9,250,Steamed Pork Bao & Wonton Soup,22.570546,88.376471
159,Interact Club of Chowringhee High School Sarbojanin Durga Puja,Kewpie's Kitchen (Near Interact Club of Chowringhee High School Sarbojanin Durga Puja),Kewpie's Kitchen,Authentic Bengali Dining,750,0.75,1000,Mahabhoj Fish & Mangsho Thali,22.549415,88.354717
159,Interact Club of Chowringhee High School Sarbojanin Durga Puja,Eau Chew (Near Interact Club of Chowringhee High School Sarbojanin Durga Puja),Eau Chew,Historic Hakka Chinese,770,0.77,900,Josephine Noodles & Chimney Soup,22.557821,88.34579
160,Kanai Dhar Lane Adhibasi Brinda,Tiretta Chinese Food Kiosk (Near Kanai Dhar Lane Adhibasi Brinda),Tiretta Chinese Food Kiosk,Authentic Chinese Breakfast,780,0.78,250,Steamed Pork Bao & Wonton Soup,22.570681,88.368047
160,Kanai Dhar Lane Adhibasi Brinda,Bhim Chandra Nag (Near Kanai Dhar Lane Adhibasi Brinda),Bhim Chandra Nag,Centuries Old Sweet Shop,800,0.8,200,Sandesh & Manohara,22.560777,88.360956
161,Machua Bazar Sarbajanik Durga Puja Samity,Tiretta Chinese Food Kiosk (Near Machua Bazar Sarbajanik Durga Puja Samity),Tiretta Chinese Food Kiosk,Authentic Chinese Breakfast,890,0.89,250,Steamed Pork Bao & Wonton Soup,22.585212,88.352637
161,Machua Bazar Sarbajanik Durga Puja Samity,Mocambo (Near Machua Bazar Sarbajanik Durga Puja Samity),Mocambo,Heritage Continental,970,0.97,1300,Devilled Crab & Chicken Tetrazzini,22.588582,88.364793
162,Md. Ali Park Durga Puja,Peter Cat (Near Md. Ali Park Durga Puja),Peter Cat,Continental / Heritage,850,0.85,1200,Cheelo Kebab & Iranian Cocktails,22.586298,88.359656
162,Md. Ali Park Durga Puja,Shiraz Golden Restaurant (Near Md. Ali Park Durga Puja),Shiraz Golden Restaurant,Kolkata Mughlai,760,0.76,700,"Mutton Biryani, Chaap & Shahi Tukda",22.573322,88.355418
163,New Market Sarbojanin Sri Sri Durga Puja,Nizam's (Near New Market Sarbojanin Sri Sri Durga Puja),Nizam's,Street Pioneer / Mughlai,710,0.71,300,Original Kathi Kebab Roll & Beef Roll,22.556627,88.358892
163,New Market Sarbojanin Sri Sri Durga Puja,Aminia (Near New Market Sarbojanin Sri Sri Durga Puja),Aminia,Heritage Mughlai,800,0.8,650,Mutton Awadhi Biryani & Rezala,22.561777,88.345476
163,New Market Sarbojanin Sri Sri Durga Puja,Kusum Rolls (Near New Market Sarbojanin Sri Sri Durga Puja),Kusum Rolls,Rolls & Street Eats,820,0.82,250,Double Egg Double Chicken Roll,22.566801,88.356233
164,Pallir Yubak Brinda Durga Puja,Tung Fong Restaurant (Near Pallir Yubak Brinda Durga Puja),Tung Fong Restaurant,Chinese,700,0.7,1100,Chilli Garlic Prawns & Crispy Lamb,22.559255,88.360221
164,Pallir Yubak Brinda Durga Puja,Anadi Cabin (Near Pallir Yubak Brinda Durga Puja),Anadi Cabin,Heritage Cabin,910,0.91,250,Famous Mughlai Paratha with Duck Egg,22.567359,88.351449
165,Santosh Mitra Square Durga Puja,Nizam's (Near Santosh Mitra Square Durga Puja),Nizam's,Street Pioneer / Mughlai,790,0.79,300,Original Kathi Kebab Roll & Beef Roll,22.572339,88.371877
165,Santosh Mitra Square Durga Puja,Mocambo (Near Santosh Mitra Square Durga Puja),Mocambo,Heritage Continental,680,0.68,1300,Devilled Crab & Chicken Tetrazzini,22.573857,88.364579
166,Shishu Palan Foundation,Flurys (Near Shishu Palan Foundation),Flurys,Heritage Tea Room & Bakery,950,0.95,900,"English Breakfast, Rum Ball & Peach Melba",22.57387,88.367625
166,Shishu Palan Foundation,Kewpie's Kitchen (Near Shishu Palan Foundation),Kewpie's Kitchen,Authentic Bengali Dining,690,0.69,1000,Mahabhoj Fish & Mangsho Thali,22.578627,88.352539
166,Shishu Palan Foundation,Indian Coffee House (Near Shishu Palan Foundation),Indian Coffee House,Iconic Cultural Cafe,890,0.89,250,"Mutton Infusion, Cold Coffee & Chicken Cutlet",22.57314,88.351432
167,Wellington Nagarik Kalyan Samity Durga Puja,Anadi Cabin (Near Wellington Nagarik Kalyan Samity Durga Puja),Anadi Cabin,Heritage Cabin,710,0.71,250,Famous Mughlai Paratha with Duck Egg,22.558863,88.363294
167,Wellington Nagarik Kalyan Samity Durga Puja,Eau Chew (Near Wellington Nagarik Kalyan Samity Durga Puja),Eau Chew,Historic Hakka Chinese,690,0.69,900,Josephine Noodles & Chimney Soup,22.56566,88.364101
168,Shimla Byam Samity,Nizam's (Near Shimla Byam Samity),Nizam's,Street Pioneer / Mughlai,740,0.74,300,Original Kathi Kebab Roll & Beef Roll,22.585995,88.371145
168,Shimla Byam Samity,Bhim Chandra Nag (Near Shimla Byam Samity),Bhim Chandra Nag,Centuries Old Sweet Shop,580,0.58,200,Sandesh & Manohara,22.589653,88.366653
169,Singhi Bagan Durga Puja,Tung Fong Restaurant (Near Singhi Bagan Durga Puja),Tung Fong Restaurant,Chinese,770,0.77,1100,Chilli Garlic Prawns & Crispy Lamb,22.583838,88.35694
169,Singhi Bagan Durga Puja,Bhim Chandra Nag (Near Singhi Bagan Durga Puja),Bhim Chandra Nag,Centuries Old Sweet Shop,760,0.76,200,Sandesh & Manohara,22.580722,88.358121
170,Beliaghata 33 Palli Durga Puja,Kewpie's Kitchen (Near Beliaghata 33 Palli Durga Puja),Kewpie's Kitchen,Authentic Bengali Dining,590,0.59,1000,Mahabhoj Fish & Mangsho Thali,22.570258,88.389229
170,Beliaghata 33 Palli Durga Puja,Kusum Rolls (Near Beliaghata 33 Palli Durga Puja),Kusum Rolls,Rolls & Street Eats,840,0.84,250,Double Egg Double Chicken Roll,22.562632,88.378254
171,Entally Sarbojanin,Indian Coffee House (Near Entally Sarbojanin),Indian Coffee House,Iconic Cultural Cafe,540,0.54,250,"Mutton Infusion, Cold Coffee & Chicken Cutlet",22.558799,88.376979
171,Entally Sarbojanin,Tiretta Chinese Food Kiosk (Near Entally Sarbojanin),Tiretta Chinese Food Kiosk,Authentic Chinese Breakfast,850,0.85,250,Steamed Pork Bao & Wonton Soup,22.569559,88.371453
172,AJ Block Durga Puja,Gupta Brothers (Near AJ Block Durga Puja),Gupta Brothers,North Indian & Sweets,630,0.63,400,Chole Bhature & Rasmalai,22.593577,88.409708
172,AJ Block Durga Puja,Fly Kouzina (Near AJ Block Durga Puja),Fly Kouzina,Vegetarian Fine Dining,880,0.88,850,Crispy Corn & Sizzling Brownie,22.594565,88.406165
172,AJ Block Durga Puja,Chowman (Near AJ Block Durga Puja),Chowman,Chinese,610,0.61,700,Kung Pao Chicken & Hakka Noodles,22.58561,88.40568
173,BD Block Sarbojanin Durgotsab Committee,Gupta Brothers (Near BD Block Sarbojanin Durgotsab Committee),Gupta Brothers,North Indian & Sweets,700,0.7,400,Chole Bhature & Rasmalai,22.581097,88.410243
173,BD Block Sarbojanin Durgotsab Committee,Chowman (Near BD Block Sarbojanin Durgotsab Committee),Chowman,Chinese,960,0.96,700,Kung Pao Chicken & Hakka Noodles,22.590876,88.402885
173,BD Block Sarbojanin Durgotsab Committee,Kasturi (Near BD Block Sarbojanin Durgotsab Committee),Kasturi,Bengali & Dhakai,890,0.89,650,Chingri Malai & Bhetki Paturi,22.592527,88.418028
174,BJ Block Saradotsav Committee,Santa's Fantasea (Near BJ Block Saradotsav Committee),Santa's Fantasea,Tribal & Coastal Seafood,690,0.69,800,Banshpoda Mangsho & Seafood Rice,22.590028,88.41513
174,BJ Block Saradotsav Committee,Gupta Brothers (Near BJ Block Saradotsav Committee),Gupta Brothers,North Indian & Sweets,850,0.85,400,Chole Bhature & Rasmalai,22.576663,88.416998
174,BJ Block Saradotsav Committee,Kasturi (Near BJ Block Saradotsav Committee),Kasturi,Bengali & Dhakai,580,0.58,650,Chingri Malai & Bhetki Paturi,22.588846,88.420661
175,BL Block Durga Puja,Chowman (Near BL Block Durga Puja),Chowman,Chinese,940,0.94,700,Kung Pao Chicken & Hakka Noodles,22.591756,88.418042
175,BL Block Durga Puja,Gupta Brothers (Near BL Block Durga Puja),Gupta Brothers,North Indian & Sweets,720,0.72,400,Chole Bhature & Rasmalai,22.592791,88.40842
176,EKTP Phase 2 Abasik Puja Samity,Gupta Brothers (Near EKTP Phase 2 Abasik Puja Samity),Gupta Brothers,North Indian & Sweets,950,0.95,400,Chole Bhature & Rasmalai,22.54062,88.406732
176,EKTP Phase 2 Abasik Puja Samity,Bhoj Company (Near EKTP Phase 2 Abasik Puja Samity),Bhoj Company,Bengali Homestyle,700,0.7,750,Kochi Panthar Jhol & Chingri Malaikari,22.543565,88.406869
177,Jawpur Bayam Samity Durga Puja,Arsalan (Near Jawpur Bayam Samity Durga Puja),Arsalan,Mughlai,530,0.53,700,Mutton Biryani & Murgh Rezala,22.62236,88.383851
177,Jawpur Bayam Samity Durga Puja,Bhoj Company (Near Jawpur Bayam Samity Durga Puja),Bhoj Company,Bengali Homestyle,910,0.91,750,Kochi Panthar Jhol & Chingri Malaikari,22.613173,88.37886
177,Jawpur Bayam Samity Durga Puja,Haji Saheb (Near Jawpur Bayam Samity Durga Puja),Haji Saheb,Mughlai,880,0.88,650,Special Mutton Biryani & Murgh Bhuna,22.623177,88.392538
178,Judge Bagan Sarbojanin Durgotsab,Gupta Brothers (Near Judge Bagan Sarbojanin Durgotsab),Gupta Brothers,North Indian & Sweets,840,0.84,400,Chole Bhature & Rasmalai,22.574808,88.407617
178,Judge Bagan Sarbojanin Durgotsab,Oudh 1590 (Near Judge Bagan Sarbojanin Durgotsab),Oudh 1590,Awadhi,520,0.52,950,Murgh Sugandhi Kebab & Awadhi Handi Biryani,22.586144,88.407439
178,Judge Bagan Sarbojanin Durgotsab,Kasturi (Near Judge Bagan Sarbojanin Durgotsab),Kasturi,Bengali & Dhakai,640,0.64,650,Chingri Malai & Bhetki Paturi,22.584957,88.399663
179,Kanjial Para Puja Samity Durga Puja,Arsalan (Near Kanjial Para Puja Samity Durga Puja),Arsalan,Mughlai,660,0.66,700,Mutton Biryani & Murgh Rezala,22.587036,88.40731
179,Kanjial Para Puja Samity Durga Puja,Chowman (Near Kanjial Para Puja Samity Durga Puja),Chowman,Chinese,710,0.71,700,Kung Pao Chicken & Hakka Noodles,22.583083,88.398766
179,Kanjial Para Puja Samity Durga Puja,Haji Saheb (Near Kanjial Para Puja Samity Durga Puja),Haji Saheb,Mughlai,730,0.73,650,Special Mutton Biryani & Murgh Bhuna,22.586398,88.409969
180,Nabapally Adhibashi Brinda Durga Puja,Haji Saheb (Near Nabapally Adhibashi Brinda Durga Puja),Haji Saheb,Mughlai,760,0.76,650,Special Mutton Biryani & Murgh Bhuna,22.580993,88.412119
180,Nabapally Adhibashi Brinda Durga Puja,Santa's Fantasea (Near Nabapally Adhibashi Brinda Durga Puja),Santa's Fantasea,Tribal & Coastal Seafood,590,0.59,800,Banshpoda Mangsho & Seafood Rice,22.575828,88.407203
180,Nabapally Adhibashi Brinda Durga Puja,Bhoj Company (Near Nabapally Adhibashi Brinda Durga Puja),Bhoj Company,Bengali Homestyle,800,0.8,750,Kochi Panthar Jhol & Chingri Malaikari,22.581074,88.412503
181,Netaji Sporting Club Durga Puja,Oudh 1590 (Near Netaji Sporting Club Durga Puja),Oudh 1590,Awadhi,970,0.97,950,Murgh Sugandhi Kebab & Awadhi Handi Biryani,22.587003,88.407916
181,Netaji Sporting Club Durga Puja,Arsalan (Near Netaji Sporting Club Durga Puja),Arsalan,Mughlai,760,0.76,700,Mutton Biryani & Murgh Rezala,22.572146,88.403683
181,Netaji Sporting Club Durga Puja,Chowman (Near Netaji Sporting Club Durga Puja),Chowman,Chinese,970,0.97,700,Kung Pao Chicken & Hakka Noodles,22.570742,88.400874
182,Prafulla Kanan Sarbojanin Durgotsab,Gupta Brothers (Near Prafulla Kanan Sarbojanin Durgotsab),Gupta Brothers,North Indian & Sweets,700,0.7,400,Chole Bhature & Rasmalai,22.600584,88.427891
182,Prafulla Kanan Sarbojanin Durgotsab,Santa's Fantasea (Near Prafulla Kanan Sarbojanin Durgotsab),Santa's Fantasea,Tribal & Coastal Seafood,860,0.86,800,Banshpoda Mangsho & Seafood Rice,22.600165,88.429567
182,Prafulla Kanan Sarbojanin Durgotsab,Bhoj Company (Near Prafulla Kanan Sarbojanin Durgotsab),Bhoj Company,Bengali Homestyle,550,0.55,750,Kochi Panthar Jhol & Chingri Malaikari,22.605289,88.428367
183,Purba Kalikata Sarbojanin Durgotsav,Bhoj Company (Near Purba Kalikata Sarbojanin Durgotsav),Bhoj Company,Bengali Homestyle,540,0.54,750,Kochi Panthar Jhol & Chingri Malaikari,22.566331,88.386525
183,Purba Kalikata Sarbojanin Durgotsav,Oudh 1590 (Near Purba Kalikata Sarbojanin Durgotsav),Oudh 1590,Awadhi,890,0.89,950,Murgh Sugandhi Kebab & Awadhi Handi Biryani,22.574662,88.39574
184,Purbanchal Prabhati Sangha Durga Puja,Gupta Brothers (Near Purbanchal Prabhati Sangha Durga Puja),Gupta Brothers,North Indian & Sweets,580,0.58,400,Chole Bhature & Rasmalai,22.569223,88.382898
184,Purbanchal Prabhati Sangha Durga Puja,Oudh 1590 (Near Purbanchal Prabhati Sangha Durga Puja),Oudh 1590,Awadhi,960,0.96,950,Murgh Sugandhi Kebab & Awadhi Handi Biryani,22.578695,88.39054
184,Purbanchal Prabhati Sangha Durga Puja,Kasturi (Near Purbanchal Prabhati Sangha Durga Puja),Kasturi,Bengali & Dhakai,610,0.61,650,Chingri Malai & Bhetki Paturi,22.571743,88.382675
185,Sixemes Cooperative Housing Durgotsav,Bhoj Company (Near Sixemes Cooperative Housing Durgotsav),Bhoj Company,Bengali Homestyle,760,0.76,750,Kochi Panthar Jhol & Chingri Malaikari,22.591869,88.414518
185,Sixemes Cooperative Housing Durgotsav,Chowman (Near Sixemes Cooperative Housing Durgotsav),Chowman,Chinese,770,0.77,700,Kung Pao Chicken & Hakka Noodles,22.584867,88.422513
186,"Sree Sree Durga Puja Committee, Rabindrapally","Chowman (Near Sree Sree Durga Puja Committee, Rabindrapally)",Chowman,Chinese,920,0.92,700,Kung Pao Chicken & Hakka Noodles,22.60996,88.428672
186,"Sree Sree Durga Puja Committee, Rabindrapally","Bhoj Company (Near Sree Sree Durga Puja Committee, Rabindrapally)",Bhoj Company,Bengali Homestyle,820,0.82,750,Kochi Panthar Jhol & Chingri Malaikari,22.600934,88.433917
187,New Town Sarbojanin,Kasturi (Near New Town Sarbojanin),Kasturi,Bengali & Dhakai,720,0.72,650,Chingri Malai & Bhetki Paturi,22.592282,88.460131
187,New Town Sarbojanin,Haji Saheb (Near New Town Sarbojanin),Haji Saheb,Mughlai,680,0.68,650,Special Mutton Biryani & Murgh Bhuna,22.58839,88.468124
187,New Town Sarbojanin,Bhoj Company (Near New Town Sarbojanin),Bhoj Company,Bengali Homestyle,840,0.84,750,Kochi Panthar Jhol & Chingri Malaikari,22.580905,88.468073
188,AK Block Salt Lake,Arsalan (Near AK Block Salt Lake),Arsalan,Mughlai,720,0.72,700,Mutton Biryani & Murgh Rezala,22.59552,88.411807
188,AK Block Salt Lake,Kasturi (Near AK Block Salt Lake),Kasturi,Bengali & Dhakai,600,0.6,650,Chingri Malai & Bhetki Paturi,22.587539,88.417641
188,AK Block Salt Lake,Santa's Fantasea (Near AK Block Salt Lake),Santa's Fantasea,Tribal & Coastal Seafood,570,0.57,800,Banshpoda Mangsho & Seafood Rice,22.586588,88.416917
189,Mitali Sangha Kankurgachi,Chowman (Near Mitali Sangha Kankurgachi),Chowman,Chinese,850,0.85,700,Kung Pao Chicken & Hakka Noodles,22.591856,88.389184
189,Mitali Sangha Kankurgachi,Gupta Brothers (Near Mitali Sangha Kankurgachi),Gupta Brothers,North Indian & Sweets,720,0.72,400,Chole Bhature & Rasmalai,22.581857,88.384308
189,Mitali Sangha Kankurgachi,Haji Saheb (Near Mitali Sangha Kankurgachi),Haji Saheb,Mughlai,850,0.85,650,Special Mutton Biryani & Murgh Bhuna,22.594544,88.377662
190,2 No Basudebpur Sarbojanin Durga Puja,Chowman (Near 2 No Basudebpur Sarbojanin Durga Puja),Chowman,Chinese,550,0.55,650,Drums of Heaven & Mixed Fried Rice,22.492782,88.307956
190,2 No Basudebpur Sarbojanin Durga Puja,Mithai Ghar (Near 2 No Basudebpur Sarbojanin Durga Puja),Mithai Ghar,Sweets & Morning Snacks,690,0.69,160,Radhaballabhi & Pantua,22.497981,88.305657
190,2 No Basudebpur Sarbojanin Durga Puja,Bhojohori Manna (Near 2 No Basudebpur Sarbojanin Durga Puja),Bhojohori Manna,Traditional Bengali,830,0.83,750,Ilish Bhapa & Kochi Panthar Jhol,22.50319,88.309664
191,7er Pally Sarbojanin Durga Puja Committee,Campari Corner (Near 7er Pally Sarbojanin Durga Puja Committee),Campari Corner,Classic Cutlets,830,0.83,260,Diamond Fish Fry & Mutton Cutlet,22.488387,88.315469
191,7er Pally Sarbojanin Durga Puja Committee,Kasturi Restaurant (Near 7er Pally Sarbojanin Durga Puja Committee),Kasturi Restaurant,Bangladeshi / Bengali,580,0.58,650,Kachupata Chingri Bhapa & Bhetki Paturi,22.495795,88.318029
192,Acharya Prafulla Sangha,Chowman (Near Acharya Prafulla Sangha),Chowman,Chinese,530,0.53,650,Drums of Heaven & Mixed Fried Rice,22.497378,88.315967
192,Acharya Prafulla Sangha,Oudh 1590 (Near Acharya Prafulla Sangha),Oudh 1590,Awadhi,730,0.73,950,Galawati Kebab & Shahi Biryani,22.490097,88.316878
192,Acharya Prafulla Sangha,Kasturi Restaurant (Near Acharya Prafulla Sangha),Kasturi Restaurant,Bangladeshi / Bengali,720,0.72,650,Kachupata Chingri Bhapa & Bhetki Paturi,22.500411,88.314986
193,Ajeya Sanghati Durga Puja,Kasturi Restaurant (Near Ajeya Sanghati Durga Puja),Kasturi Restaurant,Bangladeshi / Bengali,700,0.7,650,Kachupata Chingri Bhapa & Bhetki Paturi,22.489277,88.305528
193,Ajeya Sanghati Durga Puja,Chowman (Near Ajeya Sanghati Durga Puja),Chowman,Chinese,630,0.63,650,Drums of Heaven & Mixed Fried Rice,22.497322,88.315029
194,Barisha Kumarpara Youngs' Club Durga Puja,Oudh 1590 (Near Barisha Kumarpara Youngs' Club Durga Puja),Oudh 1590,Awadhi,700,0.7,950,Galawati Kebab & Shahi Biryani,22.477151,88.308451
194,Barisha Kumarpara Youngs' Club Durga Puja,Kasturi Restaurant (Near Barisha Kumarpara Youngs' Club Durga Puja),Kasturi Restaurant,Bangladeshi / Bengali,640,0.64,650,Kachupata Chingri Bhapa & Bhetki Paturi,22.482638,88.317232
195,Barisha Maitree Sangha Durgotsab,Arsalan (Near Barisha Maitree Sangha Durgotsab),Arsalan,Mughlai,840,0.84,700,Mutton Awadhi Biryani & Firni,22.48993,88.311342
195,Barisha Maitree Sangha Durgotsab,Kasturi Restaurant (Near Barisha Maitree Sangha Durgotsab),Kasturi Restaurant,Bangladeshi / Bengali,610,0.61,650,Kachupata Chingri Bhapa & Bhetki Paturi,22.485963,88.315878
195,Barisha Maitree Sangha Durgotsab,Chowman (Near Barisha Maitree Sangha Durgotsab),Chowman,Chinese,550,0.55,650,Drums of Heaven & Mixed Fried Rice,22.484657,88.31614
196,Barisha Milani Sangha Durga Puja,Bhojohori Manna (Near Barisha Milani Sangha Durga Puja),Bhojohori Manna,Traditional Bengali,830,0.83,750,Ilish Bhapa & Kochi Panthar Jhol,22.479757,88.302924
196,Barisha Milani Sangha Durga Puja,Mithai Ghar (Near Barisha Milani Sangha Durga Puja),Mithai Ghar,Sweets & Morning Snacks,770,0.77,160,Radhaballabhi & Pantua,22.479898,88.31798
196,Barisha Milani Sangha Durga Puja,Chowman (Near Barisha Milani Sangha Durga Puja),Chowman,Chinese,660,0.66,650,Drums of Heaven & Mixed Fried Rice,22.484922,88.316097
197,Barisha Netaji Sangha Durga Puja,Campari Corner (Near Barisha Netaji Sangha Durga Puja),Campari Corner,Classic Cutlets,750,0.75,260,Diamond Fish Fry & Mutton Cutlet,22.484917,88.31506
197,Barisha Netaji Sangha Durga Puja,Chowman (Near Barisha Netaji Sangha Durga Puja),Chowman,Chinese,610,0.61,650,Drums of Heaven & Mixed Fried Rice,22.483558,88.314566
198,Barisha Sarbojanin Durgotsab,Bhojohori Manna (Near Barisha Sarbojanin Durgotsab),Bhojohori Manna,Traditional Bengali,780,0.78,750,Ilish Bhapa & Kochi Panthar Jhol,22.472427,88.311954
198,Barisha Sarbojanin Durgotsab,Chowman (Near Barisha Sarbojanin Durgotsab),Chowman,Chinese,970,0.97,650,Drums of Heaven & Mixed Fried Rice,22.485348,88.317277
198,Barisha Sarbojanin Durgotsab,Kasturi Restaurant (Near Barisha Sarbojanin Durgotsab),Kasturi Restaurant,Bangladeshi / Bengali,930,0.93,650,Kachupata Chingri Bhapa & Bhetki Paturi,22.487037,88.314042
199,Barisha Saterpalli Sammilani Durga Puja,Mithai Ghar (Near Barisha Saterpalli Sammilani Durga Puja),Mithai Ghar,Sweets & Morning Snacks,760,0.76,160,Radhaballabhi & Pantua,22.479471,88.302399
199,Barisha Saterpalli Sammilani Durga Puja,Campari Corner (Near Barisha Saterpalli Sammilani Durga Puja),Campari Corner,Classic Cutlets,900,0.9,260,Diamond Fish Fry & Mutton Cutlet,22.485926,88.313645
199,Barisha Saterpalli Sammilani Durga Puja,Oudh 1590 (Near Barisha Saterpalli Sammilani Durga Puja),Oudh 1590,Awadhi,970,0.97,950,Galawati Kebab & Shahi Biryani,22.473153,88.30238
200,Behala 11 Pally Durga Puja,Oudh 1590 (Near Behala 11 Pally Durga Puja),Oudh 1590,Awadhi,680,0.68,950,Galawati Kebab & Shahi Biryani,22.496441,88.310436
200,Behala 11 Pally Durga Puja,Mithai Ghar (Near Behala 11 Pally Durga Puja),Mithai Ghar,Sweets & Morning Snacks,880,0.88,160,Radhaballabhi & Pantua,22.486931,88.308438
200,Behala 11 Pally Durga Puja,Kasturi Restaurant (Near Behala 11 Pally Durga Puja),Kasturi Restaurant,Bangladeshi / Bengali,600,0.6,650,Kachupata Chingri Bhapa & Bhetki Paturi,22.497317,88.313796
201,Haridevpur 41 Palli,Gariahat Fast Food (Near Haridevpur 41 Palli),Gariahat Fast Food,Kolkata Street Rolls,760,0.76,200,Double Mutton Roll & Chicken Pakora,22.478241,88.344477
201,Haridevpur 41 Palli,Koshe Kosha (Near Haridevpur 41 Palli),Koshe Kosha,Authentic Bengali,590,0.59,700,Kasha Mangsho & Radhaballavi,22.485427,88.335225
201,Haridevpur 41 Palli,Maa Tara Cabin (Near Haridevpur 41 Palli),Maa Tara Cabin,Bengali Snacks Cabin,620,0.62,220,Fish Fry with Mustard Kasundi,22.485839,88.335559
202,Vivekananda Park Athletic Club Durga Puja,Koshe Kosha (Near Vivekananda Park Athletic Club Durga Puja),Koshe Kosha,Authentic Bengali,810,0.81,700,Kasha Mangsho & Radhaballavi,22.472857,88.335461
202,Vivekananda Park Athletic Club Durga Puja,Haji Biryani (Near Vivekananda Park Athletic Club Durga Puja),Haji Biryani,Budget Mughlai Biryani,580,0.58,350,Kolkata Mutton Dum Biryani,22.478103,88.343265
202,Vivekananda Park Athletic Club Durga Puja,Chowman (Near Vivekananda Park Athletic Club Durga Puja),Chowman,Chinese,770,0.77,650,Crispy Honey Chilli Chicken & Hakka Noodles,22.472849,88.337813
203,Haridevpur Nabinsathi Club,Gariahat Fast Food (Near Haridevpur Nabinsathi Club),Gariahat Fast Food,Kolkata Street Rolls,590,0.59,200,Double Mutton Roll & Chicken Pakora,22.476239,88.332394
203,Haridevpur Nabinsathi Club,Maa Tara Cabin (Near Haridevpur Nabinsathi Club),Maa Tara Cabin,Bengali Snacks Cabin,850,0.85,220,Fish Fry with Mustard Kasundi,22.473064,88.332142
204,Sodepur Jatiya Sangha Durga Puja,Koshe Kosha (Near Sodepur Jatiya Sangha Durga Puja),Koshe Kosha,Authentic Bengali,540,0.54,700,Kasha Mangsho & Radhaballavi,22.473934,88.331948
204,Sodepur Jatiya Sangha Durga Puja,Maa Tara Cabin (Near Sodepur Jatiya Sangha Durga Puja),Maa Tara Cabin,Bengali Snacks Cabin,790,0.79,220,Fish Fry with Mustard Kasundi,22.472854,88.329778
205,Adarsha Samiti Club Durga Puja,Gariahat Fast Food (Near Adarsha Samiti Club Durga Puja),Gariahat Fast Food,Kolkata Street Rolls,930,0.93,200,Double Mutton Roll & Chicken Pakora,22.468266,88.333858
205,Adarsha Samiti Club Durga Puja,Koshe Kosha (Near Adarsha Samiti Club Durga Puja),Koshe Kosha,Authentic Bengali,820,0.82,700,Kasha Mangsho & Radhaballavi,22.47395,88.34396
205,Adarsha Samiti Club Durga Puja,Balaram Mullick (Near Adarsha Samiti Club Durga Puja),Balaram Mullick,Mishti,630,0.63,220,Baked Rosogolla & Kheer Kadam,22.478343,88.330681
206,Haridevpur Vivekananda Park,Haji Biryani (Near Haridevpur Vivekananda Park),Haji Biryani,Budget Mughlai Biryani,840,0.84,350,Kolkata Mutton Dum Biryani,22.479793,88.342576
206,Haridevpur Vivekananda Park,Balaram Mullick (Near Haridevpur Vivekananda Park),Balaram Mullick,Mishti,710,0.71,220,Baked Rosogolla & Kheer Kadam,22.469384,88.337263
206,Haridevpur Vivekananda Park,Koshe Kosha (Near Haridevpur Vivekananda Park),Koshe Kosha,Authentic Bengali,680,0.68,700,Kasha Mangsho & Radhaballavi,22.479455,88.340923
207,Haridevpur Friends Club Durga Puja,Maa Tara Cabin (Near Haridevpur Friends Club Durga Puja),Maa Tara Cabin,Bengali Snacks Cabin,580,0.58,220,Fish Fry with Mustard Kasundi,22.470408,88.33912
207,Haridevpur Friends Club Durga Puja,Haji Biryani (Near Haridevpur Friends Club Durga Puja),Haji Biryani,Budget Mughlai Biryani,780,0.78,350,Kolkata Mutton Dum Biryani,22.471044,88.341902
207,Haridevpur Friends Club Durga Puja,Balaram Mullick (Near Haridevpur Friends Club Durga Puja),Balaram Mullick,Mishti,730,0.73,220,Baked Rosogolla & Kheer Kadam,22.473289,88.342077
208,Haridevpur Paschimpara Sarbojanin,Chowman (Near Haridevpur Paschimpara Sarbojanin),Chowman,Chinese,540,0.54,650,Crispy Honey Chilli Chicken & Hakka Noodles,22.477933,88.333646
208,Haridevpur Paschimpara Sarbojanin,Koshe Kosha (Near Haridevpur Paschimpara Sarbojanin),Koshe Kosha,Authentic Bengali,920,0.92,700,Kasha Mangsho & Radhaballavi,22.46609,88.339812
209,Haridevpur New Sporting Club,Haji Biryani (Near Haridevpur New Sporting Club),Haji Biryani,Budget Mughlai Biryani,850,0.85,350,Kolkata Mutton Dum Biryani,22.475482,88.342414
209,Haridevpur New Sporting Club,Gariahat Fast Food (Near Haridevpur New Sporting Club),Gariahat Fast Food,Kolkata Street Rolls,590,0.59,200,Double Mutton Roll & Chicken Pakora,22.477979,88.334589
210,Dum Dum Park Tarun Sangha,Nakur Chandra Sweets Outlet (Near Dum Dum Park Tarun Sangha),Nakur Chandra Sweets Outlet,Bengali Sweets,530,0.53,200,Ghol & Jolbhora Sandesh,22.615635,88.396805
210,Dum Dum Park Tarun Sangha,Dada Boudi Biryani Outlet (Near Dum Dum Park Tarun Sangha),Dada Boudi Biryani Outlet,Famous Biryani,750,0.75,550,Signature Mutton Biryani with Big Aloo,22.617758,88.397028
210,Dum Dum Park Tarun Sangha,Mithai Sweets (Near Dum Dum Park Tarun Sangha),Mithai Sweets,Sweets,620,0.62,180,Mishti Doi & Chanar Payesh,22.607745,88.403361
211,Dum Dum Park Bharat Chakra,Dada Boudi Biryani Outlet (Near Dum Dum Park Bharat Chakra),Dada Boudi Biryani Outlet,Famous Biryani,790,0.79,550,Signature Mutton Biryani with Big Aloo,22.614448,88.392818
211,Dum Dum Park Bharat Chakra,Nakur Chandra Sweets Outlet (Near Dum Dum Park Bharat Chakra),Nakur Chandra Sweets Outlet,Bengali Sweets,830,0.83,200,Ghol & Jolbhora Sandesh,22.60884,88.407108
212,Dum Dum Park Yubak Brinda,Mithai Sweets (Near Dum Dum Park Yubak Brinda),Mithai Sweets,Sweets,720,0.72,180,Mishti Doi & Chanar Payesh,22.614649,88.394895
212,Dum Dum Park Yubak Brinda,Arsalan (Near Dum Dum Park Yubak Brinda),Arsalan,Mughlai,850,0.85,700,Special Mutton Biryani & Chicken Chaap,22.610502,88.391372
213,Dum Dum Park Sarbojanin Durga Puja Samity,Arsalan (Near Dum Dum Park Sarbojanin Durga Puja Samity),Arsalan,Mughlai,780,0.78,700,Special Mutton Biryani & Chicken Chaap,22.611549,88.40607
213,Dum Dum Park Sarbojanin Durga Puja Samity,Nakur Chandra Sweets Outlet (Near Dum Dum Park Sarbojanin Durga Puja Samity),Nakur Chandra Sweets Outlet,Bengali Sweets,770,0.77,200,Ghol & Jolbhora Sandesh,22.615379,88.402274
213,Dum Dum Park Sarbojanin Durga Puja Samity,Mithai Sweets (Near Dum Dum Park Sarbojanin Durga Puja Samity),Mithai Sweets,Sweets,750,0.75,180,Mishti Doi & Chanar Payesh,22.609758,88.391666
214,Dakshindari Youth,Mithai Sweets (Near Dakshindari Youth),Mithai Sweets,Sweets,570,0.57,180,Mishti Doi & Chanar Payesh,22.608104,88.393158
214,Dakshindari Youth,Bhojohori Manna (Near Dakshindari Youth),Bhojohori Manna,Bengali Traditional,700,0.7,700,Chingri Malaikari & Kasha Mangsho,22.604774,88.387481
214,Dakshindari Youth,Royal Bengal Fast Food (Near Dakshindari Youth),Royal Bengal Fast Food,Fast Food,680,0.68,220,Kolkata Egg Chicken Roll & Moglai Paratha,22.608715,88.391547
215,Dum Dum Tarun Dal,Chowman (Near Dum Dum Tarun Dal),Chowman,Chinese,750,0.75,650,Chilli Garlic Noodles & Chicken Manchurian,22.614229,88.379019
215,Dum Dum Tarun Dal,Bhojohori Manna (Near Dum Dum Tarun Dal),Bhojohori Manna,Bengali Traditional,540,0.54,700,Chingri Malaikari & Kasha Mangsho,22.624194,88.383009
216,Dum Dum Tarun Sangha,Mithai Sweets (Near Dum Dum Tarun Sangha),Mithai Sweets,Sweets,730,0.73,180,Mishti Doi & Chanar Payesh,22.61515,88.375013
216,Dum Dum Tarun Sangha,Nakur Chandra Sweets Outlet (Near Dum Dum Tarun Sangha),Nakur Chandra Sweets Outlet,Bengali Sweets,760,0.76,200,Ghol & Jolbhora Sandesh,22.6171,88.385938
216,Dum Dum Tarun Sangha,Bhojohori Manna (Near Dum Dum Tarun Sangha),Bhojohori Manna,Bengali Traditional,800,0.8,700,Chingri Malaikari & Kasha Mangsho,22.624114,88.38605
217,Dum Dum Motijheel College Para Durga Puja,Bhojohori Manna (Near Dum Dum Motijheel College Para Durga Puja),Bhojohori Manna,Bengali Traditional,900,0.9,700,Chingri Malaikari & Kasha Mangsho,22.61504,88.380255
217,Dum Dum Motijheel College Para Durga Puja,Dada Boudi Biryani Outlet (Near Dum Dum Motijheel College Para Durga Puja),Dada Boudi Biryani Outlet,Famous Biryani,850,0.85,550,Signature Mutton Biryani with Big Aloo,22.620646,88.389894
217,Dum Dum Motijheel College Para Durga Puja,Mithai Sweets (Near Dum Dum Motijheel College Para Durga Puja),Mithai Sweets,Sweets,900,0.9,180,Mishti Doi & Chanar Payesh,22.617502,88.388469
218,Dum Dum Park Bharat Mata Puja,Nakur Chandra Sweets Outlet (Near Dum Dum Park Bharat Mata Puja),Nakur Chandra Sweets Outlet,Bengali Sweets,660,0.66,200,Ghol & Jolbhora Sandesh,22.614814,88.394208
218,Dum Dum Park Bharat Mata Puja,Bhojohori Manna (Near Dum Dum Park Bharat Mata Puja),Bhojohori Manna,Bengali Traditional,920,0.92,700,Chingri Malaikari & Kasha Mangsho,22.604288,88.391525
219,Nagerbazar Sarbojanin Durga Puja,Dada Boudi Biryani Outlet (Near Nagerbazar Sarbojanin Durga Puja),Dada Boudi Biryani Outlet,Famous Biryani,790,0.79,550,Signature Mutton Biryani with Big Aloo,22.626735,88.383458
219,Nagerbazar Sarbojanin Durga Puja,Royal Bengal Fast Food (Near Nagerbazar Sarbojanin Durga Puja),Royal Bengal Fast Food,Fast Food,790,0.79,220,Kolkata Egg Chicken Roll & Moglai Paratha,22.631434,88.397772
219,Nagerbazar Sarbojanin Durga Puja,Bhojohori Manna (Near Nagerbazar Sarbojanin Durga Puja),Bhojohori Manna,Bengali Traditional,810,0.81,700,Chingri Malaikari & Kasha Mangsho,22.622664,88.385636
220,New Town Sarbojanin Durga Puja,Arsalan (Near New Town Sarbojanin Durga Puja),Arsalan,Mughlai,630,0.63,700,Mutton Biryani & Mutton Chaap,22.580897,88.459324
220,New Town Sarbojanin Durga Puja,Café Ekante (Near New Town Sarbojanin Durga Puja),Café Ekante,Bengali Waterfront Dining,840,0.84,900,Bhetki Paturi & Posto Bora,22.588774,88.469636
220,New Town Sarbojanin Durga Puja,The Yellow Chilli (Near New Town Sarbojanin Durga Puja),The Yellow Chilli,North Indian,720,0.72,1100,Shaam Savera & Lalla Mussa Dal,22.58033,88.465445
221,"New Town Durga Puja Committee, BG Block","Bhojohori Manna (Near New Town Durga Puja Committee, BG Block)",Bhojohori Manna,Bengali,880,0.88,750,Kosha Mangsho & Basanti Pulao,22.592321,88.458312
221,"New Town Durga Puja Committee, BG Block","Haldiram's Bhujiawala (Near New Town Durga Puja Committee, BG Block)",Haldiram's Bhujiawala,North Indian & Snacks,920,0.92,400,Raj Kachori & Chole Bhature,22.584595,88.453496
221,"New Town Durga Puja Committee, BG Block","Aminia (Near New Town Durga Puja Committee, BG Block)",Aminia,Mughlai,550,0.55,650,Chicken Awadhi Biryani & Firni,22.588551,88.466494
222,AA 1D Sarbojanin Durga Puja,The Yellow Chilli (Near AA 1D Sarbojanin Durga Puja),The Yellow Chilli,North Indian,740,0.74,1100,Shaam Savera & Lalla Mussa Dal,22.579859,88.466766
222,AA 1D Sarbojanin Durga Puja,Haldiram's Bhujiawala (Near AA 1D Sarbojanin Durga Puja),Haldiram's Bhujiawala,North Indian & Snacks,970,0.97,400,Raj Kachori & Chole Bhature,22.57624,88.464076
223,BD Block Durga Puja,The Yellow Chilli (Near BD Block Durga Puja),The Yellow Chilli,North Indian,830,0.83,1100,Shaam Savera & Lalla Mussa Dal,22.589495,88.457402
223,BD Block Durga Puja,Haldiram's Bhujiawala (Near BD Block Durga Puja),Haldiram's Bhujiawala,North Indian & Snacks,640,0.64,400,Raj Kachori & Chole Bhature,22.581253,88.465641
223,BD Block Durga Puja,Café Ekante (Near BD Block Durga Puja),Café Ekante,Bengali Waterfront Dining,960,0.96,900,Bhetki Paturi & Posto Bora,22.585438,88.474209
224,CD Block Durga Puja,Bhojohori Manna (Near CD Block Durga Puja),Bhojohori Manna,Bengali,840,0.84,750,Kosha Mangsho & Basanti Pulao,22.583548,88.457809
224,CD Block Durga Puja,Arsalan (Near CD Block Durga Puja),Arsalan,Mughlai,740,0.74,700,Mutton Biryani & Mutton Chaap,22.579695,88.466323
224,CD Block Durga Puja,Café Ekante (Near CD Block Durga Puja),Café Ekante,Bengali Waterfront Dining,780,0.78,900,Bhetki Paturi & Posto Bora,22.592799,88.462376
225,DB Block Durga Puja,Aminia (Near DB Block Durga Puja),Aminia,Mughlai,830,0.83,650,Chicken Awadhi Biryani & Firni,22.580183,88.470273
225,DB Block Durga Puja,Echoes Kolkata (Near DB Block Durga Puja),Echoes Kolkata,Modern Indian / Continental,970,0.97,1100,Cream Cheese Tikkas & Mocktails,22.589299,88.456154
225,DB Block Durga Puja,Haldiram's Bhujiawala (Near DB Block Durga Puja),Haldiram's Bhujiawala,North Indian & Snacks,960,0.96,400,Raj Kachori & Chole Bhature,22.588566,88.455938
226,BA Block Durga Puja,Echoes Kolkata (Near BA Block Durga Puja),Echoes Kolkata,Modern Indian / Continental,560,0.56,1100,Cream Cheese Tikkas & Mocktails,22.58851,88.461519
226,BA Block Durga Puja,Arsalan (Near BA Block Durga Puja),Arsalan,Mughlai,820,0.82,700,Mutton Biryani & Mutton Chaap,22.583888,88.456046
226,BA Block Durga Puja,The Yellow Chilli (Near BA Block Durga Puja),The Yellow Chilli,North Indian,620,0.62,1100,Shaam Savera & Lalla Mussa Dal,22.58665,88.4587
227,CG Block Durga Puja,Aminia (Near CG Block Durga Puja),Aminia,Mughlai,800,0.8,650,Chicken Awadhi Biryani & Firni,22.577149,88.460373
227,CG Block Durga Puja,Chowman (Near CG Block Durga Puja),Chowman,Chinese,630,0.63,700,Manchow Soup & Kung Pao Chicken,22.580584,88.459044
227,CG Block Durga Puja,Echoes Kolkata (Near CG Block Durga Puja),Echoes Kolkata,Modern Indian / Continental,760,0.76,1100,Cream Cheese Tikkas & Mocktails,22.578885,88.458776
228,B Block Durga Puja,Chowman (Near B Block Durga Puja),Chowman,Chinese,670,0.67,700,Manchow Soup & Kung Pao Chicken,22.576677,88.464859
228,B Block Durga Puja,Bhojohori Manna (Near B Block Durga Puja),Bhojohori Manna,Bengali,830,0.83,750,Kosha Mangsho & Basanti Pulao,22.587521,88.469873
229,New Town Action Area 1 Puja Committee,Café Ekante (Near New Town Action Area 1 Puja Committee),Café Ekante,Bengali Waterfront Dining,950,0.95,900,Bhetki Paturi & Posto Bora,22.587216,88.456629
229,New Town Action Area 1 Puja Committee,The Yellow Chilli (Near New Town Action Area 1 Puja Committee),The Yellow Chilli,North Indian,740,0.74,1100,Shaam Savera & Lalla Mussa Dal,22.583102,88.469862
230,AK Block Salt Lake Durga Puja,Bhojohori Manna (Near AK Block Salt Lake Durga Puja),Bhojohori Manna,Bengali Cuisine,550,0.55,750,Bhetki Macher Paturi & Chitol Muitha,22.589596,88.406709
230,AK Block Salt Lake Durga Puja,Oudh 1590 (Near AK Block Salt Lake Durga Puja),Oudh 1590,Awadhi,820,0.82,950,Awadhi Handi Biryani & Galawati Kebab,22.589839,88.419951
230,AK Block Salt Lake Durga Puja,Balaram Mullick (Near AK Block Salt Lake Durga Puja),Balaram Mullick,Iconic Sweets,860,0.86,250,Baked Mihidana & Steamed Sandesh,22.593597,88.405264
231,BD Block Sarbojanin Durgotsab,Oudh 1590 (Near BD Block Sarbojanin Durgotsab),Oudh 1590,Awadhi,930,0.93,950,Awadhi Handi Biryani & Galawati Kebab,22.591115,88.419494
231,BD Block Sarbojanin Durgotsab,Fly Kouzina (Near BD Block Sarbojanin Durgotsab),Fly Kouzina,Vegetarian Continental,950,0.95,850,Crispy Corn & Pasta Alfredo,22.595834,88.411249
232,BJ Block Saradotsav,Balaram Mullick (Near BJ Block Saradotsav),Balaram Mullick,Iconic Sweets,960,0.96,250,Baked Mihidana & Steamed Sandesh,22.592073,88.413637
232,BJ Block Saradotsav,Arsalan (Near BJ Block Saradotsav),Arsalan,Mughlai,930,0.93,700,Mutton Biryani & Murgh Rezala,22.592618,88.418344
232,BJ Block Saradotsav,Bhojohori Manna (Near BJ Block Saradotsav),Bhojohori Manna,Bengali Cuisine,780,0.78,750,Bhetki Macher Paturi & Chitol Muitha,22.589823,88.42256
233,FD Block Durga Puja,Chowman (Near FD Block Durga Puja),Chowman,Chinese,770,0.77,700,Shanghai Chilli Chicken & Fried Rice,22.569575,88.411509
233,FD Block Durga Puja,Fly Kouzina (Near FD Block Durga Puja),Fly Kouzina,Vegetarian Continental,950,0.95,850,Crispy Corn & Pasta Alfredo,22.58163,88.403782
233,FD Block Durga Puja,Bhojohori Manna (Near FD Block Durga Puja),Bhojohori Manna,Bengali Cuisine,740,0.74,750,Bhetki Macher Paturi & Chitol Muitha,22.578887,88.417962
234,HB Block Durga Puja,Bhojohori Manna (Near HB Block Durga Puja),Bhojohori Manna,Bengali Cuisine,860,0.86,750,Bhetki Macher Paturi & Chitol Muitha,22.577373,88.409307
234,HB Block Durga Puja,Arsalan (Near HB Block Durga Puja),Arsalan,Mughlai,850,0.85,700,Mutton Biryani & Murgh Rezala,22.589669,88.416754
235,EC Block Durga Puja,Chowman (Near EC Block Durga Puja),Chowman,Chinese,870,0.87,700,Shanghai Chilli Chicken & Fried Rice,22.584884,88.423966
235,EC Block Durga Puja,Balaram Mullick (Near EC Block Durga Puja),Balaram Mullick,Iconic Sweets,910,0.91,250,Baked Mihidana & Steamed Sandesh,22.587901,88.411076
235,EC Block Durga Puja,Bhojohori Manna (Near EC Block Durga Puja),Bhojohori Manna,Bengali Cuisine,910,0.91,750,Bhetki Macher Paturi & Chitol Muitha,22.573232,88.415573
236,EE Block Durga Puja,Gupta Brothers (Near EE Block Durga Puja),Gupta Brothers,Sweets & North Indian,560,0.56,380,Kesaria Jalebi & Chole Bhature,22.585676,88.415108
236,EE Block Durga Puja,Bhojohori Manna (Near EE Block Durga Puja),Bhojohori Manna,Bengali Cuisine,740,0.74,750,Bhetki Macher Paturi & Chitol Muitha,22.586801,88.412909
237,Salt Lake Labony Estate Durga Puja,Chowman (Near Salt Lake Labony Estate Durga Puja),Chowman,Chinese,630,0.63,700,Shanghai Chilli Chicken & Fried Rice,22.585146,88.407895
237,Salt Lake Labony Estate Durga Puja,Fly Kouzina (Near Salt Lake Labony Estate Durga Puja),Fly Kouzina,Vegetarian Continental,960,0.96,850,Crispy Corn & Pasta Alfredo,22.582228,88.42287
238,Behala Nutan Dal Durga Puja,Chowman (Near Behala Nutan Dal Durga Puja),Chowman,Chinese,690,0.69,650,Drums of Heaven & Mixed Fried Rice,22.489548,88.324707
238,Behala Nutan Dal Durga Puja,Mithai Ghar (Near Behala Nutan Dal Durga Puja),Mithai Ghar,Sweets & Morning Snacks,830,0.83,160,Radhaballabhi & Pantua,22.481682,88.319764
239,Behala Friends Durga Puja,Oudh 1590 (Near Behala Friends Durga Puja),Oudh 1590,Awadhi,750,0.75,950,Galawati Kebab & Shahi Biryani,22.498375,88.311558
239,Behala Friends Durga Puja,Mithai Ghar (Near Behala Friends Durga Puja),Mithai Ghar,Sweets & Morning Snacks,840,0.84,160,Radhaballabhi & Pantua,22.490172,88.323598
240,Behala Club Durga Puja,Mithai Ghar (Near Behala Club Durga Puja),Mithai Ghar,Sweets & Morning Snacks,690,0.69,160,Radhaballabhi & Pantua,22.493471,88.323008
240,Behala Club Durga Puja,Chowman (Near Behala Club Durga Puja),Chowman,Chinese,970,0.97,650,Drums of Heaven & Mixed Fried Rice,22.483733,88.317688
241,Behala Young Men's Association Durga Puja,Mithai Ghar (Near Behala Young Men's Association Durga Puja),Mithai Ghar,Sweets & Morning Snacks,710,0.71,160,Radhaballabhi & Pantua,22.485529,88.313632
241,Behala Young Men's Association Durga Puja,Kasturi Restaurant (Near Behala Young Men's Association Durga Puja),Kasturi Restaurant,Bangladeshi / Bengali,740,0.74,650,Kachupata Chingri Bhapa & Bhetki Paturi,22.485138,88.314054
241,Behala Young Men's Association Durga Puja,Chowman (Near Behala Young Men's Association Durga Puja),Chowman,Chinese,830,0.83,650,Drums of Heaven & Mixed Fried Rice,22.493125,88.323645
242,Barisha Club Durga Puja,Mithai Ghar (Near Barisha Club Durga Puja),Mithai Ghar,Sweets & Morning Snacks,920,0.92,160,Radhaballabhi & Pantua,22.489366,88.316435
242,Barisha Club Durga Puja,Kasturi Restaurant (Near Barisha Club Durga Puja),Kasturi Restaurant,Bangladeshi / Bengali,730,0.73,650,Kachupata Chingri Bhapa & Bhetki Paturi,22.480232,88.305234
243,Barisha Janakalyan Sangha Durga Puja,Kasturi Restaurant (Near Barisha Janakalyan Sangha Durga Puja),Kasturi Restaurant,Bangladeshi / Bengali,550,0.55,650,Kachupata Chingri Bhapa & Bhetki Paturi,22.475259,88.307446
243,Barisha Janakalyan Sangha Durga Puja,Bhojohori Manna (Near Barisha Janakalyan Sangha Durga Puja),Bhojohori Manna,Traditional Bengali,750,0.75,750,Ilish Bhapa & Kochi Panthar Jhol,22.473925,88.305807
244,Mudiali Club Durga Puja,Bedwin (Near Mudiali Club Durga Puja),Bedwin,Fast Food Roll Corner,910,0.91,200,Kathi Chicken Egg Roll,22.505826,88.352796
244,Mudiali Club Durga Puja,Bhojohori Manna (Near Mudiali Club Durga Puja),Bhojohori Manna,Traditional Bengali,830,0.83,750,"Ilish Bhapa, Kosha Mangsho & Basanti Pulao",22.511963,88.341737
245,Hazra Park Sarbojanin Durga Puja,Balaram Mullick & Radharaman Mullick (Near Hazra Park Sarbojanin Durga Puja),Balaram Mullick & Radharaman Mullick,Iconic Mishti,550,0.55,250,Baked Rosogolla & Mango Sandesh,22.527372,88.349966
245,Hazra Park Sarbojanin Durga Puja,Koshe Kosha (Near Hazra Park Sarbojanin Durga Puja),Koshe Kosha,Authentic Bengali,710,0.71,700,Kosha Mangsho with Luchi,22.518102,88.343324
245,Hazra Park Sarbojanin Durga Puja,Roastery Coffee House (Near Hazra Park Sarbojanin Durga Puja),Roastery Coffee House,Cafe & Continental,780,0.78,800,Cranberry Cold Brew & Mac and Cheese,22.520722,88.339313
246,Bosepukur Sitala Mandir Durga Puja,6 Ballygunge Place (Near Bosepukur Sitala Mandir Durga Puja),6 Ballygunge Place,Heritage Bengali,900,0.9,1100,Dab Chingri & Kosha Mangsho,22.515297,88.375485
246,Bosepukur Sitala Mandir Durga Puja,Roastery Coffee House (Near Bosepukur Sitala Mandir Durga Puja),Roastery Coffee House,Cafe & Continental,790,0.79,800,Cranberry Cold Brew & Mac and Cheese,22.522369,88.386391
246,Bosepukur Sitala Mandir Durga Puja,Arsalan (Near Bosepukur Sitala Mandir Durga Puja),Arsalan,Mughlai,680,0.68,750,Mutton Special Biryani & Firni,22.521175,88.386813
247,Rajdanga Naba Udayan Sangha Durga Puja,Balaram Mullick & Radharaman Mullick (Near Rajdanga Naba Udayan Sangha Durga Puja),Balaram Mullick & Radharaman Mullick,Iconic Mishti,530,0.53,250,Baked Rosogolla & Mango Sandesh,22.506983,88.391815
247,Rajdanga Naba Udayan Sangha Durga Puja,Banana Leaf (Near Rajdanga Naba Udayan Sangha Durga Puja),Banana Leaf,South Indian,870,0.87,350,Ghee Roast Masala Dosa & Filter Coffee,22.511793,88.380605
248,Shibmandir Durga Puja,The Yellow Turtle (Near Shibmandir Durga Puja),The Yellow Turtle,Pan-Asian,920,0.92,850,Dim Sums & Hakka Noodles,22.522167,88.345899
248,Shibmandir Durga Puja,Roastery Coffee House (Near Shibmandir Durga Puja),Roastery Coffee House,Cafe & Continental,690,0.69,800,Cranberry Cold Brew & Mac and Cheese,22.512674,88.344726
248,Shibmandir Durga Puja,Bijoli Grill (Near Shibmandir Durga Puja),Bijoli Grill,Bengali Seafood & Snacks,820,0.82,500,Bhetki Fish Batter Fry & Prawn Cutlet,22.508043,88.348896
